id	length	label	vhh_score	aa37	aa44	aa45	aa47
AM773729|IGHV1-1*01|Vicugna pacos|F|V-REGION|32643..32938|296 nt|1| | | | |296+24=320| |rev-compl|	98	VHH	2.5	Y	Q	A	G
AM939697|IGHV1S2*01|Vicugna pacos|F|V-REGION|1..288|288 nt|1| | | | |288+24=312|partial in 3'| |	96	VHH	2.5	Y	Q	A	G
AM939698|IGHV1S3*01|Vicugna pacos|F|V-REGION|1..288|288 nt|1| | | | |288+24=312|partial in 3'| |	96	VHH	2.5	Y	Q	A	G
AM939699|IGHV1S4*01|Vicugna pacos|F|V-REGION|1..288|288 nt|1| | | | |288+24=312|partial in 3'| |	96	VHH	2.5	Y	Q	A	G
AM939700|IGHV1S5*01|Vicugna pacos|P|V-REGION|1..288|288 nt|1| | | | |288+24=312|partial in 3'| |	95	VHH	2.5	Y	Q	A	G
AM939701|IGHV1S6*01|Vicugna pacos|F|V-REGION|1..288|288 nt|1| | | | |288+24=312|partial in 3'| |	96	VHH	2.5	Y	Q	A	G
AM773729|IGHV3-1*01|Vicugna pacos|F|V-REGION|12791..13086|296 nt|1| | | | |296+24=320| | |	98	VHH	2.5	Y	Q	A	G
AM773729|IGHV3-2*01|Vicugna pacos|F|V-REGION|27864..28159|296 nt|1| | | | |296+24=320| |rev-compl|	98	VHH	2.5	Y	Q	A	G
AM773729|IGHV3-3*01|Vicugna pacos|F|V-REGION|685..980|296 nt|1| | | | |296+24=320| | |	98	VHH	2.5	Y	Q	A	G
AM773548|IGHV3S1*01|Vicugna pacos|F|V-REGION|6852..7147|296 nt|1| | | | |296+24=320| | |	98	VHH	2.5	Y	Q	A	G
AM939768|IGHV3S10*01|Vicugna pacos|F|V-REGION|1..285|285 nt|1| | | | |285+27=312|partial in 3'| |	95	VHH	2.5	Y	Q	A	G
AM939707|IGHV3S11*01|Vicugna pacos|F|V-REGION|1..288|288 nt|1| | | | |288+24=312|partial in 3'| |	96	VHH	2.5	Y	Q	A	G
AM939708|IGHV3S12*01|Vicugna pacos|F|V-REGION|1..288|288 nt|1| | | | |288+24=312|partial in 3'| |	96	VHH	2.5	Y	Q	A	G
AM939709|IGHV3S13*01|Vicugna pacos|F|V-REGION|1..288|288 nt|1| | | | |288+24=312|partial in 3'| |	96	VHH	2.5	Y	Q	A	G
AM939710|IGHV3S14*01|Vicugna pacos|F|V-REGION|1..288|288 nt|1| | | | |288+24=312|partial in 3'| |	96	VHH	2.5	Y	Q	A	G
AM939711|IGHV3S15*01|Vicugna pacos|F|V-REGION|1..288|288 nt|1| | | | |288+24=312|partial in 3'| |	96	VHH	2.5	Y	Q	A	G
AM939712|IGHV3S16*01|Vicugna pacos|F|V-REGION|1..288|288 nt|1| | | | |288+24=312|partial in 3'| |	96	VHH	2.5	Y	Q	A	G
AM939713|IGHV3S17*01|Vicugna pacos|F|V-REGION|1..288|288 nt|1| | | | |288+24=312|partial in 3'| |	96	VH	1.5	Y	H	S	G
AM939714|IGHV3S18*01|Vicugna pacos|F|V-REGION|1..288|288 nt|1| | | | |288+24=312|partial in 3'| |	96	VHH	2.5	Y	Q	A	G
AM939715|IGHV3S19*01|Vicugna pacos|P|V-REGION|1..288|288 nt|1| | | | |288+24=312|partial in 3'| |	95	VHH	2.5	Y	Q	A	G
AM939716|IGHV3S2*01|Vicugna pacos|F|V-REGION|1..288|288 nt|1| | | | |288+24=312|partial in 3'| |	96	VHH	2.5	S	Q	A	G
AM939718|IGHV3S20*01|Vicugna pacos|F|V-REGION|1..288|288 nt|1| | | | |288+24=312|partial in 3'| |	96	VHH	2.5	H	Q	A	G
AM939719|IGHV3S21*01|Vicugna pacos|P|V-REGION|1..288|288 nt|1| | | | |288+24=312|partial in 3'| |	95	VH	1.5	Y	H	S	G
AM939720|IGHV3S22*01|Vicugna pacos|P|V-REGION|1..288|288 nt|1| | | | |288+24=312|partial in 3'| |	95	VH	1.5	Y	H	S	G
AM939721|IGHV3S23*01|Vicugna pacos|P|V-REGION|1..288|288 nt|1| | | | |288+24=312|partial in 3'| |	95	VH	1.5	Y	H	S	G
AM939722|IGHV3S24*01|Vicugna pacos|P|V-REGION|1..288|288 nt|1| | | | |288+24=312|partial in 3'| |	95	VH	1.5	Y	H	A	G
AM939723|IGHV3S25*01|Vicugna pacos|F|V-REGION|1..288|288 nt|1| | | | |288+24=312|partial in 3'| |	96	VHH	2.5	Y	Q	A	G
AM939724|IGHV3S26*01|Vicugna pacos|F|V-REGION|1..288|288 nt|1| | | | |288+24=312|partial in 3'| |	96	VHH	2.5	Y	Q	A	G
AM939725|IGHV3S27*01|Vicugna pacos|F|V-REGION|1..288|288 nt|1| | | | |288+24=312|partial in 3'| |	96	VHH	2.5	Y	Q	A	G
AM939726|IGHV3S28*01|Vicugna pacos|F|V-REGION|1..288|288 nt|1| | | | |288+24=312|partial in 3'| |	96	VHH	2.5	Y	Q	A	G
AM939727|IGHV3S29*01|Vicugna pacos|F|V-REGION|1..288|288 nt|1| | | | |288+24=312|partial in 3'| |	96	VHH	2.5	Y	Q	A	G
AM939728|IGHV3S3*01|Vicugna pacos|ORF|V-REGION|1..288|288 nt|1| | | | |288+24=312|partial in 3'| |	96	VHH	2.5	S	Q	V	G
AM939729|IGHV3S30*01|Vicugna pacos|F|V-REGION|1..288|288 nt|1| | | | |288+24=312|partial in 3'| |	96	VHH	2.5	Y	Q	A	G
AM939730|IGHV3S31*01|Vicugna pacos|F|V-REGION|1..288|288 nt|1| | | | |288+24=312|partial in 3'| |	96	VHH	2.5	Y	Q	A	G
AM939731|IGHV3S32*01|Vicugna pacos|F|V-REGION|1..288|288 nt|1| | | | |288+24=312|partial in 3'| |	96	VHH	2.5	Y	Q	A	G
AM939732|IGHV3S33*01|Vicugna pacos|F|V-REGION|1..288|288 nt|1| | | | |288+24=312|partial in 3'| |	96	VHH	2.5	Y	Q	A	G
AM939733|IGHV3S34*01|Vicugna pacos|F|V-REGION|1..288|288 nt|1| | | | |288+24=312|partial in 3'| |	96	VHH	2.5	Y	Q	A	G
AM939734|IGHV3S35*01|Vicugna pacos|F|V-REGION|1..288|288 nt|1| | | | |288+24=312|partial in 3'| |	96	VHH	2.5	Y	Q	A	G
AM939735|IGHV3S36*01|Vicugna pacos|F|V-REGION|1..288|288 nt|1| | | | |288+24=312|partial in 3'| |	96	VHH	2.5	Y	Q	A	G
AM939736|IGHV3S37*01|Vicugna pacos|F|V-REGION|1..288|288 nt|1| | | | |288+24=312|partial in 3'| |	96	VH	1.5	Y	R	A	G
AM939717|IGHV3S38*01|Vicugna pacos|F|V-REGION|1..288|288 nt|1| | | | |288+24=312|partial in 3'| |	96	VH	1.5	Y	R	A	G
AM939737|IGHV3S39*01|Vicugna pacos|F|V-REGION|1..288|288 nt|1| | | | |288+24=312|partial in 3'| |	96	VHH	2.5	Y	Q	A	G
AM939738|IGHV3S4*01|Vicugna pacos|F|V-REGION|1..288|288 nt|1| | | | |288+24=312|partial in 3'| |	96	VHH	2.5	S	Q	A	G
AM939739|IGHV3S40*01|Vicugna pacos|F|V-REGION|1..288|288 nt|1| | | | |288+24=312|partial in 3'| |	96	VHH	2.5	Y	Q	A	G
AM939740|IGHV3S41*01|Vicugna pacos|F|V-REGION|1..288|288 nt|1| | | | |288+24=312|partial in 3'| |	96	VHH	2.5	Y	Q	A	G
AM939741|IGHV3S42*01|Vicugna pacos|F|V-REGION|1..288|288 nt|1| | | | |288+24=312|partial in 3'| |	96	VHH	2.5	Y	Q	A	G
AM939742|IGHV3S43*01|Vicugna pacos|F|V-REGION|1..288|288 nt|1| | | | |288+24=312|partial in 3'| |	96	VH	1.5	Y	H	S	G
AM939743|IGHV3S44*01|Vicugna pacos|F|V-REGION|1..288|288 nt|1| | | | |288+24=312|partial in 3'| |	96	VHH	2.5	Y	Q	A	G
AM939744|IGHV3S45*01|Vicugna pacos|F|V-REGION|1..288|288 nt|1| | | | |288+24=312|partial in 3'| |	96	VHH	2.5	Y	Q	A	G
AM939745|IGHV3S46*01|Vicugna pacos|F|V-REGION|1..288|288 nt|1| | | | |288+24=312|partial in 3'| |	96	VH	1.5	Y	H	S	G
AM939746|IGHV3S47*01|Vicugna pacos|P|V-REGION|1..288|288 nt|1| | | | |288+24=312|partial in 3'| |	95	VHH	2.5	Y	Q	A	G
AM939747|IGHV3S48*01|Vicugna pacos|P|V-REGION|1..288|288 nt|1| | | | |288+24=312|partial in 3'| |	94	VH	0.5	Y	H	A	-
AM939748|IGHV3S5*01|Vicugna pacos|F|V-REGION|1..288|288 nt|1| | | | |288+24=312|partial in 3'| |	96	VHH	2.5	Y	Q	A	G
AM773548|IGHV3S53*01|Vicugna pacos|F|V-REGION|33845..34137|293 nt|1| | | | |293+27=320| | |	97	VHH	2.5	N	Q	A	G
AM939756|IGHV3S54*01|Vicugna pacos|F|V-REGION|1..288|288 nt|1| | | | |288+24=312|partial in 3'| |	96	VHH	2.5	N	Q	A	G
AM939763|IGHV3S55*01|Vicugna pacos|F|V-REGION|1..285|285 nt|1| | | | |285+27=312|partial in 3'| |	95	VHH	2.5	Y	Q	A	G
AM939764|IGHV3S56*01|Vicugna pacos|F|V-REGION|1..285|285 nt|1| | | | |285+27=312|partial in 3'| |	95	VHH	2.5	Y	Q	A	G
AM939765|IGHV3S57*01|Vicugna pacos|F|V-REGION|1..285|285 nt|1| | | | |285+27=312|partial in 3'| |	95	VHH	2.5	Y	Q	A	G
AM939752|IGHV3S58*01|Vicugna pacos|F|V-REGION|1..288|288 nt|1| | | | |288+24=312|partial in 3'| |	96	VHH	2.5	Y	Q	A	G
AM939753|IGHV3S59*01|Vicugna pacos|F|V-REGION|1..288|288 nt|1| | | | |288+24=312|partial in 3'| |	96	VHH	2.5	Y	Q	A	G
AM939749|IGHV3S6*01|Vicugna pacos|F|V-REGION|1..288|288 nt|1| | | | |288+24=312|partial in 3'| |	96	VHH	2.5	Y	Q	A	G
AM939754|IGHV3S60*01|Vicugna pacos|F|V-REGION|1..288|288 nt|1| | | | |288+24=312|partial in 3'| |	96	VHH	2.5	Y	Q	A	G
AM939757|IGHV3S61*01|Vicugna pacos|F|V-REGION|1..288|288 nt|1| | | | |288+24=312|partial in 3'| |	96	VHH	2.5	Y	Q	A	G
AM939758|IGHV3S62*01|Vicugna pacos|F|V-REGION|1..288|288 nt|1| | | | |288+24=312|partial in 3'| |	96	VHH	2.5	Y	Q	A	G
AM939759|IGHV3S63*01|Vicugna pacos|F|V-REGION|1..288|288 nt|1| | | | |288+24=312|partial in 3'| |	96	VHH	2.5	Y	Q	A	G
AM939760|IGHV3S64*01|Vicugna pacos|F|V-REGION|1..288|288 nt|1| | | | |288+24=312|partial in 3'| |	96	VHH	2.5	Y	Q	A	G
AM939761|IGHV3S65*01|Vicugna pacos|F|V-REGION|1..288|288 nt|1| | | | |288+24=312|partial in 3'| |	96	VHH	2.5	Y	Q	A	G
AM939762|IGHV3S66*01|Vicugna pacos|F|V-REGION|1..288|288 nt|1| | | | |288+24=312|partial in 3'| |	96	VHH	2.5	Y	Q	A	G
AM939766|IGHV3S67*01|Vicugna pacos|F|V-REGION|1..285|285 nt|1| | | | |285+27=312|partial in 3'| |	95	VHH	2.5	Y	Q	A	G
AM939755|IGHV3S68*01|Vicugna pacos|F|V-REGION|1..288|288 nt|1| | | | |288+24=312|partial in 3'| |	96	VHH	2.5	S	Q	A	G
AM939750|IGHV3S7*01|Vicugna pacos|F|V-REGION|1..288|288 nt|1| | | | |288+24=312|partial in 3'| |	96	VHH	2.5	S	Q	A	G
AM939751|IGHV3S8*01|Vicugna pacos|F|V-REGION|1..285|285 nt|1| | | | |285+27=312|partial in 3'| |	95	VHH	2.5	Y	Q	V	G
AM939767|IGHV3S9*01|Vicugna pacos|F|V-REGION|1..285|285 nt|1| | | | |285+27=312|partial in 3'| |	95	VHH	2.5	Y	Q	V	G
AM773548|IGHV4S1*01|Vicugna pacos|F|V-REGION|23907..24205|299 nt|1| | | | |299+21=320| | |	99	VHH	2.5	Y	Q	P	G
AM939702|IGHV4S10*01|Vicugna pacos|F|V-REGION|1..288|288 nt|1| | | | |288+24=312|partial in 3'| |	96	VHH	2.5	Y	Q	P	G
AM939703|IGHV4S11*01|Vicugna pacos|P|V-REGION|1..288|288 nt|1| | | | |288+24=312|partial in 3'| |	95	VHH	2.5	Y	Q	P	G
AM939769|IGHV4S2*01|Vicugna pacos|F|V-REGION|1..291|291 nt|1| | | | |291+21=312|partial in 3'| |	97	VHH	2.5	Y	Q	P	G
AM939770|IGHV4S3*01|Vicugna pacos|F|V-REGION|1..291|291 nt|1| | | | |291+21=312|partial in 3'| |	97	VHH	2.5	Y	Q	P	G
AM939771|IGHV4S4*01|Vicugna pacos|F|V-REGION|1..291|291 nt|1| | | | |291+21=312|partial in 3'| |	97	VHH	2.5	Y	Q	P	G
AM939772|IGHV4S5*01|Vicugna pacos|F|V-REGION|1..291|291 nt|1| | | | |291+21=312|partial in 3'| |	97	VHH	2.5	Y	Q	P	G
AM939773|IGHV4S6*01|Vicugna pacos|F|V-REGION|1..291|291 nt|1| | | | |291+21=312|partial in 3'| |	97	VHH	2.5	Y	Q	P	G
AM939704|IGHV4S7*01|Vicugna pacos|F|V-REGION|1..288|288 nt|1| | | | |288+24=312|partial in 3'| |	96	VH	1.5	Y	Q	P	E
AM939705|IGHV4S8*01|Vicugna pacos|F|V-REGION|1..288|288 nt|1| | | | |288+24=312|partial in 3'| |	96	VHH	2.5	Y	Q	P	G
AM939706|IGHV4S9*01|Vicugna pacos|P|V-REGION|1..288|288 nt|1| | | | |288+24=312|partial in 3'| |	94	VHH	2.5	Y	Q	P	G
