antibody_id,fr1_sequence,fr1_length,fr2_sequence,fr2_length,fr3_sequence,fr3_length,fr4_sequence,fr4_length,cdr3_start_imgt,cdr3_end_imgt,h3_length,h3_sequence,strategy_group,h2_class
Brivekimig1,DVQLVESGGGVVQPGGSLRLSCAAS,25,KGWFRQAPGKEREFVAA,17,SYADSVKGRFTISRDNSKNTVYLQMNSLRPEDTALYYC,38,WGQGTLVTVSS,11,105,117,16,AAVGGATTVTASEWDY,Native,H2-10-1
Brivekimig2,EVQLVESGGGVVQPGGSLRLSCAAS,25,MSWVRQAPGKGPEWVSS,17,LYADSVKGRFTISRDNSKNTLYLQMNSLRPEDTALYYC,38,SSQGTLVTVSS,11,105,117,8,TIGGSLSR,BM,H2-10-1
Caplacizumab,EVQLVESGGGLVQPGGSLRLSCAAS,25,MGWFRQAPGKGRELVAA,17,YYPDSVEGRFTISRDNAKRMVYLQMNSLRAEDTAVYYC,38,WGQGTQVTVSS,11,105,117,21,AAAGVRAEDGRVRTLPSEYTF,SR,H2-10-1
Enristomig,EVQLLESGGGEVQPGGSLRLSCAAS,25,ISWYRQAPGKQREWVST,17,NYAESVKGRFTISRDNAKNTLYLQMSSLRAEDTAVYYC,38,WGQGTLVTVKP,11,105,117,5,NVFEY,BM,H2-9-1
Envafolimab,QVQLVESGGGLVQPGGSLRLSCAAS,25,MAWFRQAPGKERERVAK,17,YLADSVKGRFTISRDNSKNTVYLQMNSLRAEDTAVYYC,38,WGQGTLVTVSS,11,105,117,21,AADSFEDPTCTLVTSSGAFQY,SR,H2-10-1
Erfonrilimab,QVQLVESGGGLVQPGGSLRLSCAAS,25,MAWFRQAPGKERERVAK,17,YLADSVKGRFTISRDNSKNTVYLQMNSLRAEDTAVYYC,38,WGQGTLVTVSS,11,105,117,21,AADSFEDPTCTLVTSSGAFQY,SR,H2-10-1
Gefurulimab,EVQLVESGGGLVKPGGSLRLSCAAS,25,AAWFRQAPGKEREFVSA,17,TYADSVKGRFTISRDNAKNSLYLQMNSLRAEDTAVYYC,38,WGQGTLVTVSS,11,105,117,17,AAVFRVVAPKTQYDYDY,BM,H2-9-1
Gocatamig2,EVQLVESGGGLVQPGGSLTLSCAAS,25,LAWYRQAPGKKRELVAG,17,VYMDSVKGRFTISRDNAKNSVYLQMNSLRAEDTAVYYC,38,WGQGTLVTVSS,11,105,117,11,YAYSWITRSPY,BM,H2-9-1
Isecarosmab,DVQLVESGGGVVQPGGSLRLSCAAS,25,MGWFRQAPGKEREFVAG,17,YYVDSLKGRFTISRDNSKNTVYLQMNSLRPEDTALYYC,38,WGQGTLVTVSS,11,105,117,17,AADLDPNRIFSREEYAY,Native,H2-10-1
Letolizumab,EVQLLESGGGLVQPGGSLRLSCAAS,25,MGWARQAPGKGLEWVSG,17,YYADSVKGRFTISRDNSKNTLYLQMNSLRAEDTAVYYC,38,RGQGTLVTVSS,11,105,117,11,VKVGKDAKSDY,BM,H2-10-1
Ozekibart,EVQLLESGGGEVQPGGSLRLSCAAS,25,MGWFRQAPGKEREFVSA,17,YYAESVKGRFTISRDNAKNTLYLQMSSLRAEDTAVYYC,38,WGQGTLVTVKP,11,105,117,16,AVTIRGAATQTWKYDY,BM,H2-10-1
Ozoralizumab,EVQLVESGGGLVQPGGSLRLSCAAS,25,MYWVRQAPGKGLEWVSE,17,KYPDSVKGRFTISRDNAKNTLYLQMNSLRPEDTAVYYC,38,RGQGTLVTVSS,11,105,117,8,ARSPSGFN,SR,H2-10-1
Podentamig1,EVQLVESGGGLVQPGRSLTLSCAAS,25,YGWYRQAPGKQRELVAA,17,LYADSVKGRFTISRDNAKNSIYLQMNSLRPEDTALYYC,38,WGQGTQVTVSS,11,105,117,14,NKVPWGDYHPGNVY,Native,unknown
Porustobart,EVQLVESGGGLIQPGGSLRLSCAVS,25,MSWVRQAPGKGLEWVSV,17,TYADSVKGRFTISRDNSKNTLYLQMNSLRAEDTAVYYC,38,WGQGTMVTVSS,11,105,117,13,ARAVPHSPSSFDI,BM,H2-9-1
Rimteravimab,DVQLVESGGGLVQPGGSLRLSCAAS,25,MGWFRQAPGKEREFVAT,17,YYTDSVKGRFTISRDNAKNTVYLQMNSLRPEDTAVYYC,38,WGQGTLVTVSS,11,105,117,18,AAAGLGTVVSEWDYDYDY,SR,H2-10-1
Sonelokimab1,DVQLVESGGGLVQPGGSLRLSCAAS,25,VGWFRQAPGKEREFIGA,17,YYAVSEKGRFTISRDNSKNTLYLQMNSLRPEDTAVYYC,38,WGQGTLVTVSS,11,105,117,16,TADQEFGYLRFGRSEY,Native,H2-10-1
Sonelokimab2,EVQLVESGGGLVQPGGSLRLSCAAS,25,MGWLRQAPGKEREFVAA,17,YYADSVKGRFTISRDNSKNTLYLQMNSLRPEDTAVYYC,38,WGQGTLVTVSS,11,105,117,17,ATRRGLYYVWDANDYEN,SR,H2-10-1
Tarperprumig,QVQLVESGGGLVKPGGSLRLSCAAS,25,AAWFRQAPGKEREFVSA,17,TYADSVKGRFTISRDNAKNSLYLQMNSLRAEDTAVYYC,38,WGQGTLVTVSS,11,105,117,17,AAVFRVVAPKTQYDYDY,BM,H2-9-1
Vobarilizumab,EVQLVESGGGLVQPGGSLRLSCAAS,25,MAWYRQAPGKGRELVAG,17,SYADSVKGRFTISRDNAKNTLYLQMNSLRPEDTAVYYC,38,WGQGTLVTVSS,11,105,117,15,AFITTESDYDLGRRY,SR,H2-9-1
