antibody_id,phase,format,genetics,target,heavy_aa,light_aa
Abazistobart,preclinical,monospecific_IgG_Fab,humanised_engineered,PDCD1/CD279/PD1,EVKLVESGGGLVQPGGSLRLSCAASGFAFSSYDMSWVRQAPGKRLEWVATISGGGRYTYYPDTVKGRFTISRDNAKNSHYLQMNSLRAEDTAVYFCASPYGGYFDVWGQGTLVTVSS,EIVLTQSPATLSLSPGERATLSCRASQSISNFLHWYQQKPGQAPRLLIKYASQSISGIPARFSGSGSGTDFTLTISSLEPEDFAVYFCQQSNSWPHTFGQGTKVEIK
Adezkibart,preclinical,monospecific_IgG_Fab,genetically_human,FLT3LG,QVQLVQSGAEVKKPGSSVKVSCKASGGTFSSYALSWVRQAPGQGLEWMGTRPPTSRTASYAQKFQGRVTITVDESTSTGYMELSSLRSEDTAVYYCASNDFVYGSYRFWGQGTTVTVSS,NFMLTQPHSVSESPGKTVTISCTRTSGNIAGYFVQWYQQRPGSSPTTVIYEDYQRPSGVPDRFSGSIDSSSNSASLTISGLKTEDEADYYCQSYDDYRRAAFGGGTKLTVL
Adimanebart,preclinical,monospecific_IgG_Fab,humanised,MUSK,EVQLLESGGGLVQPGGSLRLSCAASGFTFSDYGMSWVRQAPGKGLEWVSAIPWSGGSTYYKESVKGRFTISRDNSKNTLYLQMNSLRAEDTAVYYCAKRSGRIAFGALDAWGQGTLVTVSS,QTVVTQEPSFSVSPGGTVTLTCGLSSGSVTSSNYPDWYQQTPGQAPRTLIYSTDSRHSGVPDRFSGSILGNKAALTITGAQADDESDYYCGLYSYSGSKNYVFGGGTKLTVL
Alpitatug,preclinical,monospecific_IgG_Fab,humanised,KLK2/KLK2A2/hGK-1/hK2,QVQLQESGPGLVKPSDTLSLTCAVSGNSITSDYAWNWIRQPPGKGLEWIGYISYSGSTTYNPSLKSRVTMSRDTSKNQFSLKLSSVTAVDTAVYYCATGYYYGSGFWGQGTLVTVSS,DIVLTQSPDSLAVSLGERATINCKASESVEYFGTSLMHWYQQKPGQPPKLLIYAASNRESGVPDRFSGSGSGTDFTLTISSLQAEDVAVYYCQQTRKVPYTFGQGTKLEIK
Amdokitug,preclinical,monospecific_IgG_Fab,humanised_engineered,IL17A,EVQLVESGGGLVQPGGSLRLSCAASGFTFSSFDMSWGRQAPGKRLEWVAFMSSGGSTYYPDSVKGRFTISRDNSKNTLYLQMNSLRAEDTAVYYCARGERYGSYWGQGTLVTVSS,DIQMTQSPSSLSASVGDRVTITCKASDHINNWLAWYQQKPGKAPKLLISGATSLETGVPSRFSGSGSGTDYTLTISSLQPEDFATYYCQQYWSTPFTFGSGTKLEIK
Amtabafusp,preclinical,fusion,humanised,CD3E,EVQLVESGGGLVQPGGSLRLSCAASGFTFNTYAMNWVRQAPGKGLEWVGRIRSKYNNYATYYADSVKSRFTISRDDSKNSLYLEMNSLRTEDTAVYYCVRHGNFGHSYVSWFAYWGQGTLVTVSS,QAVVTQEPSLTVSPGGTVTLTCGSSTGAVTTGHYANWVQQKPGQAPRGLIGGTSNRAPGVPARFSGSLLGGKAALTISGAQPEDEAEYYCALWYSNRWVFGGGTKLTVL
Amrecibart,preclinical,monospecific_IgG_Fab,genetically_human,F11,EVQLVESGGGLVQPGGSLRLSCAASGFTFSNYAMNWVRQAPGKGLDWVSFIRSGGDTTYYADSVKGRFTISRDNSKNTLYLQMNSLRAEDTAVYYCAKVHPYTWDYGDAFDIWGQGTMVTVSS,DIQMTQSPSSLSASVGDRVTITCRASQSISSYLNWYQQKPGKAPKLLIYAASSLQSGVPSRFSGSGSGTDFTLTISSLQPEDFATYYCQQSYSTPPITFGQGTRLEIK
Armocibart,preclinical,monospecific_IgG_Fab,humanised_engineered,TFPI,QVQLVQSGAEVKKPGASVKVSCKASGYSFTSYGISWVKQAPGQGLEWIGEIYPRSTNTYYNEKFMGKATLTADKSSSTAYMELSSLRSEDTAVYYCARESFYGDYGAMDFWGQGTLVTVSS,DIVLTQSPLSLPVTPGEPASIFCKSSQSLLESDGKTYLNWLLQKPGQSPQRLIYLVSKLDSGVPDRFSGSGSGTDFTLKISRVEAEDVGVYYCSQGTHFPRTFGQGTKVEIK
Arumakimig,preclinical,bispecific_IgG_like,genetically_human,IL18;IL1B,EVQLVQSGAEVKKPGSSVKVSCKASGGTFKSYAISWVRQAPGQGLEWMGNIIPMTGQTYYAQKFQGRVTITADESTSTAYMELSSLRSEDTAVYYCARAAYHPLVFDNWGQGTLVTVSS,DIVLTQPPSVSGAPGQRVTISCSGSSSNIGNHYVNWYQQLPGTAPKLLIYRNNHRPSGVPDRFSGSKSGTSASLAITGLQSEDEADYYCQSWDYSGFSTVFGGGTKLTVL
Avitotamig,preclinical,monospecific_IgG_Fab,humanised,SIGLEC3/CD33/p67,QVQLQQSGAEVVKPGASVKVSCKASGYSFTDYNMYWVRQAPGQGLEWMGYIDPYKGGTIYNQKFQGRATLTRDTSISTAYMELSRLRSDDTAVYYCAREMITAYYFDYWGQGSSVTVSS,DIQMTQSPSSLSASVGDRVTITCKASQDINKYIAWYQHKPGKAPKLLIYYASNLQPGVPSRFSGSGSGRDFTFTISSLQPEDIATYYCLQYDNLLTFGAGTKLELK
Balertatug,preclinical,monospecific_IgG_Fab,humanised_engineered,CD70,QVQLVQSGAEVKKPGASVKVSCKASGYTFTNYGMNWVRQAPGQGLKWMGWINTYTGEPTYADAFKGRVTMTRDTSISTAYMELSRLRSDDTAVYYCARDYGDYGMDYWGQGTTVTVSS,DIVMTQSPDSLAVSLGERATINCRASKSVSTSGYSFMHWYQQKPGQPPKLLIYLASNLESGVPDRFSGSGSGTDFTLTISSLQAEDVAVYYCQHSREVPWTFGQGTKVEIK
Balonkibart,preclinical,monospecific_IgG_Fab,genetically_human,NPR1/ANPRA/ANPa/GUC2A/GUCY2A/NPRA,EVQLVESGGGLVQPGGSLRLSCAASGFSFVSYVMGWVRQAPGKGLEWVSSISGSLTNTYYADPVKGRFTISRDNSKNTLYLQMNSLRAEDTAAYYCVTYDILTGHLFDYWGQGTLVTVSS,AIQMTQSPSSLSASVGDRVTITCRSSQGIRNDFGWYQQKPGKAPKLLIYAASRLQSGVPSRFSGSGSGTDFTLTINNLQPEDFATYYCLQDYTYPFTFGPGTKVDIK
Besufetamig,preclinical,bispecific_IgG_like,genetically_human,PDCD1/CD279/PD1;CD3E,QVQLVQSGSELKQPGASVKVSCKASGYTFTHYALHWLRQAPGQGLEWMGWLNTNTENPTFAQGFTGRFVFSLDTSVTTAYLQISSLKAEDTAVYYCARGDMVVPTTIWNYYHFMDVWGQGTTVTVSS,DIQMTQSPSSLSASVGDRVTITCRASQSISSYLNWYQQKPGKAPKLLIYAASSLQSGVPSRFSGSGSGTDFTLTISSLQPEDFATYYCQQSYSTPPTFGQGTKVEIK
Birinkibart,preclinical,monospecific_IgG_Fab,genetically_human,CSF2RB/CD131/IL3RB/IL5RB,QMQLVQSGAEVKKPGASVKVSCKVSGYTLTELSIHWVRQAPGKGLEWMGGFDPEDGETIYAQKFQGRVTMTGDTSTDTAYLELSSLRSEDTALYYCATGRYTSLATTYGFDYWGQGTLVTVSS,EIVMTQSPATLSLSPGERATLSCRASQSVSSYLAWYQQKPGQAPRLLIYGASSRATGIPDRFSGSGSGTDFTLTISRLEPEDFAVYYCQQYDNWPYTFGQGTKLEIK
Bocunebart,preclinical,monospecific_IgG_Fab,humanised,ADCYAP1/PACAP,EVQLVESGGGLVQPGGSLRLSCAASGIDLNSYYMTWVRQAPGKGLEWIGFIDAGGDAYYASWAKGRFTISRDNSKNTVYLQMNSLRAEDTAVYFCARDLDLWGQGTLVTVSS,DIQLTQSPSTLSASVGDRVTITCQSSESVYGNYLAWFQQKPGKAPKFLIYEASKLESGVPSRFSGSGSGTEFTLTISSLQPDDFATYYCAGGDISEGVAFGGGTKVEIK
Bulumtatug,preclinical,monospecific_IgG_Fab,humanised_engineered,LAG3/CD223,EVQLQESGPGLVKPSETLSLTCTVSGFSLIDYGVSWIRQPPGKGLEWIGVIWGGGKIYYNSVLKSRVTISKDNSKSQVSLKLSSVTAADTAVYYCAKQGGLLFYAMDYWGQGTLVTVSS,DIVMTQSPDSLAVSLGERATINCKSSQSLLNTYSQKNYLAWYQQKPGQPPKLLIYFASTRESGVPDRFSGSGSGTDFTLTISSLQAEDVAVYYCQQHYNTPFTFGGGTKVEIK
Canrivitug,preclinical,monospecific_IgG_Fab,genetically_human,SARS-CoV-2 RBD,QVQLQESGPGLVKPSETLSLTCTVSGGSISSHYWSWIRQPPGKGLEWIGYIYYSGSSNYNPSLKSRVTISVDTSKNQFSLKLNSVTAADTAVYYCARHYDILTGFDWFDPWGQGTLVTVSS,QSVLTQPPSVSGAPGQRVTISCTGSSSNIGTHYDVHWYQQLPGTAPKLLIYGNSNRPSGVPDRFSGSKSGTSASLAITGLQAEDEADYYCQSFDNSLTAPYVFGTGTKVTVL
Cenvacibart,preclinical,monospecific_IgG_Fab,genetically_human,F11,QVQLVESGGGLVKPGGSLRLSCAASGFTFSDYSMNWIRQAPGKGLEWISYISFSGNSIYYADSVKGRFTISRDNAKNSLYLQMNSLRVEDTAIYYCTSRDWGYAFDIWGQGTMVTVSS,DIQMTQSPSFLSASLGDRVTITCQASQDISNYLNWYQVKPGKAPKLLIYDASNLETGVPSRFSGSGSGTDFTFTISSLQPEDIATYFCQQYDNLPYIFGQGTKLEIK
Cenzestotug,preclinical,monospecific_IgG_Fab,humanised_engineered,TNFRSF4/CD134/OX40,QVQLVESGGGVVQPGRSLRISCAVSGFSLTSYGVLWVRQAPGKGLEWLGVIWSGGSTDYNAAFISRLTISRDNSKSTVYFQMNSLRAEDTAVYYCAREEFGYWGQGTLVTVSS,DIQMTQSPSSLSASVGDRVTITCRASQDINNYLNWYQQKPGGAVKLLIYYTSRLHTGVPSRFSGSGSGTDFTLTISSLQPEDIATYYCQQTNTLPWTFGGGTKLEVK
Ciltistotug,preclinical,monospecific_IgG_Fab,humanised_engineered,TNFRSF5/CD40,QVQLVQSGAEVKKPGASVKLSCKASGYTFISYYIYWVKQAPGQGLEWIGGINPRNGGTNFNEKFKSRATLTVDTSISTAYMELSRLRSEDTAVYYCTRHGNGVYWGQGTTLTVSS,DVVMTQSPLSLPVTLGQPASISCRSSQSLLHSNGNTYLHWYQQRPGQSPNHLIYQVSNRFSGVPDRFSGSGSGTDFTLKISRVEAEDVGVYFCSQTTHVPWTFGGGTKVEIK
Claseprubart,preclinical,monospecific_IgG_Fab,genetically_human,C1S,EVQLVESGGGLVKPGGSLRLSCAASGFTFSDYYMSWIRQAPGKGLEWVSYISRSGSTKYYADSVKGRFTISRDNAKNSLYLQMNSLRAEDTAVYYCARDENYALDWWGQGTLVTVSS,DIQMTQSPSSLSASVGDRVTITCQASQDISNYLNWYQQKPGKAPKLLIYDASNLETGVPSRFSGSGSGTDFTFTISSLQPEDIATYYCQHYEDYPLTFGGGTKVEIK
Cliramitug,preclinical,monospecific_IgG_Fab,genetically_human,Misfolded TTR,QLQLQESGPGLVKPSETLSLTCSVSGGSIISRSSYWGWIRQPPGKGLEWIGGIYHSGNTYDNPSLKSRLTMSVDTSKNQFSLNLRSVTAADTAVYYCARIVPGGDAFDIWGQGTMVTVSS,DIQMTQSPSSLSASVGDRVTIACRASQSVGTYLNWYQQKRGKAPKLLIFAASSLQSGVPSRFSGSGSGTDFTLTISSLQPEDFATYYCQQSYSSPPTFGQGTKVEIK
Crusekitug,preclinical,monospecific_IgG_Fab,humanised,IL17A,EVQLQESGPGLVKPSETLSLTCTVSGIDLSLFYMSWIRQPPGKGLEWIGTIHEVASSYYASWAKGRVTISKDTSKNQFSLKLSSVTAADTAVYYCARETYSSRYPYPNIWGQGTLVTVSS,DIQMTQSPSSVSASVGDRVTITCQASQNIGGSLAWYQQKPGKAPKLLIYGASSLASGVPSRFSGSGSGTDFTLTISSLQPEDFATYYCQSYNTISTYGLAFGGGTKVEIK
Dalidnetug,preclinical,monospecific_IgG_Fab,humanised,APP,EVQLLESGGGLVQPGGSLRLSCAASGFTFSNYGMSWVRQAPGKGLEWVASIRSGSGRTYYSDNVKGRFTISRDNSKNTLYLQMNSLRAEDTAVYYCVRYDHYSGSSDYWGQGTLVTVSS,DVVMTQSPLSLPVTLGEPASISCKSSQSLLDYDGKTYLNWLLQKPGQSPQRLIYRVTNRDTGVPDRFSGSGSGTDFTLKISRVEAEDVGVYYCWQGTHFPRSFGQGTKVEIK
Daretabart,preclinical,monospecific_IgG_Fab,humanised_engineered,Ganglioside GD2,EVQLVQSGAEVEKPGASVKISCKASGSSFTGYNMNWVRQNIGKSLEWIGAIDPYYGGTSYNQKFKGRATLTVDKSTSTAYMHLKSLRSEDTAVYYCVSGMEYWGTQGSVTVSS,DVVMTQTPLSLPVTPGEPASISCRSSQSLVHRNGNTYLHWYLQKPGQSPKLLIHKVSNRFSGVPDRFSGSGSGTDFTLKISRVEAEDLGVYFCSQSTHVPPLTFGAGTKLELK
Eglatoprutug,preclinical,monospecific_IgG_Fab,humanised,KIT/CD117,QVQLVQSGAEVKKPGASVKVSCKASGYTFTSYNMHWVRQAPGQGLEWMGVIYSGNGDTSYAQKFKGRVTITADKSTSTAYMELSSLRSEDTAVYYCARERDTRFGNWGQGTLVTVSS,DIVMTQSPLSLPVTPGEPASISCRASESVDIYGQSFMHWYLQKPGQSPQLLIYLASNLESGVPDRFSGSGSGTDFTLKISRVEAEDVGVYYCQQNNEDPYTFGGGTKVEIK
Elegrobart,preclinical,monospecific_IgG_Fab,humanised_engineered,TBC,QVQLVQSGAEVVKPGASVKLSCKASGYTFTSYWMHWVKQRPGQGLEWIGEINPSNGRTNYNQKFQGKATLTVDKSSSTAYMQLSSLTSEDSAVYYFARGRPDYYGSSKWYFDVWGQGTTVTVSS,DVVMTQTPLSLPVSLGDPASISCRSSQSIVHSNVNTYLEWYLQKPGQSPRLLIYKVSNRFSGVPDRFSGSGAGTDFTLRISRVEAEDLGIYYCFQGSHVPPTFGGGTKLEIK
Enzelkitug,preclinical,monospecific_IgG_Fab,humanised,CCR8/CKR-L1/CDw198,EVQLLESGGGLVQPGGSLRLSCAASGIDLSTYAMGWVRQAPGKGLEWVGLIHRSGRTYYATWAKGRFTISKDSSKNTLYLQMNSLRAEDTAVYYCTRSYPDYSATASIWGQGTTVTVSS,DIQVTQSPSSLSASVGDRVTITCQASENIANALAWYQQKPGKPPKFLIYGASNLASGVPSRFSGSGSGTDFTFTISSLQPEDIATYYCQQAYYGNSFVEGTFGGGTKVEIK
Etuptamig,preclinical,bispecific_IgG_like,humanised_engineered,NCR3LG1/B7-H6;CD3E,QVQLVQSGAEVKKPGASVKVSCKASGYTFTNYWMNWMKQAPGQGLEWIGGIYLNGDSTDYNEKFKGKVTMTVDTSTSTVYMELSSLRSEDTAVYYCTRRGDYFGDFWGQGTLVTVSS,DIQMTQSPSSLSASVGDRVTITCKASQNVGKYVAWYQQKPGKAPKSLIYSASNRYDGVPSRFSGSGSGTDFTLTISSLQPEDFATYFCQQYISYPLTFGAGTKLEIK
Exerenibart,preclinical,monospecific_IgG_Fab,genetically_human,TMPRSS6/MT2,EVQLVESGGGLVQPGGSLRLSCAASGFTFSSYAMTWVRQAPGKGLEWVSAISGSDTSTYYADSVKGRFTISRDNSKNTLFLQMNSLRAEDTAVYYCAKHQDYDFSYYYSAMDVWGQGTTVTVSS,DIQMTQSPSSLSASVGDRVIITCRASQDFNSWLAWYQQKPGKAPKLLIYAASSLQSGVPSRFSGSGSGTDFTLTISSLQPEDFATYYCQQTDSFPFTFGPGTKVDIK
Firivumab,preclinical,monospecific_IgG_Fab,genetically_human,Influenza A HA,QVQLVQSGAEVKMPGSSVKVSCKTSGVFFSSHAISWVRQAPGQGLEWMGGISPMFGTTHYAQKFQGRVTITADQSTTTAYMELTSLTSEDTAVYYCARDGAGSYYPLNWFDPWGQGTLVTVSS,EIVLTQSPATLSLSPGERATLSCRASENIWNNLAWYQQKPGQAPRLLISGASTGATGVPSRFRGSGSRTEFTLTISSLQSEDFAIYFCQQYNSWPRTFGPGTKVEIK
Firsekibart,preclinical,monospecific_IgG_Fab,genetically_human,IL1B,EVQLVESGGGLVKPGRSLRLSCTGSGFTFGDYALNWFRQAPGMGLEWVGFIRGKAYGGTTEYAASVKGRFTISRDDSKSIAYLQMNSLKTEDTAVYYCNREVEYCRSSENYCYGMDVWGQGTTVTVSS,SYELTQPPSVSVSPGQTASITCSGDKLGDKFACWYQQKPGQSPVLVIYQDTKRPSGIPERFSGSNSGNTATLTISGTQAMDEADYYCQAWDSNTVVFGGGTKLTVL
Futermestotug,preclinical,monospecific_IgG_Fab,humanised,CTLA4/CD152,EVQLVESGGGLVQPGGSLRLSCAASGFTFSSYTMSWVRQAPGKGLEWVATISRGGGYTSYPDSVKGRFTISRDNSKNTLYLQMNSLRAEDTAVYYCAREDYGSSYVHWFAYWGQGTLVTVSA,DIQMTQSPSFLSASVGDRVTITCRAGENIYSYLAWYQQKPGKAPKLLIYNARTLAEGVPSRFSGSGSGTEFTLTISSLQPEDFATYYCQHHYGSPRTFGGGTKLEIK
Gacovetug,preclinical,VHH,other,F4+ ETEC (Veterinary Application),QVQLQESGGGLVQPGGSLRLSCTASGSISSINAMGWYRQAPGSKREFVAHITNTGVTEFADSVKGRFTISRDNAKTTVDLQMNSLKPEDTAVYYCAATDWGTLLIKGIDHWGKGTQVTVSS,na
Galvokimig1,preclinical,bispecific_scFv_like,humanised,IL17A and IL17F;ALB,EVQLVESGGGLVQPGGSLRLSCAASGFTFSDYNMAWVRQAPGKGLEWVATITYEGRNTYYRDSVKGRFTISRDNAKNSLYLQMNSLRAEDTAVYYCASPPQYYEGSIYRLWFAHWGQGTLVTVSS,AIQLTQSPSSLSASVGDRVTITCRADESVRTLMHWYQQKPGKAPKLLIYLVSNSEIGVPDRFSGSGSGTDFRLTISSLQPEDFATYYCQQTWSDPWTFGQGTKVEIK
Galvokimig2,preclinical,monospecific_IgG_Fab,humanised,IL13,EVQLVQSGAEVKKPGSSVKVSCKASGYSFTSYYIHWVRQAPGQCLEWMGRIGPGSGDINYNEKFKGRATFTVDKSTSTAYMELSSLRSEDTAVYYCARFHYDGADWGQGTLVTVSS,DIQMTQSPSSLSASVGDRVTITCKASQNINENLDWYQQKPGKAPKLLIYYTDILQTGIPSRFSGSGSGTDYTLTISSLQPEDFATYYCYQYYSGYTFGCGTKLEIK
Garetatug,preclinical,ADC,humanised,CLDN18,EVQLVQSGAEVKKPGASVKVSCKASGYTFTSYWMHWVRQAPGQRLEWMGMIHPNSGSTNYNEKFKGRVTITRDTSASTAYMELSSLRSEDTAVYYCARLKTGNSFDYWGQGTTVTVSS,DIVLTQSPDSLAVSLGERATINCKSSQSLLNSGNQKNYLTWYQQKPGQPPKLLIYWASTRESGVPDRFSGSGSGTDFTLTISSLQAEDVAVYYCQNAYTYPFTFGQGTKLEIK
Ibramvibart,preclinical,monospecific_IgG_Fab,genetically_human,SARS-CoV-2 Spike RBD,EVQLVESGGGLVKPGGSLRLSCAASGFEFGSYEMNWVRQAPGKGLEWVSSISEDGYTTYYPDSLKGRFTISRDSAKNSLYLQMNSLRADDTAVYYCARDFGGDTNWAGTGFTYWGQGTLVTVSS,QSVLTQPPSVSGAPGQRITISCEGSSSNIGAGYDVHWYQQLPGTAPKLLIYGSSVRNYGVPDRFSGSKSGTSASLAITGLQAEDEADYYCQSYDSDLGILYTFGTGTKVTVL
Imeroprubart,preclinical,monospecific_IgG_Fab,genetically_human,FCGRT/FcRn,EVQLLESGGGLVQPGGSLRLSCAASEFTFGSSVMTWVRQAPGKGLEWVSVISGSGGSTYYADSVKGRFTISRDNSKNTLYLQMNSLRAEDTAVYYCAKTPWWLRSPFFDYWGQGTLVTVSS,SYVLTQPPSVSVAPGQTARITCGGSNIGSTSVHWYQQKPGQAPVLVVHDDSDRPSGIPERFSGSNSGNTATLTISRVEAGDEADYYCQVRDSSSDHVIFGGGTKLTVL
Indematug,preclinical,monospecific_IgG_Fab,genetically_human,IFNG ,EVQLVESGGGLVKPGDSLTVSCVASGFTFSNYFIHWVRQAPGKGLEWVATISGRTKYMFYSDSLRGRFTVSRDNAQNSVYLHMSSLRGEDTALYYCVRGYDHSDSNSAADLLHWGRGTLVTVSS,NFMLTQPLSVSGYPGKTIVISCVRSSGSVASHYVQWFQQRPGSAPAMVIYEDSHRPSGIPDRFSGSVDASSNSASLTISGLKTEDEADYFCQSYYGNNQVLFGGGTKLTVL
Inlecitug,preclinical,monospecific_IgG_Fab,chimeric,KDR/CD309/VEGFR2,QVKLQQSGAELVGSGASVKLSCTTSGFNIKDFYMHWVKQRPEQGLEWIGWIDPENGDSDYAPKFQGKATMTADSSSNTAYLQLSSLTSEDTAVYYCNAYYGDYEGYWGQGTTVTVSS,DIELTQSPAIMSASPGEKVTITCSASSSVSYMHWFQQKPGTSPKLWIYSTSNLASGVPARFSGSGSGTSYSLTISRMEAEDAATYYCQQRSSYPFTFGSGTKLEIK
Isuventatug,preclinical,monospecific_IgG_Fab,humanised_engineered,MICA&MICB,QVQLVESGGGLVKPGGSLRLSCAASGFTFSNYAMSWIRQAPGKGLEWVSYISPGGDYIYYADSVKGRFTISRDNAKNSLYLQMNSLRAEDTAVYYCTTDRRHYGSYAMDYWGQGTLVTVSS,DIVMTQSPLSLPVTPGEPASISCRSSKSLLHSNLNTYLYWFLQKPGQSPQILIYRMSNLASGVPDRFSGSGSGTAFTLKISRVEAEDVGVYYCMQHLEYPFTFGPGTKLEIK
Itanistomig,preclinical,bispecific_IgG_like,humanised,PDL1/CD274;IAP/CD47,QVQLVQSGAEVKKPGSSVKVSCKTSGDTFSTYAISWVRQAPGQGLEWMGGIIPIFGKAHYAQKFQGRVTITADESTSTAYMELSSLRSEDTAVYFCARKFHFVSGSPFGMDVWGQGTTVTVSS,EIVLTQSPATLSLSPGERATLSCRASQSVSSYLAWYQQKPGQAPRLLIYDASNRATGIPARFSGSGSGTDFTLTISSLEPEDFAVYYCQQRSNWPTFGQGTKVEIK
Ixotatug,preclinical,ADC,humanised_engineered,CLDN6,EVQLLESGGGLVQPGGSMRLSCAASGFTFSNYWMNWVRQAPGKGLEWVAQIRLKSDNYATHYADSVKGRFTISRDDSKNTVYLQMNSLRAEDTGVYYCNDGPPSGSWGQGTLLTVSS,DIQMTQSPSSLSASVGDRVTITCRISENIYSYLAWYQQKPGKAPKLLVYNAKILVEGVPSRFSGSGSGTDFTLTISSLQPEDFGTYYCQHHYTVPWTFGQGTKLEIK
Lasrekibart,preclinical,monospecific_IgG_Fab,humanised,IL5,EVQLVESGGGLVQPGGSLRLSCAASGFTFSHYYMAWVRQAPGKGLEWVTSISYEGDITYYGDSVKGRFTISRDNSKNTLYLQMNSLRAEDTATYYCASQTLRESFDYWGQGTLVTVSS,DIQMTQSPSSVSASVGDRVTITCRASQDIANYLSWYQQKPGKSPKLLIYGTSNLEVGVPSRFSGSRSGTDFTLTISSLQPEDFATYYCLQDKEFPRTFGGGTKVEIK
Laventatug,preclinical,ADC,humanised,SLC39A6/ZIP6,EVQLVQSGAEVKKPGATVKISCKASGLNIEDYYMHWVQQAPGKGLEWMGWIDPENGDTEYAEKFQGRVTITADTSTNTAYMELSSLRSEDTAVYYCTVHNAHYGTWFAYWGQGTTVTVSS,DIVMTQTPLSLSVTPGQPASISCRSSQTLVRSDGNTYLEWYLQKPGQSPQLLIYRVSNRFSGVPDRFSGSGSGTDFTLKISRVEAEDVGVYYCFQGSHVPYTFGGGTKLEIK
Lecankitug,preclinical,monospecific_IgG_Fab,humanised,IL17A&IL17F,QFQLVQSGAEVKKPGASVKVSCKASGYTFTDYNLNWVRQAPGKGLEWMGVIHPDYGTTSYNQKFKDRVTMTVDTSTSTVYMELSSLRSEDTAVYYCVRYDYGDAMDYWGQGTLVTVSS,DIVMTQSPLSLSVTPGQPASISCRSSQSLVHSNGNTYLHWYLQKPGQPPQLLIYKVSNRFSGVPDRFSGSGSGTDFTLKISRVEAEDVGVYYCSQSTHVPLTFGQGTKLEIK
Ledostomig,preclinical,bispecific_scFv_like,humanised_engineered,NT5E/CALJA/CD73;PDCD1/CD279/PD1,QVQLVQSGAEVVKPGASVKVSCKASGYSFTGYTMNWVRQAPGQNLEWIGLINPYNAGTSYNQKFQGKVTLTVDKSTSTAYMELSSLRSEDTAVYYCARSEYRYGGDYFDYWGQGTTLTVSS,DIVMTQSPSSLAVSVGERVTISCKSSQSLLNSSNQKNYLAWYQQKPGQAPKLLIYFASTRESGVPDRFSGSGSGTDFTLTISSLQAEDVAVYYCQQHYDTPYTFGGGTKLEIK
Lofacimig,preclinical,bispecific_IgG_like,humanised,F11;F11,QVQLVESGGGSVQAGGSLRLSCAASGHTYSSNYCMAWFRQAPGKEREGVAAIYSDGSTSYADSVKGRFTISKDNSKNTLYLQMNSLRAEDTAVYYCAATAYEGSWTGKQPLCLLYEYTYWGQGTLVTVSS,na
Lotivibart,preclinical,monospecific_IgG_Fab,genetically_human,HIV-1 gp120,RAHLVQSGTAMKKPGASVRVSCQTSGYTFTAHILFWFRQAPGRGLEWVGWIKPQYGAVNFGGGFRDRVTLTRDVYREIAYMDIRGLKPDDTAVYYCARDRSYGDSSWALDAWGQGTTVVVSA,YIHVTQSPSSLSVSIGDRVTINCQTSQGVGSDLHWYQHKPGRAPKLLIHHTSSVEDGVPSRFSGSGFHTSFNLTISDLQADDIATYYCQVLQFFGRGSRLHIK
Lunaxafusp,preclinical,fusion,other,ERBB2/CD340/HER2,QVQLQQSGPELKKPGETVKISCKASGYPFTNYGMNWVKQAPGQGLKWMGWINTSTGESTFADDFKGRFDFSLETSANTAYLQINNLKSEDSATYFCARWEVYHGYVPYWGQGTTVTVSS,DIQMTQSPSSLSASVGDRVTITCKASQDVYNAVAWYQQKPGQSPKLLIYSASSRYTGVPSRFTGSGSGPDFTFTISSVQAEDLAVYFCQQHFRTPFTFGSGTKLEIK
Lunlekitug,preclinical,monospecific_IgG_Fab,genetically_human,IL1A,QVQLVQSGAEVKKPGSSVKVSCKASGGRFTNYAILWVRQAPGQGLQWLGGIIPIFDETDHAQDFQDRLTITVDESMTTAYMELSSLRPEDTAIYYCATGSNSYYGLYWGQGTLVTVSS,DIVMTQSPDSLAVSLGERATINCKSSQSVLYSSNNKNYLAWYQQKPGQPPKLLIYWASTRESGVPDRFSGSGSGTDFTLTISSLQAEDVAVYYCQQYYSSPPTFGGGTKVEIK
Moflerafusp,preclinical,fusion,genetically_human,SIRPA,QVQLVQSGAEVKKPGASVKVSCKASGYTFTSNWMHWVRQAPGQGLEWMGMIHPNSGSSNYNEKFKSRVTMTRDTSTSTVYMELSSLRSEDTAVYYCARSYYGSSPYYFDYWGQGTLVTVSS,DIQMTQSPSSLSASVGDRVTITCRASQDIINYLNWYQQKPGKAPKLLIYYTSRLHSGVPSRFSGSGSGTDFTFTISSLQPEDIATYYCQQGDTLPWTFGQGTKVEIK
Navivumab,preclinical,monospecific_IgG_Fab,genetically_human,Influenza A HA,QVQLVQSGAEVKKPGASVKVSCKTSGYSFSTYGVSWVRQAPGQGPEWVGWISAYTGITDYAQKFQGRVTLTTDATTATAFLDLRSLRPDDTATYFCARDKVQGRVEVGSGGRHDYWGQGTLVIVSS,EVVLTQSPGTLALPPGERATLSCRASHRVGSTYIAWYQQKSGQAPRRLIYGASNRATDIPDRFSGSGSGTDFTLTIRRLEPEDSAVYYCQQFSVSPWTFGQGTRVEIK
Nesfrotamig,preclinical,bispecific_scFv_like,humanised,ERBB2/CD340/HER2;TNFRSF9/CD137/4-1BB,EVQLVESGGGLVQPGGSLRLSCAASGFNIKDTYIHWVRQAPGKGLEWVARIYPTNGYTRYADSVKGRFTISADTSKNTAYLQMNSLRAEDTAVYYCSRWGGDGFYAMDYWGQGTLVTVSS,DIQMTQSPSSLSASVGDRVTITCRASQDVNTAVAWYQQKPGKAPKLLIYSASFLYSGVPSRFSGSRSGTDFTLTISSLQPEDFATYYCQQHYTTPPTFGQGTKVEIK
Nivisnebart,preclinical,monospecific_IgG_Fab,genetically_human,SORT1/Gp95/NT3,QVQLVQSGAEVKKPGASVKVSCKASGYTFTKYYMSWVRQAPGQGLEWMGIINPIGGSTSYAQKFQGRVTMTRDTSTSTVYMELSSLRSEDTAVYYCARDPSGIALAGPASRGYQGMDVWGQGTTVTVSS,EIVMTQSPATLSVSPGERATLSCRASQSVSSNLAWYQQKPGQAPRLLIYGASTRATGIPARFSGSGSGTEFTLTISSLQSEDFAVYYCQQARLGPWTFGGGTKVEIK
Olintatug,preclinical,monospecific_IgG_Fab,humanised_engineered,KAAG1/RU2AS,QIQLVQSGAEVKKPGASVKVSCKASGYTFTDDYMSWVKQAPGQGLEWIGDINPYNGDTNYNQKFKGKATLTVDKSTSTAYMELSSLRSEDTAVYYCARDPGAMDYWGQGTLVTVSS,DIVMTQTPLSLPVTPGEPASISCRSSQSLLHSNGNTYLEWYLQKPGQSPQLLIYTVSNRFSGVPDRFSGSGSGTDFTLKISRVEAEDVGVYYCFQGSHVPLTFGQGTKLEIK
Oloctinebart,preclinical,monospecific_IgG_Fab,humanised,LGALS3/GAL3,QVQLVQSGAEVKKPGASVKVSCKASGYSFTNYYMHWVRQAPGQRLEWMGWIYPGSGNTNYNEKFQGRVTITADTSASTAYMELSSLRSEDTAVYYCSTAPGGFDVWGQGTTVTVSS,DIVMTQTPLSLSVTPGQPASISCKSSKSLLHSDGITYLYWYLQKPGQSPQLLIYRMSNLASGVPDRFSGSGSGTDFTLKISRVEAEDVGVYYCAQMLEFPLTFGQGTKLEIK
Ompekimig1,preclinical,bispecific_scFv_like,genetically_human,IL13;IL4,EVQLVESGGGLVQPGGSLRLSCAASGFTFSSYAMSWVRQAPGKGLEWVASISSGDTTYYPDSVKGRFTISRDNAKNSLYLQMNSLRAEDTAVYYCARNEGYYFGLTLWGQGTLVTVSS,DIQMTQSPSSLSASVGDRVTITCKASESVDHFGWSLVHWYQQKPGKAPKLLIYRASNLESGVPSRFSGSGSGTDFTLTISSLQPEDFATYYCQQSNEDPWTFGGGTKVEIK
Ompekimig2,preclinical,monospecific_IgG_Fab,genetically_human,IL33,EVQLVESGGGLVQPGGSLRLSCAASGFTFSSYWMYWVRQAPGKGLEWVAAITPNAGEDYYPESVKGRFTISRDNAKNSLYLQMNSLRAEDTAVYYCARGQYYYTKYSLGYWGQGTLVTVSS,DIQMTQSPSSLSASVGDRVTITCRASQPIHNHLDWYQQKPGKAPKLLIYFGKNLQEGVPSRFSGSGSGTDFTLTISSLQPEDFATYYCFQYKKGWSFGGGTKVEIK
Opamistomig,preclinical,bispecific_scFv_like,humanised,PDL1/CD274;TNFRSF9/CD137/4-1BB,EVQLQESGPGLVKPSQTLSLTCTVSGDSFSSGYWNWIRQHPGKGLEYIGYVSYTGSTYYIPSLKSRVTISRDTSKNQFSLKLSSVTAADTAVYYCAGYRDWLHGYFDYWGQGTTVTVSS,DIQMTQSPSSLSASVGDRVTITCKASQNVMDNVAWYQQKPGKAPKRLIYSASYRFSGVPSRFSGSGSGTEFTLTISSLQPEDFATYYCQQYNGYPLTFGQGTKLEIK
Oturkibart,preclinical,monospecific_IgG_Fab,humanised,IL4R/CD124,EVQLVESGGGLVQPGGSLRLSCAASGIDLRTNSMSWVRQAPGKGLEWVGIIGSSGYMDYASWAKGRFTISRDNSKNTLYLQMNSLRAEDTAVYYCARHGDSSSFALWGQGTLVTVSS,DIQMTQSPSSLSASVGDRVTITCRASESVYKNNRLSWYQQKPGKAPKLLIYEASKVASGVPSRFSGSGSGTDFTLTISSLQPEDFATYYCAGAYRGNIYPFGQGTKVEIK
Pegrizeprument,preclinical,monospecific_IgG_Fab,humanised,CD28,QVQLQQSGAELKKPGASVKVSCKASGYTFTEYIIHWIKLRSGQGLEWIGWFYPGSNDIQYNAQFKGKATLTADKSSSTVYMELTGLTPEDSAVYFCARRDDFSGYDALPYWGQGTLVTVSA,DIQMTQSPSSLSASVGDRVTITCKTNENIYSNLAWYQQKDGKSPQLLIYAATHLVEGVPSRFSGSGSGTQYSLTISSLQPEDFGNYYCQHFWGTPCTFGGGTKLEIK
Posnafusp,preclinical,fusion,humanised,TFRC/CD71,EVQLVQSGAEVKKPGESLKISCKGSGYSFMNYWLGWVRQMPGKGLEWMGDIYPGGDYPTYSEKFKVQVTISADKSISTAYLQLSSLKASDTAMYYCARSGNYDEVAYWGQGTLVTVSS,DIVMTQTPLSLSVTPGQPASISCRSSQSLVHSNGNTYLHWYLQKPGQSPQLLIYKVSNRFSGVPDRFSGSGSGTDFTLKISRVEAEDVGVYYCSQSTHVPWTFGQGTKVEIK
Produvofusp,preclinical,VHH,humanised_engineered,TBC,QVQLVESGGGLVKPGGSLRLSCAASGRTFSSYAMGWFRQAPGKEREFVSAISGSGGSTYYADSVKGRFTISRDNAKNSLYLQMNSLRAEDTAVYYCAADLGDGSWVDYVNAEPYEYDYWGQGTLVTVSS,na
Pumitamig1,preclinical,bispecific_IgG_like,humanised,VEGFA,EVQLVESGGGLVQPGGSLRLSCAASGYTFTNYGMNWVRQAPGKGLEWVGWINTYTGEPTYAADFKRRFTFSLDTSKSTAYLQMNSLRAEDTAVYYCAKYPHYYGSSHWYFDVWGQGTLVTVSS,DIQMTQSPSSLSASVGDRVTITCSASQDISNYLNWYQQKPGKAPKVLIYFTSSLHSGVPSRFSGSGSGTDFTLTISSLQPEDFATYYCQQYSTVPWTFGQGTKVEIK
Pumitamig2,preclinical,VHH,humanised,PDL1/CD274,EVQLQESGGGLVQPGGSLRLSCAASGFTFSSYWMYWLRQAPGKGLEWVSSINSDSSSTYYRDSVKGRFTISRDNAKNTLYLQMNSLKSEDTAVYYCAKDPGGYAKGQGTQVTVSS,na
Ramantamig1,preclinical,bispecific_scFv_like,genetically_human,CD3E;GPRC5D,QVQLQQSGPRLVRPSQTLSLTCAISGDSVFNNNAAWSWIRQSPSRGLEWLGRTYYRSKWLYDYAVSVKSRITVNPDTSRNQFTLQLNSVTPEDTALYYCARGYSSSFDYWGQGTLVTVSS,QSALTQPASVSGSPGQSITISCTGTSSNIGTYKFVSWYQQHPDKAPKVLLYEVSKRPSGVSSRFSGSKSGNTASLTISGLQAEDQADYHCVSYAGSGTLLFGGGTKLTVL
Ramantamig2,preclinical,monospecific_IgG_Fab,genetically_human,TNFRSF17/CD269/BCMA/TNFRSF13A,EVQLLESGGGLVQPGGSLRLSCAASGFTFSSYAMSWVRQAPGKGLEWVSAISGSGGSTYYADSVKGRFTISRDNSKNTLYLQMNSLRAEDTAVYYCAKDEGYSSGHYYGMDVWGQGTTVTVSS,EIVLTQSPGTLSLSPGERATLSCRASQSISSSFLTWYQQKPGQAPRLLIYGASSRATGIPDRFSGGGSGTDFTLTISRLEPEDFAVYYCQHYGSSPMYTFGQGTKLEIK
Rapaprutug,preclinical,monospecific_IgG_Fab,genetically_human,KARS1,EVQLLESGGGLVQPGGSLRLSCAASGFTFSSYDMSWVRQAPGKGLEWVSAISPYSGRIYYADSVKGRFTISRDNSKNTLYLQMNSLRAEDTAVYYCARMALDFDYWGQGTLVTVSS,QSVLTQPPSASGTPGQRVTISCTGSSSNIGSNYVTWYQQLPGTAPKLLIYDNSNRPSGVPDRFSGSKSGTSASLAISGLQSEDEADYYCSSFSDELGAYVFGGGTKLTVL
Remzistotug,preclinical,monospecific_IgG_Fab,humanised,PVRIG/NECTIN2 receptor/CD112R,QVQLVQSGAEVKKPGSSVKVSCKASGGTFSSAAISWVRQAPGQGLEWMGNIIPIVGIANYAQKFQGRVTITADESTSTAYMELSSLRSEDTAVYYCARDTGRGYTRHFWFDPWGQGTLVTVSS,DIQMTQSPSSLSASVGDRVTITCRASQSISSYLNWYQQKPGKAPKLLIYAASSLQSGVPSRFSGSGSGTDFTLTISSLQPEDFATYYCQQSDILYTFGGGTKVEIK
Retavibart,preclinical,monospecific_IgG_Fab,genetically_human,RSV gpF,QVQLVQSGAEVKKPGESLKISCQGSGYSFNNYYIGWVRQMPGKGLEWMVIIYPGDSDTKYSPSFQGQVTVSADRSINTAYLQWSSLRASDTAVYYCVRMDTVTTGAGVGFNWFFDLWGRGTLVTVSS,EIVLTQSPATLSVSPGERATLSCRASQSVTSYLAWYQQKPGQAPRLLIYGASSRATGVPARFSGSGSETEFTLTISSLQSEDFAVYYCQQYNDWPAITFGQGTRLENK
Rolistobart,preclinical,monospecific_IgG_Fab,humanised,LILRB4/CD85K,EVQLVESGGGLVQPGGSLRLSCAASGFTFSNYGMSWVRQAPGKGLEWVATISGGGDYTNYPDSVRGRFTISRDNAKNSLYLQMNSLRAEDTAVYYCGRRLWFRSLYYAMDYWGQGTLVTVSS,DIQLTQSPSSLSASVGDRVTITCRASEKVDSFGQSFMHWYQQKPGKAPKLLIYLTSNLDSGVPSRFSGSGSGTDFTLTISSLQPEDFATYYCQQNNEDPYTFGQGTKLEIK
Ruzaltatug,preclinical,ADC,genetically_human,ERBB3/HER3,QVQLVQSGGGLVQPGRSLRLSCAASGFTFDDYAMHWVRQAPGKGLEWVSGISWNSGSIGYADSVKGRFTISRDNAKNSLYLQMNSLRAEDTALYYCAKEGLPGLDYWGQGTLVTVSS,DIQMTQSPSSLSASIGDRATITCRASQHVGTYLNWYQQKPGKTPKLLISGAANLQSGVPSRFSGSGSGTDFTLTISSLQPEDFATYYCQQSYNTPPFSFGQGTKVEIK
Suvonstobart,preclinical,monospecific_IgG_Fab,humanised_engineered,CD24,DVQLQESGPDLVKPSQSLSLTCTVTGYSITSGYSWHWIRQFPGNKLEWMGYIHYSGSTKYNPSLKSRISITRDTSKNQFFLQLNSVTTEDTATYFCARGADYALDYWGQRTSVTVSS,DIQMTQSPSSLSASVGDRVTITCKSSQSLLYSSNQKNYLAWYQQKPGKAPKLLIYWASTRESGVPSRFSGSGSGTDFTLTISSLQPEDFATYYCQQNFIYPLTFGGGTKVELK
Tanruprubart,preclinical,monospecific_IgG_Fab,humanised_engineered,C1q,QVQLVQSGAELKKPGASVKVSCKSSGYHFTSYWMHWVKQAPGQGLEWIGVIHPNSGSINYNEKFESRVTITVDKSTSTAYMELSSLRSEDTAVYYCAGERDSTEVLPMDYWGQGTTVTVSS,DVQITQSPSSLSASLGERATINCRASKSINKYLAWYQQKPGKAPKLLIYSGSTLQSGIPARFSGSGSGTDFTLTISSLEPEDFAMYYCQQHNEYPLTFGQGTKLEIK
Tazlestobart,preclinical,monospecific_IgG_Fab,humanised,CTLA4/CD152,QVQLVESGGGVVQPGRSLRLSCAASGFTFSSYTMHWVRQAPGKGLEWVTFISYDGNNKYYADSVKGRFTISRDNSKNTLYLQMNSLRAEDTAIYYCARTGWLGPFDYWGQGTLVTVSS,EIVLTQSPGTLSLSPGERATLSCRASQSVGSSYLAWYQQKPGQAPRLLIYGAFSRATGIPDRFSGSGSGTDFTLTISRLEPEDFAVYYCQQYGSSPWTFGQGTKVEIK
Timcevibart,preclinical,monospecific_IgG_Fab,genetically_human,SARS-CoV-2 Spike RBD,QVQLVESGGGLVQPGGSLRLSCAASGLTVSSNYMSWVRQAPGKGLEWVSVIYSGGSTYYADSVKGRFTISRDDSKNTLYLQMNSLRAEDTAVYYCARDVADAFDIWGQGTMVTVSS,DIVMTQSPSFLSASVGDRVTITCRASQGISSYLAWYQQKPGKAPKLLIYAASTLQSGVPSRFSGSGSGTEFTLTISSLQPEDFATYYCQQLNSYPPFTFGPGTKVDIK
Tixentamig,preclinical,VHH,humanised_engineered,CD3E;CLDN18,EVQLVESGGGLVQPGGSLKLSCAASGFTFSTYAMNWVRQASGKGLEWVGRIRSKYNNYATYYADSVKDRFTISRDDSKNTAYLQMNSLKTEDTAVYYCTRHGNFGNSYVSWFAYWGQGTLVTVSS,QAVVTQEPSLTVSPGGTVTLTCRSSTGAVTTSNYANWVQQKPGQAPRGLIGGTNKRAPWTPARFSGSLLGDKAALTLLGAQPEDEAEYFCALWYSNLWVFGGGTKLTVL
Tixestobart,preclinical,monospecific_IgG_Fab,genetically_human,TNFRSF7/CD27,QVQLMQSGSELKKPGASVKVSCRASGYTFTTYAMNWVRQAPGQGPEWMGWINTNTGNPTYAQGFTGRFVFSLDTTVTTTYLQISSLKAEDTAVYFCAREAGSFDYWGQGTLVTVSS,QSALTQPASVSGSPGQSITISCTGTSSDVYYYNYVSWYQQHPGRAPKLVIYDVSNRPSGVSNRFSGSKSGNTASLTISGLRAEDEADYYCSSYTVNRVWVFGGGTKLTVL
Trevotamig,preclinical,bispecific_scFv_like,humanised_engineered,EPCAM/CD326;CD3E,EVQLVESGGGLVQPGGSLRLSCAASGYTFTSYWMHWIRQSPSRGLEWLGYIRPSTGYTEYNQKFKDRFTISRDDSKNTAYLQMNSLKTEDTAVYYCGRGDNWVGFKNWGQGTLVTVSS,DIQMTQSPSSLSASVGDRVTITCSASSSISYMHWYQQKPGQAPRLLIYSTSNLASGVPSRFSGSGSGTDFTFTISSLEAEDAATYYCHQWSTYHTFGQGTKVEIK
Trinbelimab,preclinical,monospecific_IgG_Fab,genetically_human,RhD/CD240D/RhPI,QVQLVQSGAEVKKPGSSVKVSCKASGGIFRTYAISWVRQAPGQGLEWMGGIIPMFGTVNYAQKFQGRVTISADKSTSTAYMELSRLRSEDTAVYYCARPPSGGCGGDCSRRGYYYAMDVWGQGTTITVSS,QSALTQPASVSGSPGQSITISCSGSSSDVGGYKYVSWYQQHPGKAPQLMIYDVNNRPSGVSNRFSGSKSGNTASLTISGLQAEDEADYYCSSYTSSSTRVFGGGTKLTVL
Trosunilimab,preclinical,monospecific_IgG_Fab,humanised,ITGA4B7,EVQLVQSGAEVKKPGSSVKVSCKASGFNIKNTYMHWVRQAPGQGLEWIGRIDPAKGHTEYAPKFLGRVTITADESTNTAYMELSSLRSEDTAVYYCYYVDVWGQGTTVTVSS,DIQMTQSPSSLSASVGDRVTITCHASQDISDNIGWLQQKPGKSFKLLIYHGTNLEDGVPSRFSGSGSGTDYTLTISSLQPEDFATYYCVQYAQFPWTFGGGTKVEIK
Trovostobart,preclinical,monospecific_IgG_Fab,genetically_human,VSIR/VISTA/B7H5/PD1H/SISP1,QVQLVESGPGLVKPSETLSLTCTVSGGSISSYYWSWIRQPPGKGLEWIGYIYYSGSTNYNPSLKSRVTISVDTSKSQFSLKLSSVTAADTAVYYCARDIPAFAFDIWGQGTMVIVSS,EIVLTQSPATLSLSPGERATLSCRASQSVSYYLAWYQQKPGQAPRLLIYDAFNRATGIPARFSGSGSGTDFTLTISSLEPEDFAVYYCQQRINWPLTFGGGTKVEIK
Ubletamig,preclinical,bispecific_IgG_like,genetically_human,MUC16/CA125;CD28,EVQLVESGGGLEQPGRSLRLSCTASGFAFGDHTMSWVRQAPGKGLEWVGFIRSRAYGGTTEYAASVKGRFTISRDDSKSIAYLQMDSLKTEDTAVYYCTSGGYDSSLHYYYYYHGMDVWGRGTTVTVSS,EIVLTQSPGTLSLSPGERATLSCRASQSVSSSYLAWYQQKPGQAPRLLIYGASSRATGIPDRFSGSGSGTDFTLTISRLEPEDFAVYYCQQYGSSPWTFGQGTKVEIK
Umizortamig1,preclinical,bispecific_scFv_like,other,EGFRvIII;CD3E,EVQLVESGGGLVQPGGSLRLSCAASGFTISTNAMSWVRQAPGKGLEWIGVITGRDITYYASWAKGRFTISRDNSKNTLYLQMNSLRAEDTAVYYCARDGGSSAITSNNIWGQGTLVTVSS,DVVMTQSPSTLSASVGDRVTINCQASESISSWLAWYQQKPGKAPKLLIYEASKLASGVPSRFSGSGSGTEFTLTISSLQPDDFATYYCQGYFYFISRTYVNSFGGGTKVEIK
Umizortamig2,preclinical,bispecific_scFv_like,other,PDL1/CD274;TNFRSF9/CD137/4-1BB,EVQLLESGGGLVQPGGSLRLSCAASGFSFSSGYDMCWVRQAPGKGLEWIACIAAGSAGITYDANWAKGRFTISRDNSKNTLYLQMNSLRAEDTAVYYCARSAFSFDYAMDLWGQGTLVTVSS,DIQMTQSPSTLSASVGDRVTITCQASQSISSHLNWYQQKPGKAPKLLIYKASTLASGVPSRFSGSGSGTEFTLTISSLQPDDFATYYCQQGYSWGNVDNVFGGGTKVEIK
Usilnetug,preclinical,monospecific_IgG_Fab,humanised_engineered,APP Abeta N3pGlu,EVQLQESGPGLVKPSQTLSLTCTFSGFSLSTSGMGVSWIRQPPGKGLEWLAHIYWDDDKRYNPYMKRRLTISKDTSKNQVSLKISSVTAADTAVYYCARRADDYDVGFAYWGQGTLVTVSS,DIQMTQSPSSVSASVGDRVTITCLASQTIGTWLAWYQQKPGKSPKLLIYAATSLADGVPSRFSGSGSGTDFTLTISSLQPEDFATYYCQQLYSSPFTFGQGTKLEIK
Velaprumig,preclinical,bispecific_scFv_like,humanised_engineered,ALB;CD40LG/CD154,QVQLVQSGGGPVKPGGSLRLSCAASGFMFRAYSMNWVRQAPGKGLEWVSSISSSGRYIHYADSVKGRFTISRDNAKNSLYLQMNSLRAEDTAVYYCARETVMAGKALDYWGQGTLVTVSS,DIVLTQSPGTLSLSPGETATLSCRASQSVGSNLAWYQQKPGQAPRLLIYGASTGATGVPARFSGSRSGTDFTLTITSLQPEDFATYYCQQYYSFLAKTFGQGTQLEIK
Vixticibart,preclinical,monospecific_IgG_Fab,genetically_human,NPR1/ANPRA/ANPa/GUC2A/GUCY2A/NPRA,QVQLVQSGAEVKKPGASVTVSCKASGYTFTDYYMHWVRQAPGQGLEWMGWIKPNSGGTNSAQRFQGRITMTWDTSISTAYMELSRLRSDDTAVYYCSRGGPVMNYYYYYGMDVWGQGTTVTVSS,NIQMTQSPSSLSASVGDRVTITCRASQSIDSYLNWYQQKPGKAPKLLIYVASSLQSGVPSRFSGSGSGKDFTLTISSLQPEDFATYYCQQSYSIPTFGQGTRLEIK
Zadoprubart,preclinical,monospecific_IgG_Fab,humanised,BTLA/CD272,QVQLVQSGAEVKKPGSSVKVSCKASGYVFSTSWMNWVRQAPGQGLEWMGRIYPGDADTNYVGKFKGRVTITADKSTTTAYMELSSLRSEDTAVYFCAKSGTFNFGNYRWYFDVWGKGTTVTVSS,AIQLTQSPSSLSASVGDRVTITCRVSENIYSHLAWYQQKPGKAPKLLIYAATNLALGVPSRFSGSGSGTDYTLTISSLQPEDFATYYCQLFWGPPLTFGGGTKVEIK
Zamubafusp,preclinical,fusion,humanised,Human variable immunoglobulin light chain (N-terminal cryptic neo-epitope),QVQLQESGPGLVKPSETLSLTCTVSGFSLSSYGVSWIRQPPGKGLEWLGVIWGEGSTNYHPNLMSRVTISVDTSKSQVLFKLSSVTAADTAVYYCATLDYWGQGTSVTVSS,DVVMTQSPLSLPVTLGQPASISCRSSQSLVHRSGNTYLHWFQQRPGQSPRLLIYKVSNRFSGVPDRFSGSGSGTDFTLKISRVEAEDVGVYFCFQTTYVPNTFGGGTKLEIK
Zeleciment,preclinical,monospecific_IgG_Fab,humanised_engineered,TFRC/CD71,QVQLQESGPGLVKPSQTLSLTCTVTGYSITSGYYWNWIRQPPGKGLEWIGYITFDGANNYNPSLKNRVSISRDTSKNQFSLKLSSVTAEDTATYYCTRSSYDYDVLDYWGQGTTVTVSS,DIQMTQSPSSLSASVGDRVTITCRASQDISNFLNWYQQKPGQPVKLLIYYTSRLHSGVPSRFSGSGSGTDFTLTISSLQPEDFATYYCQQGHTLPYTFGQGTKLEIK
Zemocimig,preclinical,bispecific_IgG_like,humanised,F9a;F10,QVQLVESGGGLVQPGGSLRLSCAASGFTFSYYDIQWVRQAPGKGLEWVSSISPSGQSTYYRREVKGRFTISRDNSKNTLYLQMNSLRAEDTAVYYCARRTGREEGGWIFDYWGQGTLVTVSS,EIVLTQSPATLSVSPGERATLSCRASRSVRRELAWYQQKPGQAPELLIYGASTRETGIPARFSGSGSGTDFTLTINSLEAEDAATYYCQQYRDPPGTFGGGTKVEIK
