human_template	alpaca_scaffold	human_plan	framework_identity	framework_similarity	fr1_identity	fr2_identity	fr3_identity	fr2_hydrophobicity_mismatch	vhh_hallmark_score
HUMAN_VH3_SCF_01_SAFE_A	VHH_SCF_01	A	0.5	0.724	0.52	0.588	0.447	0.059	1.0
HUMAN_VH3_SCF_01_SAFE_A	VHH_SCF_02	A	0.512	0.741	0.56	0.588	0.447	0.059	1.0
HUMAN_VH3_SCF_01_SAFE_A	VHH_SCF_03	A	0.228	0.387	0.56	0.125	0.447	0.438	1.0
HUMAN_VH3_SCF_01_SAFE_A	VHH_SCF_04	A	0.925	0.95	1.0	0.882	0.895	0.118	1.0
HUMAN_VH3_SCF_01_SAFE_A	VHH_SCF_05	A	0.812	0.882	0.92	0.529	0.868	0.235	1.0
HUMAN_VH3_SCF_01_SAFE_A	VHH_SCF_06	A	0.9	0.949	0.92	0.882	0.895	0.059	1.0
HUMAN_VH3_SCF_01_SAFE_A	VHH_SCF_07	A	0.825	0.915	0.92	0.824	0.763	0.118	1.0
HUMAN_VH3_SCF_01_SAFE_A	VHH_SCF_08	A	0.838	0.881	0.92	0.588	0.895	0.235	1.0
HUMAN_VH3_SCF_01_SAFE_A	VHH_SCF_09	A	0.838	0.901	0.96	0.588	0.868	0.235	1.0
HUMAN_VH3_SCF_01_SAFE_A	VHH_SCF_10	A	0.825	0.875	0.88	0.647	0.868	0.176	1.0
HUMAN_VH3_SCF_01_SAFE_A	VHH_SCF_11	A	0.875	0.93	0.92	0.765	0.895	0.059	1.0
HUMAN_VH3_SCF_01_SAFE_A	VHH_SCF_12	A	0.575	0.761	0.56	0.647	0.553	0.118	1.0
HUMAN_VH3_SCF_01_SAFE_A	VHH_SCF_13	A	0.329	0.486	0.52	0.625	0.553	0.188	1.0
HUMAN_VH3_SCF_01_SAFE_A	VHH_SCF_14	A	0.103	0.301	0.167	0.562	0.526	0.188	1.0
HUMAN_VH3_SCF_01_SAFE_B	VHH_SCF_01	B	0.5	0.724	0.52	0.588	0.447	0.059	1.0
HUMAN_VH3_SCF_01_SAFE_B	VHH_SCF_02	B	0.512	0.741	0.56	0.588	0.447	0.059	1.0
HUMAN_VH3_SCF_01_SAFE_B	VHH_SCF_03	B	0.228	0.387	0.56	0.125	0.447	0.438	1.0
HUMAN_VH3_SCF_01_SAFE_B	VHH_SCF_04	B	0.925	0.95	1.0	0.882	0.895	0.118	1.0
HUMAN_VH3_SCF_01_SAFE_B	VHH_SCF_05	B	0.812	0.882	0.92	0.529	0.868	0.235	1.0
HUMAN_VH3_SCF_01_SAFE_B	VHH_SCF_06	B	0.9	0.949	0.92	0.882	0.895	0.059	1.0
HUMAN_VH3_SCF_01_SAFE_B	VHH_SCF_07	B	0.825	0.915	0.92	0.824	0.763	0.118	1.0
HUMAN_VH3_SCF_01_SAFE_B	VHH_SCF_08	B	0.838	0.881	0.92	0.588	0.895	0.235	1.0
HUMAN_VH3_SCF_01_SAFE_B	VHH_SCF_09	B	0.838	0.901	0.96	0.588	0.868	0.235	1.0
HUMAN_VH3_SCF_01_SAFE_B	VHH_SCF_10	B	0.825	0.875	0.88	0.647	0.868	0.176	1.0
HUMAN_VH3_SCF_01_SAFE_B	VHH_SCF_11	B	0.875	0.93	0.92	0.765	0.895	0.059	1.0
HUMAN_VH3_SCF_01_SAFE_B	VHH_SCF_12	B	0.575	0.761	0.56	0.647	0.553	0.118	1.0
HUMAN_VH3_SCF_01_SAFE_B	VHH_SCF_13	B	0.329	0.486	0.52	0.625	0.553	0.188	1.0
HUMAN_VH3_SCF_01_SAFE_B	VHH_SCF_14	B	0.103	0.301	0.167	0.562	0.526	0.188	1.0
HUMAN_VH3_SCF_01_SAFE_C	VHH_SCF_01	C	0.5	0.724	0.52	0.588	0.447	0.059	1.0
HUMAN_VH3_SCF_01_SAFE_C	VHH_SCF_02	C	0.512	0.741	0.56	0.588	0.447	0.059	1.0
HUMAN_VH3_SCF_01_SAFE_C	VHH_SCF_03	C	0.228	0.387	0.56	0.125	0.447	0.438	1.0
HUMAN_VH3_SCF_01_SAFE_C	VHH_SCF_04	C	0.925	0.95	1.0	0.882	0.895	0.118	1.0
HUMAN_VH3_SCF_01_SAFE_C	VHH_SCF_05	C	0.812	0.882	0.92	0.529	0.868	0.235	1.0
HUMAN_VH3_SCF_01_SAFE_C	VHH_SCF_06	C	0.9	0.949	0.92	0.882	0.895	0.059	1.0
HUMAN_VH3_SCF_01_SAFE_C	VHH_SCF_07	C	0.825	0.915	0.92	0.824	0.763	0.118	1.0
HUMAN_VH3_SCF_01_SAFE_C	VHH_SCF_08	C	0.838	0.881	0.92	0.588	0.895	0.235	1.0
HUMAN_VH3_SCF_01_SAFE_C	VHH_SCF_09	C	0.838	0.901	0.96	0.588	0.868	0.235	1.0
HUMAN_VH3_SCF_01_SAFE_C	VHH_SCF_10	C	0.825	0.875	0.88	0.647	0.868	0.176	1.0
HUMAN_VH3_SCF_01_SAFE_C	VHH_SCF_11	C	0.875	0.93	0.92	0.765	0.895	0.059	1.0
HUMAN_VH3_SCF_01_SAFE_C	VHH_SCF_12	C	0.575	0.761	0.56	0.647	0.553	0.118	1.0
HUMAN_VH3_SCF_01_SAFE_C	VHH_SCF_13	C	0.329	0.486	0.52	0.625	0.553	0.188	1.0
HUMAN_VH3_SCF_01_SAFE_C	VHH_SCF_14	C	0.103	0.301	0.167	0.562	0.526	0.188	1.0
HUMAN_VH3_SCF_02_SAFE_A	VHH_SCF_01	A	0.45	0.682	0.52	0.529	0.368	0.176	1.0
HUMAN_VH3_SCF_02_SAFE_A	VHH_SCF_02	A	0.463	0.7	0.56	0.529	0.368	0.176	1.0
HUMAN_VH3_SCF_02_SAFE_A	VHH_SCF_03	A	0.241	0.394	0.56	0.125	0.368	0.375	1.0
HUMAN_VH3_SCF_02_SAFE_A	VHH_SCF_04	A	0.863	0.91	1.0	0.824	0.789	0.118	1.0
HUMAN_VH3_SCF_02_SAFE_A	VHH_SCF_05	A	0.762	0.843	0.92	0.529	0.763	0.235	1.0
HUMAN_VH3_SCF_02_SAFE_A	VHH_SCF_06	A	0.825	0.887	0.92	0.765	0.789	0.176	1.0
HUMAN_VH3_SCF_02_SAFE_A	VHH_SCF_07	A	0.775	0.88	0.92	0.824	0.658	0.118	1.0
HUMAN_VH3_SCF_02_SAFE_A	VHH_SCF_08	A	0.762	0.838	0.92	0.471	0.789	0.235	1.0
HUMAN_VH3_SCF_02_SAFE_A	VHH_SCF_09	A	0.762	0.849	0.96	0.471	0.763	0.235	1.0
HUMAN_VH3_SCF_02_SAFE_A	VHH_SCF_10	A	0.762	0.832	0.88	0.588	0.763	0.176	1.0
HUMAN_VH3_SCF_02_SAFE_A	VHH_SCF_11	A	0.812	0.884	0.92	0.706	0.789	0.176	1.0
HUMAN_VH3_SCF_02_SAFE_A	VHH_SCF_12	A	0.537	0.74	0.56	0.588	0.5	0.118	1.0
HUMAN_VH3_SCF_02_SAFE_A	VHH_SCF_13	A	0.316	0.473	0.52	0.5	0.5	0.25	1.0
HUMAN_VH3_SCF_02_SAFE_A	VHH_SCF_14	A	0.09	0.294	0.167	0.438	0.474	0.25	1.0
HUMAN_VH3_SCF_02_SAFE_B	VHH_SCF_01	B	0.45	0.682	0.52	0.529	0.368	0.176	1.0
HUMAN_VH3_SCF_02_SAFE_B	VHH_SCF_02	B	0.463	0.7	0.56	0.529	0.368	0.176	1.0
HUMAN_VH3_SCF_02_SAFE_B	VHH_SCF_03	B	0.241	0.394	0.56	0.125	0.368	0.375	1.0
HUMAN_VH3_SCF_02_SAFE_B	VHH_SCF_04	B	0.863	0.91	1.0	0.824	0.789	0.118	1.0
HUMAN_VH3_SCF_02_SAFE_B	VHH_SCF_05	B	0.762	0.843	0.92	0.529	0.763	0.235	1.0
HUMAN_VH3_SCF_02_SAFE_B	VHH_SCF_06	B	0.825	0.887	0.92	0.765	0.789	0.176	1.0
HUMAN_VH3_SCF_02_SAFE_B	VHH_SCF_07	B	0.775	0.88	0.92	0.824	0.658	0.118	1.0
HUMAN_VH3_SCF_02_SAFE_B	VHH_SCF_08	B	0.762	0.838	0.92	0.471	0.789	0.235	1.0
HUMAN_VH3_SCF_02_SAFE_B	VHH_SCF_09	B	0.762	0.849	0.96	0.471	0.763	0.235	1.0
HUMAN_VH3_SCF_02_SAFE_B	VHH_SCF_10	B	0.762	0.832	0.88	0.588	0.763	0.176	1.0
HUMAN_VH3_SCF_02_SAFE_B	VHH_SCF_11	B	0.812	0.884	0.92	0.706	0.789	0.176	1.0
HUMAN_VH3_SCF_02_SAFE_B	VHH_SCF_12	B	0.537	0.74	0.56	0.588	0.5	0.118	1.0
HUMAN_VH3_SCF_02_SAFE_B	VHH_SCF_13	B	0.316	0.473	0.52	0.5	0.5	0.25	1.0
HUMAN_VH3_SCF_02_SAFE_B	VHH_SCF_14	B	0.09	0.294	0.167	0.438	0.474	0.25	1.0
HUMAN_VH3_SCF_02_SAFE_C	VHH_SCF_01	C	0.45	0.682	0.52	0.529	0.368	0.176	1.0
HUMAN_VH3_SCF_02_SAFE_C	VHH_SCF_02	C	0.463	0.7	0.56	0.529	0.368	0.176	1.0
HUMAN_VH3_SCF_02_SAFE_C	VHH_SCF_03	C	0.241	0.394	0.56	0.125	0.368	0.375	1.0
HUMAN_VH3_SCF_02_SAFE_C	VHH_SCF_04	C	0.863	0.91	1.0	0.824	0.789	0.118	1.0
HUMAN_VH3_SCF_02_SAFE_C	VHH_SCF_05	C	0.762	0.843	0.92	0.529	0.763	0.235	1.0
HUMAN_VH3_SCF_02_SAFE_C	VHH_SCF_06	C	0.825	0.887	0.92	0.765	0.789	0.176	1.0
HUMAN_VH3_SCF_02_SAFE_C	VHH_SCF_07	C	0.775	0.88	0.92	0.824	0.658	0.118	1.0
HUMAN_VH3_SCF_02_SAFE_C	VHH_SCF_08	C	0.762	0.838	0.92	0.471	0.789	0.235	1.0
HUMAN_VH3_SCF_02_SAFE_C	VHH_SCF_09	C	0.762	0.849	0.96	0.471	0.763	0.235	1.0
HUMAN_VH3_SCF_02_SAFE_C	VHH_SCF_10	C	0.762	0.832	0.88	0.588	0.763	0.176	1.0
HUMAN_VH3_SCF_02_SAFE_C	VHH_SCF_11	C	0.812	0.884	0.92	0.706	0.789	0.176	1.0
HUMAN_VH3_SCF_02_SAFE_C	VHH_SCF_12	C	0.537	0.74	0.56	0.588	0.5	0.118	1.0
HUMAN_VH3_SCF_02_SAFE_C	VHH_SCF_13	C	0.316	0.473	0.52	0.5	0.5	0.25	1.0
HUMAN_VH3_SCF_02_SAFE_C	VHH_SCF_14	C	0.09	0.294	0.167	0.438	0.474	0.25	1.0
HUMAN_VH3_SCF_03_SAFE_A	VHH_SCF_01	A	0.55	0.754	0.56	0.706	0.474	0.059	1.0
HUMAN_VH3_SCF_03_SAFE_A	VHH_SCF_02	A	0.562	0.771	0.6	0.706	0.474	0.059	1.0
HUMAN_VH3_SCF_03_SAFE_A	VHH_SCF_03	A	0.228	0.39	0.6	0.125	0.474	0.438	1.0
HUMAN_VH3_SCF_03_SAFE_A	VHH_SCF_04	A	0.863	0.887	0.96	0.824	0.816	0.118	1.0
HUMAN_VH3_SCF_03_SAFE_A	VHH_SCF_05	A	0.762	0.832	0.88	0.529	0.789	0.235	1.0
HUMAN_VH3_SCF_03_SAFE_A	VHH_SCF_06	A	0.838	0.881	0.88	0.824	0.816	0.059	1.0
HUMAN_VH3_SCF_03_SAFE_A	VHH_SCF_07	A	0.775	0.857	0.88	0.765	0.711	0.118	1.0
HUMAN_VH3_SCF_03_SAFE_A	VHH_SCF_08	A	0.787	0.831	0.88	0.588	0.816	0.235	1.0
HUMAN_VH3_SCF_03_SAFE_A	VHH_SCF_09	A	0.775	0.839	0.92	0.529	0.789	0.235	1.0
HUMAN_VH3_SCF_03_SAFE_A	VHH_SCF_10	A	0.775	0.823	0.84	0.588	0.816	0.176	1.0
HUMAN_VH3_SCF_03_SAFE_A	VHH_SCF_11	A	0.812	0.884	0.88	0.706	0.816	0.059	1.0
HUMAN_VH3_SCF_03_SAFE_A	VHH_SCF_12	A	0.588	0.762	0.6	0.706	0.526	0.118	1.0
HUMAN_VH3_SCF_03_SAFE_A	VHH_SCF_13	A	0.316	0.486	0.56	0.625	0.526	0.188	1.0
HUMAN_VH3_SCF_03_SAFE_A	VHH_SCF_14	A	0.077	0.287	0.167	0.562	0.5	0.188	1.0
HUMAN_VH3_SCF_03_SAFE_B	VHH_SCF_01	B	0.55	0.754	0.56	0.706	0.474	0.059	1.0
HUMAN_VH3_SCF_03_SAFE_B	VHH_SCF_02	B	0.562	0.771	0.6	0.706	0.474	0.059	1.0
HUMAN_VH3_SCF_03_SAFE_B	VHH_SCF_03	B	0.228	0.39	0.6	0.125	0.474	0.438	1.0
HUMAN_VH3_SCF_03_SAFE_B	VHH_SCF_04	B	0.863	0.887	0.96	0.824	0.816	0.118	1.0
HUMAN_VH3_SCF_03_SAFE_B	VHH_SCF_05	B	0.762	0.832	0.88	0.529	0.789	0.235	1.0
HUMAN_VH3_SCF_03_SAFE_B	VHH_SCF_06	B	0.838	0.881	0.88	0.824	0.816	0.059	1.0
HUMAN_VH3_SCF_03_SAFE_B	VHH_SCF_07	B	0.775	0.857	0.88	0.765	0.711	0.118	1.0
HUMAN_VH3_SCF_03_SAFE_B	VHH_SCF_08	B	0.787	0.831	0.88	0.588	0.816	0.235	1.0
HUMAN_VH3_SCF_03_SAFE_B	VHH_SCF_09	B	0.775	0.839	0.92	0.529	0.789	0.235	1.0
HUMAN_VH3_SCF_03_SAFE_B	VHH_SCF_10	B	0.775	0.823	0.84	0.588	0.816	0.176	1.0
HUMAN_VH3_SCF_03_SAFE_B	VHH_SCF_11	B	0.812	0.884	0.88	0.706	0.816	0.059	1.0
HUMAN_VH3_SCF_03_SAFE_B	VHH_SCF_12	B	0.588	0.762	0.6	0.706	0.526	0.118	1.0
HUMAN_VH3_SCF_03_SAFE_B	VHH_SCF_13	B	0.316	0.486	0.56	0.625	0.526	0.188	1.0
HUMAN_VH3_SCF_03_SAFE_B	VHH_SCF_14	B	0.077	0.287	0.167	0.562	0.5	0.188	1.0
HUMAN_VH3_SCF_03_SAFE_C	VHH_SCF_01	C	0.55	0.754	0.56	0.706	0.474	0.059	1.0
HUMAN_VH3_SCF_03_SAFE_C	VHH_SCF_02	C	0.562	0.771	0.6	0.706	0.474	0.059	1.0
HUMAN_VH3_SCF_03_SAFE_C	VHH_SCF_03	C	0.228	0.39	0.6	0.125	0.474	0.438	1.0
HUMAN_VH3_SCF_03_SAFE_C	VHH_SCF_04	C	0.863	0.887	0.96	0.824	0.816	0.118	1.0
HUMAN_VH3_SCF_03_SAFE_C	VHH_SCF_05	C	0.762	0.832	0.88	0.529	0.789	0.235	1.0
HUMAN_VH3_SCF_03_SAFE_C	VHH_SCF_06	C	0.838	0.881	0.88	0.824	0.816	0.059	1.0
HUMAN_VH3_SCF_03_SAFE_C	VHH_SCF_07	C	0.775	0.857	0.88	0.765	0.711	0.118	1.0
HUMAN_VH3_SCF_03_SAFE_C	VHH_SCF_08	C	0.787	0.831	0.88	0.588	0.816	0.235	1.0
HUMAN_VH3_SCF_03_SAFE_C	VHH_SCF_09	C	0.775	0.839	0.92	0.529	0.789	0.235	1.0
HUMAN_VH3_SCF_03_SAFE_C	VHH_SCF_10	C	0.775	0.823	0.84	0.588	0.816	0.176	1.0
HUMAN_VH3_SCF_03_SAFE_C	VHH_SCF_11	C	0.812	0.884	0.88	0.706	0.816	0.059	1.0
HUMAN_VH3_SCF_03_SAFE_C	VHH_SCF_12	C	0.588	0.762	0.6	0.706	0.526	0.118	1.0
HUMAN_VH3_SCF_03_SAFE_C	VHH_SCF_13	C	0.316	0.486	0.56	0.625	0.526	0.188	1.0
HUMAN_VH3_SCF_03_SAFE_C	VHH_SCF_14	C	0.077	0.287	0.167	0.562	0.5	0.188	1.0
HUMAN_VH3_SCF_04_SAFE_A	VHH_SCF_01	A	0.425	0.662	0.52	0.529	0.316	0.059	1.0
HUMAN_VH3_SCF_04_SAFE_A	VHH_SCF_02	A	0.438	0.681	0.56	0.529	0.316	0.059	1.0
HUMAN_VH3_SCF_04_SAFE_A	VHH_SCF_03	A	0.228	0.43	0.56	0.062	0.316	0.438	1.0
HUMAN_VH3_SCF_04_SAFE_A	VHH_SCF_04	A	0.775	0.854	1.0	0.765	0.632	0.118	1.0
HUMAN_VH3_SCF_04_SAFE_A	VHH_SCF_05	A	0.688	0.787	0.92	0.529	0.605	0.235	1.0
HUMAN_VH3_SCF_04_SAFE_A	VHH_SCF_06	A	0.75	0.844	0.92	0.765	0.632	0.059	1.0
HUMAN_VH3_SCF_04_SAFE_A	VHH_SCF_07	A	0.725	0.831	0.92	0.765	0.579	0.118	1.0
HUMAN_VH3_SCF_04_SAFE_A	VHH_SCF_08	A	0.688	0.779	0.92	0.471	0.632	0.235	1.0
HUMAN_VH3_SCF_04_SAFE_A	VHH_SCF_09	A	0.7	0.801	0.96	0.529	0.605	0.235	1.0
HUMAN_VH3_SCF_04_SAFE_A	VHH_SCF_10	A	0.713	0.786	0.88	0.647	0.632	0.176	1.0
HUMAN_VH3_SCF_04_SAFE_A	VHH_SCF_11	A	0.775	0.844	0.92	0.882	0.632	0.059	1.0
HUMAN_VH3_SCF_04_SAFE_A	VHH_SCF_12	A	0.525	0.709	0.56	0.588	0.474	0.118	1.0
HUMAN_VH3_SCF_04_SAFE_A	VHH_SCF_13	A	0.316	0.505	0.52	0.562	0.474	0.188	1.0
HUMAN_VH3_SCF_04_SAFE_A	VHH_SCF_14	A	0.09	0.282	0.167	0.5	0.447	0.188	1.0
HUMAN_VH3_SCF_04_SAFE_B	VHH_SCF_01	B	0.425	0.662	0.52	0.529	0.316	0.059	1.0
HUMAN_VH3_SCF_04_SAFE_B	VHH_SCF_02	B	0.438	0.681	0.56	0.529	0.316	0.059	1.0
HUMAN_VH3_SCF_04_SAFE_B	VHH_SCF_03	B	0.228	0.43	0.56	0.062	0.316	0.438	1.0
HUMAN_VH3_SCF_04_SAFE_B	VHH_SCF_04	B	0.775	0.854	1.0	0.765	0.632	0.118	1.0
HUMAN_VH3_SCF_04_SAFE_B	VHH_SCF_05	B	0.688	0.787	0.92	0.529	0.605	0.235	1.0
HUMAN_VH3_SCF_04_SAFE_B	VHH_SCF_06	B	0.75	0.844	0.92	0.765	0.632	0.059	1.0
HUMAN_VH3_SCF_04_SAFE_B	VHH_SCF_07	B	0.725	0.831	0.92	0.765	0.579	0.118	1.0
HUMAN_VH3_SCF_04_SAFE_B	VHH_SCF_08	B	0.688	0.779	0.92	0.471	0.632	0.235	1.0
HUMAN_VH3_SCF_04_SAFE_B	VHH_SCF_09	B	0.7	0.801	0.96	0.529	0.605	0.235	1.0
HUMAN_VH3_SCF_04_SAFE_B	VHH_SCF_10	B	0.713	0.786	0.88	0.647	0.632	0.176	1.0
HUMAN_VH3_SCF_04_SAFE_B	VHH_SCF_11	B	0.775	0.844	0.92	0.882	0.632	0.059	1.0
HUMAN_VH3_SCF_04_SAFE_B	VHH_SCF_12	B	0.525	0.709	0.56	0.588	0.474	0.118	1.0
HUMAN_VH3_SCF_04_SAFE_B	VHH_SCF_13	B	0.316	0.505	0.52	0.562	0.474	0.188	1.0
HUMAN_VH3_SCF_04_SAFE_B	VHH_SCF_14	B	0.09	0.282	0.167	0.5	0.447	0.188	1.0
HUMAN_VH3_SCF_04_SAFE_C	VHH_SCF_01	C	0.425	0.662	0.52	0.529	0.316	0.059	1.0
HUMAN_VH3_SCF_04_SAFE_C	VHH_SCF_02	C	0.438	0.681	0.56	0.529	0.316	0.059	1.0
HUMAN_VH3_SCF_04_SAFE_C	VHH_SCF_03	C	0.228	0.43	0.56	0.062	0.316	0.438	1.0
HUMAN_VH3_SCF_04_SAFE_C	VHH_SCF_04	C	0.775	0.854	1.0	0.765	0.632	0.118	1.0
HUMAN_VH3_SCF_04_SAFE_C	VHH_SCF_05	C	0.688	0.787	0.92	0.529	0.605	0.235	1.0
HUMAN_VH3_SCF_04_SAFE_C	VHH_SCF_06	C	0.75	0.844	0.92	0.765	0.632	0.059	1.0
HUMAN_VH3_SCF_04_SAFE_C	VHH_SCF_07	C	0.725	0.831	0.92	0.765	0.579	0.118	1.0
HUMAN_VH3_SCF_04_SAFE_C	VHH_SCF_08	C	0.688	0.779	0.92	0.471	0.632	0.235	1.0
HUMAN_VH3_SCF_04_SAFE_C	VHH_SCF_09	C	0.7	0.801	0.96	0.529	0.605	0.235	1.0
HUMAN_VH3_SCF_04_SAFE_C	VHH_SCF_10	C	0.713	0.786	0.88	0.647	0.632	0.176	1.0
HUMAN_VH3_SCF_04_SAFE_C	VHH_SCF_11	C	0.775	0.844	0.92	0.882	0.632	0.059	1.0
HUMAN_VH3_SCF_04_SAFE_C	VHH_SCF_12	C	0.525	0.709	0.56	0.588	0.474	0.118	1.0
HUMAN_VH3_SCF_04_SAFE_C	VHH_SCF_13	C	0.316	0.505	0.52	0.562	0.474	0.188	1.0
HUMAN_VH3_SCF_04_SAFE_C	VHH_SCF_14	C	0.09	0.282	0.167	0.5	0.447	0.188	1.0
HUMAN_VH3_SCF_05_SAFE_A	VHH_SCF_01	A	0.487	0.688	0.52	0.588	0.421	0.059	1.0
HUMAN_VH3_SCF_05_SAFE_A	VHH_SCF_02	A	0.487	0.7	0.52	0.588	0.421	0.059	1.0
HUMAN_VH3_SCF_05_SAFE_A	VHH_SCF_03	A	0.203	0.409	0.52	0.125	0.421	0.438	1.0
HUMAN_VH3_SCF_05_SAFE_A	VHH_SCF_04	A	0.838	0.88	0.96	0.824	0.763	0.118	1.0
HUMAN_VH3_SCF_05_SAFE_A	VHH_SCF_05	A	0.75	0.818	0.92	0.529	0.737	0.235	1.0
HUMAN_VH3_SCF_05_SAFE_A	VHH_SCF_06	A	0.825	0.876	0.92	0.824	0.763	0.059	1.0
HUMAN_VH3_SCF_05_SAFE_A	VHH_SCF_07	A	0.8	0.864	0.92	0.824	0.711	0.118	1.0
HUMAN_VH3_SCF_05_SAFE_A	VHH_SCF_08	A	0.75	0.805	0.88	0.529	0.763	0.235	1.0
HUMAN_VH3_SCF_05_SAFE_A	VHH_SCF_09	A	0.75	0.825	0.92	0.529	0.737	0.235	1.0
HUMAN_VH3_SCF_05_SAFE_A	VHH_SCF_10	A	0.775	0.816	0.88	0.647	0.763	0.176	1.0
HUMAN_VH3_SCF_05_SAFE_A	VHH_SCF_11	A	0.812	0.865	0.92	0.824	0.737	0.059	1.0
HUMAN_VH3_SCF_05_SAFE_A	VHH_SCF_12	A	0.537	0.729	0.56	0.588	0.5	0.118	1.0
HUMAN_VH3_SCF_05_SAFE_A	VHH_SCF_13	A	0.329	0.51	0.52	0.562	0.5	0.188	1.0
HUMAN_VH3_SCF_05_SAFE_A	VHH_SCF_14	A	0.064	0.256	0.167	0.5	0.474	0.188	1.0
HUMAN_VH3_SCF_05_SAFE_B	VHH_SCF_01	B	0.487	0.688	0.52	0.588	0.421	0.059	1.0
HUMAN_VH3_SCF_05_SAFE_B	VHH_SCF_02	B	0.487	0.7	0.52	0.588	0.421	0.059	1.0
HUMAN_VH3_SCF_05_SAFE_B	VHH_SCF_03	B	0.203	0.409	0.52	0.125	0.421	0.438	1.0
HUMAN_VH3_SCF_05_SAFE_B	VHH_SCF_04	B	0.838	0.88	0.96	0.824	0.763	0.118	1.0
HUMAN_VH3_SCF_05_SAFE_B	VHH_SCF_05	B	0.75	0.818	0.92	0.529	0.737	0.235	1.0
HUMAN_VH3_SCF_05_SAFE_B	VHH_SCF_06	B	0.825	0.876	0.92	0.824	0.763	0.059	1.0
HUMAN_VH3_SCF_05_SAFE_B	VHH_SCF_07	B	0.8	0.864	0.92	0.824	0.711	0.118	1.0
HUMAN_VH3_SCF_05_SAFE_B	VHH_SCF_08	B	0.75	0.805	0.88	0.529	0.763	0.235	1.0
HUMAN_VH3_SCF_05_SAFE_B	VHH_SCF_09	B	0.75	0.825	0.92	0.529	0.737	0.235	1.0
HUMAN_VH3_SCF_05_SAFE_B	VHH_SCF_10	B	0.775	0.816	0.88	0.647	0.763	0.176	1.0
HUMAN_VH3_SCF_05_SAFE_B	VHH_SCF_11	B	0.812	0.865	0.92	0.824	0.737	0.059	1.0
HUMAN_VH3_SCF_05_SAFE_B	VHH_SCF_12	B	0.537	0.729	0.56	0.588	0.5	0.118	1.0
HUMAN_VH3_SCF_05_SAFE_B	VHH_SCF_13	B	0.329	0.51	0.52	0.562	0.5	0.188	1.0
HUMAN_VH3_SCF_05_SAFE_B	VHH_SCF_14	B	0.064	0.256	0.167	0.5	0.474	0.188	1.0
HUMAN_VH3_SCF_05_SAFE_C	VHH_SCF_01	C	0.487	0.688	0.52	0.588	0.421	0.059	1.0
HUMAN_VH3_SCF_05_SAFE_C	VHH_SCF_02	C	0.487	0.7	0.52	0.588	0.421	0.059	1.0
HUMAN_VH3_SCF_05_SAFE_C	VHH_SCF_03	C	0.203	0.409	0.52	0.125	0.421	0.438	1.0
HUMAN_VH3_SCF_05_SAFE_C	VHH_SCF_04	C	0.838	0.88	0.96	0.824	0.763	0.118	1.0
HUMAN_VH3_SCF_05_SAFE_C	VHH_SCF_05	C	0.75	0.818	0.92	0.529	0.737	0.235	1.0
HUMAN_VH3_SCF_05_SAFE_C	VHH_SCF_06	C	0.825	0.876	0.92	0.824	0.763	0.059	1.0
HUMAN_VH3_SCF_05_SAFE_C	VHH_SCF_07	C	0.8	0.864	0.92	0.824	0.711	0.118	1.0
HUMAN_VH3_SCF_05_SAFE_C	VHH_SCF_08	C	0.75	0.805	0.88	0.529	0.763	0.235	1.0
HUMAN_VH3_SCF_05_SAFE_C	VHH_SCF_09	C	0.75	0.825	0.92	0.529	0.737	0.235	1.0
HUMAN_VH3_SCF_05_SAFE_C	VHH_SCF_10	C	0.775	0.816	0.88	0.647	0.763	0.176	1.0
HUMAN_VH3_SCF_05_SAFE_C	VHH_SCF_11	C	0.812	0.865	0.92	0.824	0.737	0.059	1.0
HUMAN_VH3_SCF_05_SAFE_C	VHH_SCF_12	C	0.537	0.729	0.56	0.588	0.5	0.118	1.0
HUMAN_VH3_SCF_05_SAFE_C	VHH_SCF_13	C	0.329	0.51	0.52	0.562	0.5	0.188	1.0
HUMAN_VH3_SCF_05_SAFE_C	VHH_SCF_14	C	0.064	0.256	0.167	0.5	0.474	0.188	1.0
HUMAN_VH3_SCF_06_SAFE_A	VHH_SCF_01	A	0.475	0.714	0.48	0.588	0.421	0.059	1.0
HUMAN_VH3_SCF_06_SAFE_A	VHH_SCF_02	A	0.487	0.734	0.52	0.588	0.421	0.059	1.0
HUMAN_VH3_SCF_06_SAFE_A	VHH_SCF_03	A	0.203	0.368	0.52	0.125	0.421	0.438	1.0
HUMAN_VH3_SCF_06_SAFE_A	VHH_SCF_04	A	0.875	0.935	0.96	0.824	0.842	0.118	1.0
HUMAN_VH3_SCF_06_SAFE_A	VHH_SCF_05	A	0.775	0.868	0.88	0.529	0.816	0.235	1.0
HUMAN_VH3_SCF_06_SAFE_A	VHH_SCF_06	A	0.85	0.925	0.88	0.824	0.842	0.059	1.0
HUMAN_VH3_SCF_06_SAFE_A	VHH_SCF_07	A	0.8	0.915	0.88	0.824	0.737	0.118	1.0
HUMAN_VH3_SCF_06_SAFE_A	VHH_SCF_08	A	0.787	0.86	0.88	0.529	0.842	0.235	1.0
HUMAN_VH3_SCF_06_SAFE_A	VHH_SCF_09	A	0.787	0.88	0.92	0.529	0.816	0.235	1.0
HUMAN_VH3_SCF_06_SAFE_A	VHH_SCF_10	A	0.8	0.87	0.84	0.647	0.842	0.176	1.0
HUMAN_VH3_SCF_06_SAFE_A	VHH_SCF_11	A	0.85	0.921	0.88	0.824	0.842	0.059	1.0
HUMAN_VH3_SCF_06_SAFE_A	VHH_SCF_12	A	0.525	0.746	0.52	0.588	0.5	0.118	1.0
HUMAN_VH3_SCF_06_SAFE_A	VHH_SCF_13	A	0.278	0.453	0.48	0.562	0.5	0.188	1.0
HUMAN_VH3_SCF_06_SAFE_A	VHH_SCF_14	A	0.103	0.287	0.208	0.5	0.474	0.188	1.0
HUMAN_VH3_SCF_06_SAFE_B	VHH_SCF_01	B	0.475	0.714	0.48	0.588	0.421	0.059	1.0
HUMAN_VH3_SCF_06_SAFE_B	VHH_SCF_02	B	0.487	0.734	0.52	0.588	0.421	0.059	1.0
HUMAN_VH3_SCF_06_SAFE_B	VHH_SCF_03	B	0.203	0.368	0.52	0.125	0.421	0.438	1.0
HUMAN_VH3_SCF_06_SAFE_B	VHH_SCF_04	B	0.875	0.935	0.96	0.824	0.842	0.118	1.0
HUMAN_VH3_SCF_06_SAFE_B	VHH_SCF_05	B	0.775	0.868	0.88	0.529	0.816	0.235	1.0
HUMAN_VH3_SCF_06_SAFE_B	VHH_SCF_06	B	0.85	0.925	0.88	0.824	0.842	0.059	1.0
HUMAN_VH3_SCF_06_SAFE_B	VHH_SCF_07	B	0.8	0.915	0.88	0.824	0.737	0.118	1.0
HUMAN_VH3_SCF_06_SAFE_B	VHH_SCF_08	B	0.787	0.86	0.88	0.529	0.842	0.235	1.0
HUMAN_VH3_SCF_06_SAFE_B	VHH_SCF_09	B	0.787	0.88	0.92	0.529	0.816	0.235	1.0
HUMAN_VH3_SCF_06_SAFE_B	VHH_SCF_10	B	0.8	0.87	0.84	0.647	0.842	0.176	1.0
HUMAN_VH3_SCF_06_SAFE_B	VHH_SCF_11	B	0.85	0.921	0.88	0.824	0.842	0.059	1.0
HUMAN_VH3_SCF_06_SAFE_B	VHH_SCF_12	B	0.525	0.746	0.52	0.588	0.5	0.118	1.0
HUMAN_VH3_SCF_06_SAFE_B	VHH_SCF_13	B	0.278	0.453	0.48	0.562	0.5	0.188	1.0
HUMAN_VH3_SCF_06_SAFE_B	VHH_SCF_14	B	0.103	0.287	0.208	0.5	0.474	0.188	1.0
HUMAN_VH3_SCF_06_SAFE_C	VHH_SCF_01	C	0.475	0.714	0.48	0.588	0.421	0.059	1.0
HUMAN_VH3_SCF_06_SAFE_C	VHH_SCF_02	C	0.487	0.734	0.52	0.588	0.421	0.059	1.0
HUMAN_VH3_SCF_06_SAFE_C	VHH_SCF_03	C	0.203	0.368	0.52	0.125	0.421	0.438	1.0
HUMAN_VH3_SCF_06_SAFE_C	VHH_SCF_04	C	0.875	0.935	0.96	0.824	0.842	0.118	1.0
HUMAN_VH3_SCF_06_SAFE_C	VHH_SCF_05	C	0.775	0.868	0.88	0.529	0.816	0.235	1.0
HUMAN_VH3_SCF_06_SAFE_C	VHH_SCF_06	C	0.85	0.925	0.88	0.824	0.842	0.059	1.0
HUMAN_VH3_SCF_06_SAFE_C	VHH_SCF_07	C	0.8	0.915	0.88	0.824	0.737	0.118	1.0
HUMAN_VH3_SCF_06_SAFE_C	VHH_SCF_08	C	0.787	0.86	0.88	0.529	0.842	0.235	1.0
HUMAN_VH3_SCF_06_SAFE_C	VHH_SCF_09	C	0.787	0.88	0.92	0.529	0.816	0.235	1.0
HUMAN_VH3_SCF_06_SAFE_C	VHH_SCF_10	C	0.8	0.87	0.84	0.647	0.842	0.176	1.0
HUMAN_VH3_SCF_06_SAFE_C	VHH_SCF_11	C	0.85	0.921	0.88	0.824	0.842	0.059	1.0
HUMAN_VH3_SCF_06_SAFE_C	VHH_SCF_12	C	0.525	0.746	0.52	0.588	0.5	0.118	1.0
HUMAN_VH3_SCF_06_SAFE_C	VHH_SCF_13	C	0.278	0.453	0.48	0.562	0.5	0.188	1.0
HUMAN_VH3_SCF_06_SAFE_C	VHH_SCF_14	C	0.103	0.287	0.208	0.5	0.474	0.188	1.0
HUMAN_VH3_SCF_07_SAFE_A	VHH_SCF_01	A	0.512	0.703	0.52	0.647	0.447	0.118	1.0
HUMAN_VH3_SCF_07_SAFE_A	VHH_SCF_02	A	0.525	0.72	0.56	0.647	0.447	0.118	1.0
HUMAN_VH3_SCF_07_SAFE_A	VHH_SCF_03	A	0.215	0.405	0.56	0.125	0.447	0.438	1.0
HUMAN_VH3_SCF_07_SAFE_A	VHH_SCF_04	A	0.812	0.87	1.0	0.824	0.684	0.059	1.0
HUMAN_VH3_SCF_07_SAFE_A	VHH_SCF_05	A	0.725	0.816	0.92	0.529	0.684	0.176	1.0
HUMAN_VH3_SCF_07_SAFE_A	VHH_SCF_06	A	0.787	0.854	0.92	0.824	0.684	0.118	1.0
HUMAN_VH3_SCF_07_SAFE_A	VHH_SCF_07	A	0.725	0.841	0.92	0.765	0.579	0.059	1.0
HUMAN_VH3_SCF_07_SAFE_A	VHH_SCF_08	A	0.738	0.815	0.92	0.588	0.684	0.176	1.0
HUMAN_VH3_SCF_07_SAFE_A	VHH_SCF_09	A	0.738	0.816	0.96	0.529	0.684	0.176	1.0
HUMAN_VH3_SCF_07_SAFE_A	VHH_SCF_10	A	0.725	0.795	0.88	0.588	0.684	0.118	1.0
HUMAN_VH3_SCF_07_SAFE_A	VHH_SCF_11	A	0.762	0.844	0.92	0.706	0.684	0.118	1.0
HUMAN_VH3_SCF_07_SAFE_A	VHH_SCF_12	A	0.562	0.759	0.56	0.706	0.5	0.059	1.0
HUMAN_VH3_SCF_07_SAFE_A	VHH_SCF_13	A	0.304	0.486	0.52	0.625	0.5	0.188	1.0
HUMAN_VH3_SCF_07_SAFE_A	VHH_SCF_14	A	0.064	0.273	0.167	0.562	0.474	0.188	1.0
HUMAN_VH3_SCF_07_SAFE_B	VHH_SCF_01	B	0.512	0.703	0.52	0.647	0.447	0.118	1.0
HUMAN_VH3_SCF_07_SAFE_B	VHH_SCF_02	B	0.525	0.72	0.56	0.647	0.447	0.118	1.0
HUMAN_VH3_SCF_07_SAFE_B	VHH_SCF_03	B	0.215	0.405	0.56	0.125	0.447	0.438	1.0
HUMAN_VH3_SCF_07_SAFE_B	VHH_SCF_04	B	0.812	0.87	1.0	0.824	0.684	0.059	1.0
HUMAN_VH3_SCF_07_SAFE_B	VHH_SCF_05	B	0.725	0.816	0.92	0.529	0.684	0.176	1.0
HUMAN_VH3_SCF_07_SAFE_B	VHH_SCF_06	B	0.787	0.854	0.92	0.824	0.684	0.118	1.0
HUMAN_VH3_SCF_07_SAFE_B	VHH_SCF_07	B	0.725	0.841	0.92	0.765	0.579	0.059	1.0
HUMAN_VH3_SCF_07_SAFE_B	VHH_SCF_08	B	0.738	0.815	0.92	0.588	0.684	0.176	1.0
HUMAN_VH3_SCF_07_SAFE_B	VHH_SCF_09	B	0.738	0.816	0.96	0.529	0.684	0.176	1.0
HUMAN_VH3_SCF_07_SAFE_B	VHH_SCF_10	B	0.725	0.795	0.88	0.588	0.684	0.118	1.0
HUMAN_VH3_SCF_07_SAFE_B	VHH_SCF_11	B	0.762	0.844	0.92	0.706	0.684	0.118	1.0
HUMAN_VH3_SCF_07_SAFE_B	VHH_SCF_12	B	0.562	0.759	0.56	0.706	0.5	0.059	1.0
HUMAN_VH3_SCF_07_SAFE_B	VHH_SCF_13	B	0.304	0.486	0.52	0.625	0.5	0.188	1.0
HUMAN_VH3_SCF_07_SAFE_B	VHH_SCF_14	B	0.064	0.273	0.167	0.562	0.474	0.188	1.0
HUMAN_VH3_SCF_07_SAFE_C	VHH_SCF_01	C	0.512	0.703	0.52	0.647	0.447	0.118	1.0
HUMAN_VH3_SCF_07_SAFE_C	VHH_SCF_02	C	0.525	0.72	0.56	0.647	0.447	0.118	1.0
HUMAN_VH3_SCF_07_SAFE_C	VHH_SCF_03	C	0.215	0.405	0.56	0.125	0.447	0.438	1.0
HUMAN_VH3_SCF_07_SAFE_C	VHH_SCF_04	C	0.812	0.87	1.0	0.824	0.684	0.059	1.0
HUMAN_VH3_SCF_07_SAFE_C	VHH_SCF_05	C	0.725	0.816	0.92	0.529	0.684	0.176	1.0
HUMAN_VH3_SCF_07_SAFE_C	VHH_SCF_06	C	0.787	0.854	0.92	0.824	0.684	0.118	1.0
HUMAN_VH3_SCF_07_SAFE_C	VHH_SCF_07	C	0.725	0.841	0.92	0.765	0.579	0.059	1.0
HUMAN_VH3_SCF_07_SAFE_C	VHH_SCF_08	C	0.738	0.815	0.92	0.588	0.684	0.176	1.0
HUMAN_VH3_SCF_07_SAFE_C	VHH_SCF_09	C	0.738	0.816	0.96	0.529	0.684	0.176	1.0
HUMAN_VH3_SCF_07_SAFE_C	VHH_SCF_10	C	0.725	0.795	0.88	0.588	0.684	0.118	1.0
HUMAN_VH3_SCF_07_SAFE_C	VHH_SCF_11	C	0.762	0.844	0.92	0.706	0.684	0.118	1.0
HUMAN_VH3_SCF_07_SAFE_C	VHH_SCF_12	C	0.562	0.759	0.56	0.706	0.5	0.059	1.0
HUMAN_VH3_SCF_07_SAFE_C	VHH_SCF_13	C	0.304	0.486	0.52	0.625	0.5	0.188	1.0
HUMAN_VH3_SCF_07_SAFE_C	VHH_SCF_14	C	0.064	0.273	0.167	0.562	0.474	0.188	1.0
HUMAN_VH3_SCF_08_SAFE_A	VHH_SCF_01	A	0.388	0.657	0.44	0.529	0.289	0.059	1.0
HUMAN_VH3_SCF_08_SAFE_A	VHH_SCF_02	A	0.412	0.679	0.52	0.529	0.289	0.059	1.0
HUMAN_VH3_SCF_08_SAFE_A	VHH_SCF_03	A	0.215	0.397	0.52	0.062	0.289	0.438	1.0
HUMAN_VH3_SCF_08_SAFE_A	VHH_SCF_04	A	0.713	0.811	0.76	0.588	0.737	0.118	1.0
HUMAN_VH3_SCF_08_SAFE_A	VHH_SCF_05	A	0.65	0.767	0.68	0.471	0.711	0.235	1.0
HUMAN_VH3_SCF_08_SAFE_A	VHH_SCF_06	A	0.688	0.807	0.68	0.588	0.737	0.059	1.0
HUMAN_VH3_SCF_08_SAFE_A	VHH_SCF_07	A	0.65	0.785	0.72	0.588	0.632	0.118	1.0
HUMAN_VH3_SCF_08_SAFE_A	VHH_SCF_08	A	0.65	0.769	0.68	0.412	0.737	0.235	1.0
HUMAN_VH3_SCF_08_SAFE_A	VHH_SCF_09	A	0.637	0.769	0.72	0.353	0.711	0.235	1.0
HUMAN_VH3_SCF_08_SAFE_A	VHH_SCF_10	A	0.625	0.741	0.64	0.412	0.711	0.176	1.0
HUMAN_VH3_SCF_08_SAFE_A	VHH_SCF_11	A	0.688	0.809	0.72	0.529	0.737	0.059	1.0
HUMAN_VH3_SCF_08_SAFE_A	VHH_SCF_12	A	0.475	0.674	0.48	0.471	0.474	0.118	1.0
HUMAN_VH3_SCF_08_SAFE_A	VHH_SCF_13	A	0.253	0.457	0.44	0.438	0.474	0.188	1.0
HUMAN_VH3_SCF_08_SAFE_A	VHH_SCF_14	A	0.064	0.286	0.125	0.375	0.447	0.188	1.0
HUMAN_VH3_SCF_08_SAFE_B	VHH_SCF_01	B	0.388	0.657	0.44	0.529	0.289	0.059	1.0
HUMAN_VH3_SCF_08_SAFE_B	VHH_SCF_02	B	0.412	0.679	0.52	0.529	0.289	0.059	1.0
HUMAN_VH3_SCF_08_SAFE_B	VHH_SCF_03	B	0.215	0.397	0.52	0.062	0.289	0.438	1.0
HUMAN_VH3_SCF_08_SAFE_B	VHH_SCF_04	B	0.713	0.811	0.76	0.588	0.737	0.118	1.0
HUMAN_VH3_SCF_08_SAFE_B	VHH_SCF_05	B	0.65	0.767	0.68	0.471	0.711	0.235	1.0
HUMAN_VH3_SCF_08_SAFE_B	VHH_SCF_06	B	0.688	0.807	0.68	0.588	0.737	0.059	1.0
HUMAN_VH3_SCF_08_SAFE_B	VHH_SCF_07	B	0.65	0.785	0.72	0.588	0.632	0.118	1.0
HUMAN_VH3_SCF_08_SAFE_B	VHH_SCF_08	B	0.65	0.769	0.68	0.412	0.737	0.235	1.0
HUMAN_VH3_SCF_08_SAFE_B	VHH_SCF_09	B	0.637	0.769	0.72	0.353	0.711	0.235	1.0
HUMAN_VH3_SCF_08_SAFE_B	VHH_SCF_10	B	0.625	0.741	0.64	0.412	0.711	0.176	1.0
HUMAN_VH3_SCF_08_SAFE_B	VHH_SCF_11	B	0.688	0.809	0.72	0.529	0.737	0.059	1.0
HUMAN_VH3_SCF_08_SAFE_B	VHH_SCF_12	B	0.475	0.674	0.48	0.471	0.474	0.118	1.0
HUMAN_VH3_SCF_08_SAFE_B	VHH_SCF_13	B	0.253	0.457	0.44	0.438	0.474	0.188	1.0
HUMAN_VH3_SCF_08_SAFE_B	VHH_SCF_14	B	0.064	0.286	0.125	0.375	0.447	0.188	1.0
HUMAN_VH3_SCF_08_SAFE_C	VHH_SCF_01	C	0.388	0.657	0.44	0.529	0.289	0.059	1.0
HUMAN_VH3_SCF_08_SAFE_C	VHH_SCF_02	C	0.412	0.679	0.52	0.529	0.289	0.059	1.0
HUMAN_VH3_SCF_08_SAFE_C	VHH_SCF_03	C	0.215	0.397	0.52	0.062	0.289	0.438	1.0
HUMAN_VH3_SCF_08_SAFE_C	VHH_SCF_04	C	0.713	0.811	0.76	0.588	0.737	0.118	1.0
HUMAN_VH3_SCF_08_SAFE_C	VHH_SCF_05	C	0.65	0.767	0.68	0.471	0.711	0.235	1.0
HUMAN_VH3_SCF_08_SAFE_C	VHH_SCF_06	C	0.688	0.807	0.68	0.588	0.737	0.059	1.0
HUMAN_VH3_SCF_08_SAFE_C	VHH_SCF_07	C	0.65	0.785	0.72	0.588	0.632	0.118	1.0
HUMAN_VH3_SCF_08_SAFE_C	VHH_SCF_08	C	0.65	0.769	0.68	0.412	0.737	0.235	1.0
HUMAN_VH3_SCF_08_SAFE_C	VHH_SCF_09	C	0.637	0.769	0.72	0.353	0.711	0.235	1.0
HUMAN_VH3_SCF_08_SAFE_C	VHH_SCF_10	C	0.625	0.741	0.64	0.412	0.711	0.176	1.0
HUMAN_VH3_SCF_08_SAFE_C	VHH_SCF_11	C	0.688	0.809	0.72	0.529	0.737	0.059	1.0
HUMAN_VH3_SCF_08_SAFE_C	VHH_SCF_12	C	0.475	0.674	0.48	0.471	0.474	0.118	1.0
HUMAN_VH3_SCF_08_SAFE_C	VHH_SCF_13	C	0.253	0.457	0.44	0.438	0.474	0.188	1.0
HUMAN_VH3_SCF_08_SAFE_C	VHH_SCF_14	C	0.064	0.286	0.125	0.375	0.447	0.188	1.0
HUMAN_VH3_SCF_09_SAFE_A	VHH_SCF_01	A	0.047	0.269	0.0	0.0	0.316	0.5	0.0
HUMAN_VH3_SCF_09_SAFE_A	VHH_SCF_02	A	0.047	0.261	0.0	0.0	0.316	0.5	0.0
HUMAN_VH3_SCF_09_SAFE_A	VHH_SCF_03	A	0.047	0.286	0.0	0.071	0.316	0.571	0.0
HUMAN_VH3_SCF_09_SAFE_A	VHH_SCF_04	A	0.016	0.264	0.0	0.0	0.711	0.5	0.0
HUMAN_VH3_SCF_09_SAFE_A	VHH_SCF_05	A	0.016	0.25	0.0	0.0	0.684	0.571	0.0
HUMAN_VH3_SCF_09_SAFE_A	VHH_SCF_06	A	0.016	0.273	0.0	0.0	0.711	0.5	0.0
HUMAN_VH3_SCF_09_SAFE_A	VHH_SCF_07	A	0.016	0.273	0.0	0.0	0.632	0.5	0.0
HUMAN_VH3_SCF_09_SAFE_A	VHH_SCF_08	A	0.016	0.28	0.0	0.071	0.711	0.5	0.0
HUMAN_VH3_SCF_09_SAFE_A	VHH_SCF_09	A	0.031	0.272	0.0	0.0	0.684	0.643	0.0
HUMAN_VH3_SCF_09_SAFE_A	VHH_SCF_10	A	0.016	0.266	0.0	0.0	0.711	0.571	0.0
HUMAN_VH3_SCF_09_SAFE_A	VHH_SCF_11	A	0.047	0.263	0.0	0.0	0.711	0.5	0.0
HUMAN_VH3_SCF_09_SAFE_A	VHH_SCF_12	A	0.031	0.244	0.0	0.0	0.447	0.5	0.0
HUMAN_VH3_SCF_09_SAFE_A	VHH_SCF_13	A	0.062	0.28	0.0	0.0	0.447	0.5	0.0
HUMAN_VH3_SCF_09_SAFE_A	VHH_SCF_14	A	0.062	0.298	0.0	0.0	0.421	0.5	0.0
HUMAN_VH3_SCF_09_SAFE_B	VHH_SCF_01	B	0.047	0.269	0.0	0.0	0.316	0.5	0.0
HUMAN_VH3_SCF_09_SAFE_B	VHH_SCF_02	B	0.047	0.261	0.0	0.0	0.316	0.5	0.0
HUMAN_VH3_SCF_09_SAFE_B	VHH_SCF_03	B	0.047	0.286	0.0	0.071	0.316	0.571	0.0
HUMAN_VH3_SCF_09_SAFE_B	VHH_SCF_04	B	0.016	0.264	0.0	0.0	0.711	0.5	0.0
HUMAN_VH3_SCF_09_SAFE_B	VHH_SCF_05	B	0.016	0.25	0.0	0.0	0.684	0.571	0.0
HUMAN_VH3_SCF_09_SAFE_B	VHH_SCF_06	B	0.016	0.273	0.0	0.0	0.711	0.5	0.0
HUMAN_VH3_SCF_09_SAFE_B	VHH_SCF_07	B	0.016	0.273	0.0	0.0	0.632	0.5	0.0
HUMAN_VH3_SCF_09_SAFE_B	VHH_SCF_08	B	0.016	0.28	0.0	0.071	0.711	0.5	0.0
HUMAN_VH3_SCF_09_SAFE_B	VHH_SCF_09	B	0.031	0.272	0.0	0.0	0.684	0.643	0.0
HUMAN_VH3_SCF_09_SAFE_B	VHH_SCF_10	B	0.016	0.266	0.0	0.0	0.711	0.571	0.0
HUMAN_VH3_SCF_09_SAFE_B	VHH_SCF_11	B	0.047	0.263	0.0	0.0	0.711	0.5	0.0
HUMAN_VH3_SCF_09_SAFE_B	VHH_SCF_12	B	0.031	0.244	0.0	0.0	0.447	0.5	0.0
HUMAN_VH3_SCF_09_SAFE_B	VHH_SCF_13	B	0.062	0.28	0.0	0.0	0.447	0.5	0.0
HUMAN_VH3_SCF_09_SAFE_B	VHH_SCF_14	B	0.062	0.298	0.0	0.0	0.421	0.5	0.0
HUMAN_VH3_SCF_09_SAFE_C	VHH_SCF_01	C	0.047	0.269	0.0	0.0	0.316	0.5	0.0
HUMAN_VH3_SCF_09_SAFE_C	VHH_SCF_02	C	0.047	0.261	0.0	0.0	0.316	0.5	0.0
HUMAN_VH3_SCF_09_SAFE_C	VHH_SCF_03	C	0.047	0.286	0.0	0.071	0.316	0.571	0.0
HUMAN_VH3_SCF_09_SAFE_C	VHH_SCF_04	C	0.016	0.264	0.0	0.0	0.711	0.5	0.0
HUMAN_VH3_SCF_09_SAFE_C	VHH_SCF_05	C	0.016	0.25	0.0	0.0	0.684	0.571	0.0
HUMAN_VH3_SCF_09_SAFE_C	VHH_SCF_06	C	0.016	0.273	0.0	0.0	0.711	0.5	0.0
HUMAN_VH3_SCF_09_SAFE_C	VHH_SCF_07	C	0.016	0.273	0.0	0.0	0.632	0.5	0.0
HUMAN_VH3_SCF_09_SAFE_C	VHH_SCF_08	C	0.016	0.28	0.0	0.071	0.711	0.5	0.0
HUMAN_VH3_SCF_09_SAFE_C	VHH_SCF_09	C	0.031	0.272	0.0	0.0	0.684	0.643	0.0
HUMAN_VH3_SCF_09_SAFE_C	VHH_SCF_10	C	0.016	0.266	0.0	0.0	0.711	0.571	0.0
HUMAN_VH3_SCF_09_SAFE_C	VHH_SCF_11	C	0.047	0.263	0.0	0.0	0.711	0.5	0.0
HUMAN_VH3_SCF_09_SAFE_C	VHH_SCF_12	C	0.031	0.244	0.0	0.0	0.447	0.5	0.0
HUMAN_VH3_SCF_09_SAFE_C	VHH_SCF_13	C	0.062	0.28	0.0	0.0	0.447	0.5	0.0
HUMAN_VH3_SCF_09_SAFE_C	VHH_SCF_14	C	0.062	0.298	0.0	0.0	0.421	0.5	0.0
HUMAN_VH3_SCF_10_SAFE_A	VHH_SCF_01	A	0.525	0.734	0.52	0.588	0.5	0.176	1.0
HUMAN_VH3_SCF_10_SAFE_A	VHH_SCF_02	A	0.512	0.744	0.48	0.588	0.5	0.176	1.0
HUMAN_VH3_SCF_10_SAFE_A	VHH_SCF_03	A	0.203	0.377	0.48	0.125	0.5	0.5	1.0
HUMAN_VH3_SCF_10_SAFE_A	VHH_SCF_04	A	0.863	0.914	0.88	0.765	0.895	0.118	1.0
HUMAN_VH3_SCF_10_SAFE_A	VHH_SCF_05	A	0.812	0.879	0.88	0.588	0.868	0.118	1.0
HUMAN_VH3_SCF_10_SAFE_A	VHH_SCF_06	A	0.863	0.901	0.88	0.765	0.895	0.176	1.0
HUMAN_VH3_SCF_10_SAFE_A	VHH_SCF_07	A	0.8	0.891	0.88	0.765	0.763	0.118	1.0
HUMAN_VH3_SCF_10_SAFE_A	VHH_SCF_08	A	0.8	0.871	0.8	0.588	0.895	0.118	1.0
HUMAN_VH3_SCF_10_SAFE_A	VHH_SCF_09	A	0.775	0.855	0.84	0.471	0.868	0.235	1.0
HUMAN_VH3_SCF_10_SAFE_A	VHH_SCF_10	A	0.8	0.846	0.84	0.588	0.868	0.176	1.0
HUMAN_VH3_SCF_10_SAFE_A	VHH_SCF_11	A	0.85	0.891	0.88	0.706	0.895	0.176	1.0
HUMAN_VH3_SCF_10_SAFE_A	VHH_SCF_12	A	0.575	0.786	0.56	0.588	0.579	0.118	1.0
HUMAN_VH3_SCF_10_SAFE_A	VHH_SCF_13	A	0.316	0.494	0.52	0.625	0.579	0.125	1.0
HUMAN_VH3_SCF_10_SAFE_A	VHH_SCF_14	A	0.103	0.288	0.25	0.562	0.553	0.125	1.0
HUMAN_VH3_SCF_10_SAFE_B	VHH_SCF_01	B	0.525	0.734	0.52	0.588	0.5	0.176	1.0
HUMAN_VH3_SCF_10_SAFE_B	VHH_SCF_02	B	0.512	0.744	0.48	0.588	0.5	0.176	1.0
HUMAN_VH3_SCF_10_SAFE_B	VHH_SCF_03	B	0.203	0.377	0.48	0.125	0.5	0.5	1.0
HUMAN_VH3_SCF_10_SAFE_B	VHH_SCF_04	B	0.863	0.914	0.88	0.765	0.895	0.118	1.0
HUMAN_VH3_SCF_10_SAFE_B	VHH_SCF_05	B	0.812	0.879	0.88	0.588	0.868	0.118	1.0
HUMAN_VH3_SCF_10_SAFE_B	VHH_SCF_06	B	0.863	0.901	0.88	0.765	0.895	0.176	1.0
HUMAN_VH3_SCF_10_SAFE_B	VHH_SCF_07	B	0.8	0.891	0.88	0.765	0.763	0.118	1.0
HUMAN_VH3_SCF_10_SAFE_B	VHH_SCF_08	B	0.8	0.871	0.8	0.588	0.895	0.118	1.0
HUMAN_VH3_SCF_10_SAFE_B	VHH_SCF_09	B	0.775	0.855	0.84	0.471	0.868	0.235	1.0
HUMAN_VH3_SCF_10_SAFE_B	VHH_SCF_10	B	0.8	0.846	0.84	0.588	0.868	0.176	1.0
HUMAN_VH3_SCF_10_SAFE_B	VHH_SCF_11	B	0.85	0.891	0.88	0.706	0.895	0.176	1.0
HUMAN_VH3_SCF_10_SAFE_B	VHH_SCF_12	B	0.575	0.786	0.56	0.588	0.579	0.118	1.0
HUMAN_VH3_SCF_10_SAFE_B	VHH_SCF_13	B	0.316	0.494	0.52	0.625	0.579	0.125	1.0
HUMAN_VH3_SCF_10_SAFE_B	VHH_SCF_14	B	0.103	0.288	0.25	0.562	0.553	0.125	1.0
HUMAN_VH3_SCF_10_SAFE_C	VHH_SCF_01	C	0.525	0.734	0.52	0.588	0.5	0.176	1.0
HUMAN_VH3_SCF_10_SAFE_C	VHH_SCF_02	C	0.512	0.744	0.48	0.588	0.5	0.176	1.0
HUMAN_VH3_SCF_10_SAFE_C	VHH_SCF_03	C	0.203	0.377	0.48	0.125	0.5	0.5	1.0
HUMAN_VH3_SCF_10_SAFE_C	VHH_SCF_04	C	0.863	0.914	0.88	0.765	0.895	0.118	1.0
HUMAN_VH3_SCF_10_SAFE_C	VHH_SCF_05	C	0.812	0.879	0.88	0.588	0.868	0.118	1.0
HUMAN_VH3_SCF_10_SAFE_C	VHH_SCF_06	C	0.863	0.901	0.88	0.765	0.895	0.176	1.0
HUMAN_VH3_SCF_10_SAFE_C	VHH_SCF_07	C	0.8	0.891	0.88	0.765	0.763	0.118	1.0
HUMAN_VH3_SCF_10_SAFE_C	VHH_SCF_08	C	0.8	0.871	0.8	0.588	0.895	0.118	1.0
HUMAN_VH3_SCF_10_SAFE_C	VHH_SCF_09	C	0.775	0.855	0.84	0.471	0.868	0.235	1.0
HUMAN_VH3_SCF_10_SAFE_C	VHH_SCF_10	C	0.8	0.846	0.84	0.588	0.868	0.176	1.0
HUMAN_VH3_SCF_10_SAFE_C	VHH_SCF_11	C	0.85	0.891	0.88	0.706	0.895	0.176	1.0
HUMAN_VH3_SCF_10_SAFE_C	VHH_SCF_12	C	0.575	0.786	0.56	0.588	0.579	0.118	1.0
HUMAN_VH3_SCF_10_SAFE_C	VHH_SCF_13	C	0.316	0.494	0.52	0.625	0.579	0.125	1.0
HUMAN_VH3_SCF_10_SAFE_C	VHH_SCF_14	C	0.103	0.288	0.25	0.562	0.553	0.125	1.0
HUMAN_VH3_SCF_11_SAFE_A	VHH_SCF_01	A	0.16	0.392	0.48	0.0	0.108	0.538	0.0
HUMAN_VH3_SCF_11_SAFE_A	VHH_SCF_02	A	0.173	0.401	0.52	0.0	0.135	0.538	0.0
HUMAN_VH3_SCF_11_SAFE_A	VHH_SCF_03	A	0.2	0.405	0.52	0.0	0.135	0.462	0.0
HUMAN_VH3_SCF_11_SAFE_A	VHH_SCF_04	A	0.28	0.42	0.8	0.0	0.108	0.538	0.0
HUMAN_VH3_SCF_11_SAFE_A	VHH_SCF_05	A	0.267	0.42	0.72	0.0	0.108	0.462	0.0
HUMAN_VH3_SCF_11_SAFE_A	VHH_SCF_06	A	0.267	0.423	0.72	0.0	0.108	0.538	0.0
HUMAN_VH3_SCF_11_SAFE_A	VHH_SCF_07	A	0.253	0.416	0.72	0.0	0.108	0.538	0.0
HUMAN_VH3_SCF_11_SAFE_A	VHH_SCF_08	A	0.267	0.416	0.72	0.0	0.108	0.538	0.0
HUMAN_VH3_SCF_11_SAFE_A	VHH_SCF_09	A	0.267	0.427	0.76	0.0	0.108	0.462	0.0
HUMAN_VH3_SCF_11_SAFE_A	VHH_SCF_10	A	0.24	0.397	0.68	0.0	0.108	0.462	0.0
HUMAN_VH3_SCF_11_SAFE_A	VHH_SCF_11	A	0.253	0.404	0.72	0.0	0.108	0.538	0.0
HUMAN_VH3_SCF_11_SAFE_A	VHH_SCF_12	A	0.2	0.38	0.44	0.0	0.135	0.538	0.0
HUMAN_VH3_SCF_11_SAFE_A	VHH_SCF_13	A	0.187	0.373	0.48	0.0	0.135	0.538	0.0
HUMAN_VH3_SCF_11_SAFE_A	VHH_SCF_14	A	0.093	0.272	0.125	0.0	0.135	0.538	0.0
HUMAN_VH3_SCF_11_SAFE_B	VHH_SCF_01	B	0.16	0.392	0.48	0.0	0.108	0.538	0.0
HUMAN_VH3_SCF_11_SAFE_B	VHH_SCF_02	B	0.173	0.401	0.52	0.0	0.135	0.538	0.0
HUMAN_VH3_SCF_11_SAFE_B	VHH_SCF_03	B	0.2	0.405	0.52	0.0	0.135	0.462	0.0
HUMAN_VH3_SCF_11_SAFE_B	VHH_SCF_04	B	0.28	0.42	0.8	0.0	0.108	0.538	0.0
HUMAN_VH3_SCF_11_SAFE_B	VHH_SCF_05	B	0.267	0.42	0.72	0.0	0.108	0.462	0.0
HUMAN_VH3_SCF_11_SAFE_B	VHH_SCF_06	B	0.267	0.423	0.72	0.0	0.108	0.538	0.0
HUMAN_VH3_SCF_11_SAFE_B	VHH_SCF_07	B	0.253	0.416	0.72	0.0	0.108	0.538	0.0
HUMAN_VH3_SCF_11_SAFE_B	VHH_SCF_08	B	0.267	0.416	0.72	0.0	0.108	0.538	0.0
HUMAN_VH3_SCF_11_SAFE_B	VHH_SCF_09	B	0.267	0.427	0.76	0.0	0.108	0.462	0.0
HUMAN_VH3_SCF_11_SAFE_B	VHH_SCF_10	B	0.24	0.397	0.68	0.0	0.108	0.462	0.0
HUMAN_VH3_SCF_11_SAFE_B	VHH_SCF_11	B	0.253	0.404	0.72	0.0	0.108	0.538	0.0
HUMAN_VH3_SCF_11_SAFE_B	VHH_SCF_12	B	0.2	0.38	0.44	0.0	0.135	0.538	0.0
HUMAN_VH3_SCF_11_SAFE_B	VHH_SCF_13	B	0.187	0.373	0.48	0.0	0.135	0.538	0.0
HUMAN_VH3_SCF_11_SAFE_B	VHH_SCF_14	B	0.093	0.272	0.125	0.0	0.135	0.538	0.0
HUMAN_VH3_SCF_11_SAFE_C	VHH_SCF_01	C	0.16	0.392	0.48	0.0	0.108	0.538	0.0
HUMAN_VH3_SCF_11_SAFE_C	VHH_SCF_02	C	0.173	0.401	0.52	0.0	0.135	0.538	0.0
HUMAN_VH3_SCF_11_SAFE_C	VHH_SCF_03	C	0.2	0.405	0.52	0.0	0.135	0.462	0.0
HUMAN_VH3_SCF_11_SAFE_C	VHH_SCF_04	C	0.28	0.42	0.8	0.0	0.108	0.538	0.0
HUMAN_VH3_SCF_11_SAFE_C	VHH_SCF_05	C	0.267	0.42	0.72	0.0	0.108	0.462	0.0
HUMAN_VH3_SCF_11_SAFE_C	VHH_SCF_06	C	0.267	0.423	0.72	0.0	0.108	0.538	0.0
HUMAN_VH3_SCF_11_SAFE_C	VHH_SCF_07	C	0.253	0.416	0.72	0.0	0.108	0.538	0.0
HUMAN_VH3_SCF_11_SAFE_C	VHH_SCF_08	C	0.267	0.416	0.72	0.0	0.108	0.538	0.0
HUMAN_VH3_SCF_11_SAFE_C	VHH_SCF_09	C	0.267	0.427	0.76	0.0	0.108	0.462	0.0
HUMAN_VH3_SCF_11_SAFE_C	VHH_SCF_10	C	0.24	0.397	0.68	0.0	0.108	0.462	0.0
HUMAN_VH3_SCF_11_SAFE_C	VHH_SCF_11	C	0.253	0.404	0.72	0.0	0.108	0.538	0.0
HUMAN_VH3_SCF_11_SAFE_C	VHH_SCF_12	C	0.2	0.38	0.44	0.0	0.135	0.538	0.0
HUMAN_VH3_SCF_11_SAFE_C	VHH_SCF_13	C	0.187	0.373	0.48	0.0	0.135	0.538	0.0
HUMAN_VH3_SCF_11_SAFE_C	VHH_SCF_14	C	0.093	0.272	0.125	0.0	0.135	0.538	0.0
HUMAN_VH3_SCF_12_SAFE_A	VHH_SCF_01	A	0.184	0.393	0.48	0.0	0.395	0.538	0.0
HUMAN_VH3_SCF_12_SAFE_A	VHH_SCF_02	A	0.197	0.407	0.52	0.0	0.395	0.538	0.0
HUMAN_VH3_SCF_12_SAFE_A	VHH_SCF_03	A	0.211	0.429	0.52	0.0	0.395	0.462	0.0
HUMAN_VH3_SCF_12_SAFE_A	VHH_SCF_04	A	0.263	0.428	0.8	0.0	0.737	0.538	0.0
HUMAN_VH3_SCF_12_SAFE_A	VHH_SCF_05	A	0.25	0.426	0.72	0.0	0.711	0.462	0.0
HUMAN_VH3_SCF_12_SAFE_A	VHH_SCF_06	A	0.237	0.424	0.72	0.0	0.737	0.538	0.0
HUMAN_VH3_SCF_12_SAFE_A	VHH_SCF_07	A	0.25	0.424	0.72	0.0	0.684	0.538	0.0
HUMAN_VH3_SCF_12_SAFE_A	VHH_SCF_08	A	0.25	0.424	0.72	0.0	0.737	0.538	0.0
HUMAN_VH3_SCF_12_SAFE_A	VHH_SCF_09	A	0.25	0.429	0.76	0.0	0.711	0.462	0.0
HUMAN_VH3_SCF_12_SAFE_A	VHH_SCF_10	A	0.224	0.4	0.68	0.0	0.737	0.462	0.0
HUMAN_VH3_SCF_12_SAFE_A	VHH_SCF_11	A	0.237	0.404	0.72	0.0	0.737	0.538	0.0
HUMAN_VH3_SCF_12_SAFE_A	VHH_SCF_12	A	0.171	0.372	0.44	0.0	0.474	0.538	0.0
HUMAN_VH3_SCF_12_SAFE_A	VHH_SCF_13	A	0.211	0.366	0.48	0.0	0.474	0.538	0.0
HUMAN_VH3_SCF_12_SAFE_A	VHH_SCF_14	A	0.092	0.299	0.125	0.0	0.474	0.538	0.0
HUMAN_VH3_SCF_12_SAFE_B	VHH_SCF_01	B	0.184	0.393	0.48	0.0	0.395	0.538	0.0
HUMAN_VH3_SCF_12_SAFE_B	VHH_SCF_02	B	0.197	0.407	0.52	0.0	0.395	0.538	0.0
HUMAN_VH3_SCF_12_SAFE_B	VHH_SCF_03	B	0.211	0.429	0.52	0.0	0.395	0.462	0.0
HUMAN_VH3_SCF_12_SAFE_B	VHH_SCF_04	B	0.263	0.428	0.8	0.0	0.737	0.538	0.0
HUMAN_VH3_SCF_12_SAFE_B	VHH_SCF_05	B	0.25	0.426	0.72	0.0	0.711	0.462	0.0
HUMAN_VH3_SCF_12_SAFE_B	VHH_SCF_06	B	0.237	0.424	0.72	0.0	0.737	0.538	0.0
HUMAN_VH3_SCF_12_SAFE_B	VHH_SCF_07	B	0.25	0.424	0.72	0.0	0.684	0.538	0.0
HUMAN_VH3_SCF_12_SAFE_B	VHH_SCF_08	B	0.25	0.424	0.72	0.0	0.737	0.538	0.0
HUMAN_VH3_SCF_12_SAFE_B	VHH_SCF_09	B	0.25	0.429	0.76	0.0	0.711	0.462	0.0
HUMAN_VH3_SCF_12_SAFE_B	VHH_SCF_10	B	0.224	0.4	0.68	0.0	0.737	0.462	0.0
HUMAN_VH3_SCF_12_SAFE_B	VHH_SCF_11	B	0.237	0.404	0.72	0.0	0.737	0.538	0.0
HUMAN_VH3_SCF_12_SAFE_B	VHH_SCF_12	B	0.171	0.372	0.44	0.0	0.474	0.538	0.0
HUMAN_VH3_SCF_12_SAFE_B	VHH_SCF_13	B	0.211	0.366	0.48	0.0	0.474	0.538	0.0
HUMAN_VH3_SCF_12_SAFE_B	VHH_SCF_14	B	0.092	0.299	0.125	0.0	0.474	0.538	0.0
HUMAN_VH3_SCF_12_SAFE_C	VHH_SCF_01	C	0.184	0.393	0.48	0.0	0.395	0.538	0.0
HUMAN_VH3_SCF_12_SAFE_C	VHH_SCF_02	C	0.197	0.407	0.52	0.0	0.395	0.538	0.0
HUMAN_VH3_SCF_12_SAFE_C	VHH_SCF_03	C	0.211	0.429	0.52	0.0	0.395	0.462	0.0
HUMAN_VH3_SCF_12_SAFE_C	VHH_SCF_04	C	0.263	0.428	0.8	0.0	0.737	0.538	0.0
HUMAN_VH3_SCF_12_SAFE_C	VHH_SCF_05	C	0.25	0.426	0.72	0.0	0.711	0.462	0.0
HUMAN_VH3_SCF_12_SAFE_C	VHH_SCF_06	C	0.237	0.424	0.72	0.0	0.737	0.538	0.0
HUMAN_VH3_SCF_12_SAFE_C	VHH_SCF_07	C	0.25	0.424	0.72	0.0	0.684	0.538	0.0
HUMAN_VH3_SCF_12_SAFE_C	VHH_SCF_08	C	0.25	0.424	0.72	0.0	0.737	0.538	0.0
HUMAN_VH3_SCF_12_SAFE_C	VHH_SCF_09	C	0.25	0.429	0.76	0.0	0.711	0.462	0.0
HUMAN_VH3_SCF_12_SAFE_C	VHH_SCF_10	C	0.224	0.4	0.68	0.0	0.737	0.462	0.0
HUMAN_VH3_SCF_12_SAFE_C	VHH_SCF_11	C	0.237	0.404	0.72	0.0	0.737	0.538	0.0
HUMAN_VH3_SCF_12_SAFE_C	VHH_SCF_12	C	0.171	0.372	0.44	0.0	0.474	0.538	0.0
HUMAN_VH3_SCF_12_SAFE_C	VHH_SCF_13	C	0.211	0.366	0.48	0.0	0.474	0.538	0.0
HUMAN_VH3_SCF_12_SAFE_C	VHH_SCF_14	C	0.092	0.299	0.125	0.0	0.474	0.538	0.0
HUMAN_VH3_SCF_13_SAFE_A	VHH_SCF_01	A	0.487	0.705	0.52	0.529	0.447	0.059	1.0
HUMAN_VH3_SCF_13_SAFE_A	VHH_SCF_02	A	0.5	0.724	0.56	0.529	0.447	0.059	1.0
HUMAN_VH3_SCF_13_SAFE_A	VHH_SCF_03	A	0.215	0.408	0.56	0.125	0.447	0.438	1.0
HUMAN_VH3_SCF_13_SAFE_A	VHH_SCF_04	A	0.838	0.896	1.0	0.765	0.763	0.118	1.0
HUMAN_VH3_SCF_13_SAFE_A	VHH_SCF_05	A	0.738	0.828	0.92	0.471	0.737	0.235	1.0
HUMAN_VH3_SCF_13_SAFE_A	VHH_SCF_06	A	0.812	0.886	0.92	0.765	0.763	0.059	1.0
HUMAN_VH3_SCF_13_SAFE_A	VHH_SCF_07	A	0.812	0.886	0.92	0.765	0.763	0.118	1.0
HUMAN_VH3_SCF_13_SAFE_A	VHH_SCF_08	A	0.75	0.821	0.92	0.471	0.763	0.235	1.0
HUMAN_VH3_SCF_13_SAFE_A	VHH_SCF_09	A	0.75	0.841	0.96	0.471	0.737	0.235	1.0
HUMAN_VH3_SCF_13_SAFE_A	VHH_SCF_10	A	0.762	0.826	0.88	0.588	0.763	0.176	1.0
HUMAN_VH3_SCF_13_SAFE_A	VHH_SCF_11	A	0.812	0.881	0.92	0.765	0.763	0.059	1.0
HUMAN_VH3_SCF_13_SAFE_A	VHH_SCF_12	A	0.525	0.735	0.56	0.529	0.5	0.118	1.0
HUMAN_VH3_SCF_13_SAFE_A	VHH_SCF_13	A	0.291	0.487	0.52	0.5	0.5	0.188	1.0
HUMAN_VH3_SCF_13_SAFE_A	VHH_SCF_14	A	0.077	0.295	0.167	0.562	0.5	0.188	1.0
HUMAN_VH3_SCF_13_SAFE_B	VHH_SCF_01	B	0.487	0.705	0.52	0.529	0.447	0.059	1.0
HUMAN_VH3_SCF_13_SAFE_B	VHH_SCF_02	B	0.5	0.724	0.56	0.529	0.447	0.059	1.0
HUMAN_VH3_SCF_13_SAFE_B	VHH_SCF_03	B	0.215	0.408	0.56	0.125	0.447	0.438	1.0
HUMAN_VH3_SCF_13_SAFE_B	VHH_SCF_04	B	0.838	0.896	1.0	0.765	0.763	0.118	1.0
HUMAN_VH3_SCF_13_SAFE_B	VHH_SCF_05	B	0.738	0.828	0.92	0.471	0.737	0.235	1.0
HUMAN_VH3_SCF_13_SAFE_B	VHH_SCF_06	B	0.812	0.886	0.92	0.765	0.763	0.059	1.0
HUMAN_VH3_SCF_13_SAFE_B	VHH_SCF_07	B	0.812	0.886	0.92	0.765	0.763	0.118	1.0
HUMAN_VH3_SCF_13_SAFE_B	VHH_SCF_08	B	0.75	0.821	0.92	0.471	0.763	0.235	1.0
HUMAN_VH3_SCF_13_SAFE_B	VHH_SCF_09	B	0.75	0.841	0.96	0.471	0.737	0.235	1.0
HUMAN_VH3_SCF_13_SAFE_B	VHH_SCF_10	B	0.762	0.826	0.88	0.588	0.763	0.176	1.0
HUMAN_VH3_SCF_13_SAFE_B	VHH_SCF_11	B	0.812	0.881	0.92	0.765	0.763	0.059	1.0
HUMAN_VH3_SCF_13_SAFE_B	VHH_SCF_12	B	0.525	0.735	0.56	0.529	0.5	0.118	1.0
HUMAN_VH3_SCF_13_SAFE_B	VHH_SCF_13	B	0.291	0.487	0.52	0.5	0.5	0.188	1.0
HUMAN_VH3_SCF_13_SAFE_B	VHH_SCF_14	B	0.077	0.295	0.167	0.562	0.5	0.188	1.0
HUMAN_VH3_SCF_13_SAFE_C	VHH_SCF_01	C	0.487	0.705	0.52	0.529	0.447	0.059	1.0
HUMAN_VH3_SCF_13_SAFE_C	VHH_SCF_02	C	0.5	0.724	0.56	0.529	0.447	0.059	1.0
HUMAN_VH3_SCF_13_SAFE_C	VHH_SCF_03	C	0.215	0.408	0.56	0.125	0.447	0.438	1.0
HUMAN_VH3_SCF_13_SAFE_C	VHH_SCF_04	C	0.838	0.896	1.0	0.765	0.763	0.118	1.0
HUMAN_VH3_SCF_13_SAFE_C	VHH_SCF_05	C	0.738	0.828	0.92	0.471	0.737	0.235	1.0
HUMAN_VH3_SCF_13_SAFE_C	VHH_SCF_06	C	0.812	0.886	0.92	0.765	0.763	0.059	1.0
HUMAN_VH3_SCF_13_SAFE_C	VHH_SCF_07	C	0.812	0.886	0.92	0.765	0.763	0.118	1.0
HUMAN_VH3_SCF_13_SAFE_C	VHH_SCF_08	C	0.75	0.821	0.92	0.471	0.763	0.235	1.0
HUMAN_VH3_SCF_13_SAFE_C	VHH_SCF_09	C	0.75	0.841	0.96	0.471	0.737	0.235	1.0
HUMAN_VH3_SCF_13_SAFE_C	VHH_SCF_10	C	0.762	0.826	0.88	0.588	0.763	0.176	1.0
HUMAN_VH3_SCF_13_SAFE_C	VHH_SCF_11	C	0.812	0.881	0.92	0.765	0.763	0.059	1.0
HUMAN_VH3_SCF_13_SAFE_C	VHH_SCF_12	C	0.525	0.735	0.56	0.529	0.5	0.118	1.0
HUMAN_VH3_SCF_13_SAFE_C	VHH_SCF_13	C	0.291	0.487	0.52	0.5	0.5	0.188	1.0
HUMAN_VH3_SCF_13_SAFE_C	VHH_SCF_14	C	0.077	0.295	0.167	0.562	0.5	0.188	1.0
HUMAN_VH3_SCF_14_SAFE_A	VHH_SCF_01	A	0.475	0.703	0.48	0.529	0.447	0.059	1.0
HUMAN_VH3_SCF_14_SAFE_A	VHH_SCF_02	A	0.512	0.745	0.52	0.529	0.5	0.059	1.0
HUMAN_VH3_SCF_14_SAFE_A	VHH_SCF_03	A	0.203	0.391	0.52	0.062	0.5	0.438	1.0
HUMAN_VH3_SCF_14_SAFE_A	VHH_SCF_04	A	0.887	0.921	0.96	0.824	0.868	0.118	1.0
HUMAN_VH3_SCF_14_SAFE_A	VHH_SCF_05	A	0.787	0.856	0.88	0.529	0.842	0.235	1.0
HUMAN_VH3_SCF_14_SAFE_A	VHH_SCF_06	A	0.875	0.924	0.88	0.882	0.868	0.059	1.0
HUMAN_VH3_SCF_14_SAFE_A	VHH_SCF_07	A	0.8	0.89	0.88	0.765	0.763	0.118	1.0
HUMAN_VH3_SCF_14_SAFE_A	VHH_SCF_08	A	0.8	0.853	0.88	0.529	0.868	0.235	1.0
HUMAN_VH3_SCF_14_SAFE_A	VHH_SCF_09	A	0.812	0.879	0.92	0.588	0.842	0.235	1.0
HUMAN_VH3_SCF_14_SAFE_A	VHH_SCF_10	A	0.8	0.853	0.84	0.647	0.842	0.176	1.0
HUMAN_VH3_SCF_14_SAFE_A	VHH_SCF_11	A	0.85	0.907	0.88	0.765	0.868	0.059	1.0
HUMAN_VH3_SCF_14_SAFE_A	VHH_SCF_12	A	0.6	0.769	0.56	0.706	0.579	0.118	1.0
HUMAN_VH3_SCF_14_SAFE_A	VHH_SCF_13	A	0.329	0.495	0.52	0.688	0.579	0.188	1.0
HUMAN_VH3_SCF_14_SAFE_A	VHH_SCF_14	A	0.077	0.317	0.167	0.625	0.553	0.188	1.0
HUMAN_VH3_SCF_14_SAFE_B	VHH_SCF_01	B	0.475	0.703	0.48	0.529	0.447	0.059	1.0
HUMAN_VH3_SCF_14_SAFE_B	VHH_SCF_02	B	0.512	0.745	0.52	0.529	0.5	0.059	1.0
HUMAN_VH3_SCF_14_SAFE_B	VHH_SCF_03	B	0.203	0.391	0.52	0.062	0.5	0.438	1.0
HUMAN_VH3_SCF_14_SAFE_B	VHH_SCF_04	B	0.887	0.921	0.96	0.824	0.868	0.118	1.0
HUMAN_VH3_SCF_14_SAFE_B	VHH_SCF_05	B	0.787	0.856	0.88	0.529	0.842	0.235	1.0
HUMAN_VH3_SCF_14_SAFE_B	VHH_SCF_06	B	0.875	0.924	0.88	0.882	0.868	0.059	1.0
HUMAN_VH3_SCF_14_SAFE_B	VHH_SCF_07	B	0.8	0.89	0.88	0.765	0.763	0.118	1.0
HUMAN_VH3_SCF_14_SAFE_B	VHH_SCF_08	B	0.8	0.853	0.88	0.529	0.868	0.235	1.0
HUMAN_VH3_SCF_14_SAFE_B	VHH_SCF_09	B	0.812	0.879	0.92	0.588	0.842	0.235	1.0
HUMAN_VH3_SCF_14_SAFE_B	VHH_SCF_10	B	0.8	0.853	0.84	0.647	0.842	0.176	1.0
HUMAN_VH3_SCF_14_SAFE_B	VHH_SCF_11	B	0.85	0.907	0.88	0.765	0.868	0.059	1.0
HUMAN_VH3_SCF_14_SAFE_B	VHH_SCF_12	B	0.6	0.769	0.56	0.706	0.579	0.118	1.0
HUMAN_VH3_SCF_14_SAFE_B	VHH_SCF_13	B	0.329	0.495	0.52	0.688	0.579	0.188	1.0
HUMAN_VH3_SCF_14_SAFE_B	VHH_SCF_14	B	0.077	0.317	0.167	0.625	0.553	0.188	1.0
HUMAN_VH3_SCF_14_SAFE_C	VHH_SCF_01	C	0.475	0.703	0.48	0.529	0.447	0.059	1.0
HUMAN_VH3_SCF_14_SAFE_C	VHH_SCF_02	C	0.512	0.745	0.52	0.529	0.5	0.059	1.0
HUMAN_VH3_SCF_14_SAFE_C	VHH_SCF_03	C	0.203	0.391	0.52	0.062	0.5	0.438	1.0
HUMAN_VH3_SCF_14_SAFE_C	VHH_SCF_04	C	0.887	0.921	0.96	0.824	0.868	0.118	1.0
HUMAN_VH3_SCF_14_SAFE_C	VHH_SCF_05	C	0.787	0.856	0.88	0.529	0.842	0.235	1.0
HUMAN_VH3_SCF_14_SAFE_C	VHH_SCF_06	C	0.875	0.924	0.88	0.882	0.868	0.059	1.0
HUMAN_VH3_SCF_14_SAFE_C	VHH_SCF_07	C	0.8	0.89	0.88	0.765	0.763	0.118	1.0
HUMAN_VH3_SCF_14_SAFE_C	VHH_SCF_08	C	0.8	0.853	0.88	0.529	0.868	0.235	1.0
HUMAN_VH3_SCF_14_SAFE_C	VHH_SCF_09	C	0.812	0.879	0.92	0.588	0.842	0.235	1.0
HUMAN_VH3_SCF_14_SAFE_C	VHH_SCF_10	C	0.8	0.853	0.84	0.647	0.842	0.176	1.0
HUMAN_VH3_SCF_14_SAFE_C	VHH_SCF_11	C	0.85	0.907	0.88	0.765	0.868	0.059	1.0
HUMAN_VH3_SCF_14_SAFE_C	VHH_SCF_12	C	0.6	0.769	0.56	0.706	0.579	0.118	1.0
HUMAN_VH3_SCF_14_SAFE_C	VHH_SCF_13	C	0.329	0.495	0.52	0.688	0.579	0.188	1.0
HUMAN_VH3_SCF_14_SAFE_C	VHH_SCF_14	C	0.077	0.317	0.167	0.625	0.553	0.188	1.0
HUMAN_VH3_SCF_15_SAFE_A	VHH_SCF_01	A	0.278	0.453	0.52	0.5	0.421	0.062	1.0
HUMAN_VH3_SCF_15_SAFE_A	VHH_SCF_02	A	0.304	0.486	0.56	0.5	0.421	0.062	1.0
HUMAN_VH3_SCF_15_SAFE_A	VHH_SCF_03	A	0.405	0.647	0.56	0.125	0.421	0.438	1.0
HUMAN_VH3_SCF_15_SAFE_A	VHH_SCF_04	A	0.481	0.575	1.0	0.688	0.789	0.062	1.0
HUMAN_VH3_SCF_15_SAFE_A	VHH_SCF_05	A	0.405	0.528	0.92	0.438	0.763	0.188	1.0
HUMAN_VH3_SCF_15_SAFE_A	VHH_SCF_06	A	0.456	0.573	0.92	0.688	0.789	0.062	1.0
HUMAN_VH3_SCF_15_SAFE_A	VHH_SCF_07	A	0.43	0.562	0.92	0.625	0.658	0.062	1.0
HUMAN_VH3_SCF_15_SAFE_A	VHH_SCF_08	A	0.443	0.532	0.92	0.625	0.789	0.188	1.0
HUMAN_VH3_SCF_15_SAFE_A	VHH_SCF_09	A	0.418	0.535	0.96	0.438	0.763	0.188	1.0
HUMAN_VH3_SCF_15_SAFE_A	VHH_SCF_10	A	0.38	0.499	0.88	0.438	0.763	0.125	1.0
HUMAN_VH3_SCF_15_SAFE_A	VHH_SCF_11	A	0.43	0.566	0.92	0.562	0.789	0.062	1.0
HUMAN_VH3_SCF_15_SAFE_A	VHH_SCF_12	A	0.342	0.505	0.56	0.562	0.5	0.062	1.0
HUMAN_VH3_SCF_15_SAFE_A	VHH_SCF_13	A	0.519	0.723	0.52	0.562	0.5	0.188	1.0
HUMAN_VH3_SCF_15_SAFE_A	VHH_SCF_14	A	0.09	0.254	0.167	0.5	0.474	0.188	1.0
HUMAN_VH3_SCF_15_SAFE_B	VHH_SCF_01	B	0.278	0.453	0.52	0.5	0.421	0.062	1.0
HUMAN_VH3_SCF_15_SAFE_B	VHH_SCF_02	B	0.304	0.486	0.56	0.5	0.421	0.062	1.0
HUMAN_VH3_SCF_15_SAFE_B	VHH_SCF_03	B	0.405	0.647	0.56	0.125	0.421	0.438	1.0
HUMAN_VH3_SCF_15_SAFE_B	VHH_SCF_04	B	0.481	0.575	1.0	0.688	0.789	0.062	1.0
HUMAN_VH3_SCF_15_SAFE_B	VHH_SCF_05	B	0.405	0.528	0.92	0.438	0.763	0.188	1.0
HUMAN_VH3_SCF_15_SAFE_B	VHH_SCF_06	B	0.456	0.573	0.92	0.688	0.789	0.062	1.0
HUMAN_VH3_SCF_15_SAFE_B	VHH_SCF_07	B	0.43	0.562	0.92	0.625	0.658	0.062	1.0
HUMAN_VH3_SCF_15_SAFE_B	VHH_SCF_08	B	0.443	0.532	0.92	0.625	0.789	0.188	1.0
HUMAN_VH3_SCF_15_SAFE_B	VHH_SCF_09	B	0.418	0.535	0.96	0.438	0.763	0.188	1.0
HUMAN_VH3_SCF_15_SAFE_B	VHH_SCF_10	B	0.38	0.499	0.88	0.438	0.763	0.125	1.0
HUMAN_VH3_SCF_15_SAFE_B	VHH_SCF_11	B	0.43	0.566	0.92	0.562	0.789	0.062	1.0
HUMAN_VH3_SCF_15_SAFE_B	VHH_SCF_12	B	0.342	0.505	0.56	0.562	0.5	0.062	1.0
HUMAN_VH3_SCF_15_SAFE_B	VHH_SCF_13	B	0.519	0.723	0.52	0.562	0.5	0.188	1.0
HUMAN_VH3_SCF_15_SAFE_B	VHH_SCF_14	B	0.09	0.254	0.167	0.5	0.474	0.188	1.0
HUMAN_VH3_SCF_15_SAFE_C	VHH_SCF_01	C	0.278	0.453	0.52	0.5	0.421	0.062	1.0
HUMAN_VH3_SCF_15_SAFE_C	VHH_SCF_02	C	0.304	0.486	0.56	0.5	0.421	0.062	1.0
HUMAN_VH3_SCF_15_SAFE_C	VHH_SCF_03	C	0.405	0.647	0.56	0.125	0.421	0.438	1.0
HUMAN_VH3_SCF_15_SAFE_C	VHH_SCF_04	C	0.481	0.575	1.0	0.688	0.789	0.062	1.0
HUMAN_VH3_SCF_15_SAFE_C	VHH_SCF_05	C	0.405	0.528	0.92	0.438	0.763	0.188	1.0
HUMAN_VH3_SCF_15_SAFE_C	VHH_SCF_06	C	0.456	0.573	0.92	0.688	0.789	0.062	1.0
HUMAN_VH3_SCF_15_SAFE_C	VHH_SCF_07	C	0.43	0.562	0.92	0.625	0.658	0.062	1.0
HUMAN_VH3_SCF_15_SAFE_C	VHH_SCF_08	C	0.443	0.532	0.92	0.625	0.789	0.188	1.0
HUMAN_VH3_SCF_15_SAFE_C	VHH_SCF_09	C	0.418	0.535	0.96	0.438	0.763	0.188	1.0
HUMAN_VH3_SCF_15_SAFE_C	VHH_SCF_10	C	0.38	0.499	0.88	0.438	0.763	0.125	1.0
HUMAN_VH3_SCF_15_SAFE_C	VHH_SCF_11	C	0.43	0.566	0.92	0.562	0.789	0.062	1.0
HUMAN_VH3_SCF_15_SAFE_C	VHH_SCF_12	C	0.342	0.505	0.56	0.562	0.5	0.062	1.0
HUMAN_VH3_SCF_15_SAFE_C	VHH_SCF_13	C	0.519	0.723	0.52	0.562	0.5	0.188	1.0
HUMAN_VH3_SCF_15_SAFE_C	VHH_SCF_14	C	0.09	0.254	0.167	0.5	0.474	0.188	1.0
HUMAN_VH3_SCF_16_SAFE_A	VHH_SCF_01	A	0.463	0.666	0.48	0.588	0.395	0.118	1.0
HUMAN_VH3_SCF_16_SAFE_A	VHH_SCF_02	A	0.475	0.684	0.52	0.588	0.395	0.118	1.0
HUMAN_VH3_SCF_16_SAFE_A	VHH_SCF_03	A	0.215	0.366	0.52	0.125	0.395	0.438	1.0
HUMAN_VH3_SCF_16_SAFE_A	VHH_SCF_04	A	0.838	0.89	0.92	0.824	0.789	0.059	1.0
HUMAN_VH3_SCF_16_SAFE_A	VHH_SCF_05	A	0.738	0.823	0.84	0.529	0.763	0.176	1.0
HUMAN_VH3_SCF_16_SAFE_A	VHH_SCF_06	A	0.8	0.868	0.84	0.765	0.789	0.118	1.0
HUMAN_VH3_SCF_16_SAFE_A	VHH_SCF_07	A	0.762	0.861	0.88	0.824	0.658	0.059	1.0
HUMAN_VH3_SCF_16_SAFE_A	VHH_SCF_08	A	0.75	0.823	0.84	0.529	0.789	0.176	1.0
HUMAN_VH3_SCF_16_SAFE_A	VHH_SCF_09	A	0.75	0.832	0.88	0.529	0.763	0.176	1.0
HUMAN_VH3_SCF_16_SAFE_A	VHH_SCF_10	A	0.738	0.812	0.8	0.588	0.763	0.118	1.0
HUMAN_VH3_SCF_16_SAFE_A	VHH_SCF_11	A	0.8	0.865	0.88	0.706	0.789	0.118	1.0
HUMAN_VH3_SCF_16_SAFE_A	VHH_SCF_12	A	0.5	0.709	0.48	0.647	0.447	0.059	1.0
HUMAN_VH3_SCF_16_SAFE_A	VHH_SCF_13	A	0.278	0.454	0.44	0.562	0.447	0.188	1.0
HUMAN_VH3_SCF_16_SAFE_A	VHH_SCF_14	A	0.077	0.273	0.125	0.5	0.421	0.188	1.0
HUMAN_VH3_SCF_16_SAFE_B	VHH_SCF_01	B	0.463	0.666	0.48	0.588	0.395	0.118	1.0
HUMAN_VH3_SCF_16_SAFE_B	VHH_SCF_02	B	0.475	0.684	0.52	0.588	0.395	0.118	1.0
HUMAN_VH3_SCF_16_SAFE_B	VHH_SCF_03	B	0.215	0.366	0.52	0.125	0.395	0.438	1.0
HUMAN_VH3_SCF_16_SAFE_B	VHH_SCF_04	B	0.838	0.89	0.92	0.824	0.789	0.059	1.0
HUMAN_VH3_SCF_16_SAFE_B	VHH_SCF_05	B	0.738	0.823	0.84	0.529	0.763	0.176	1.0
HUMAN_VH3_SCF_16_SAFE_B	VHH_SCF_06	B	0.8	0.868	0.84	0.765	0.789	0.118	1.0
HUMAN_VH3_SCF_16_SAFE_B	VHH_SCF_07	B	0.762	0.861	0.88	0.824	0.658	0.059	1.0
HUMAN_VH3_SCF_16_SAFE_B	VHH_SCF_08	B	0.75	0.823	0.84	0.529	0.789	0.176	1.0
HUMAN_VH3_SCF_16_SAFE_B	VHH_SCF_09	B	0.75	0.832	0.88	0.529	0.763	0.176	1.0
HUMAN_VH3_SCF_16_SAFE_B	VHH_SCF_10	B	0.738	0.812	0.8	0.588	0.763	0.118	1.0
HUMAN_VH3_SCF_16_SAFE_B	VHH_SCF_11	B	0.8	0.865	0.88	0.706	0.789	0.118	1.0
HUMAN_VH3_SCF_16_SAFE_B	VHH_SCF_12	B	0.5	0.709	0.48	0.647	0.447	0.059	1.0
HUMAN_VH3_SCF_16_SAFE_B	VHH_SCF_13	B	0.278	0.454	0.44	0.562	0.447	0.188	1.0
HUMAN_VH3_SCF_16_SAFE_B	VHH_SCF_14	B	0.077	0.273	0.125	0.5	0.421	0.188	1.0
HUMAN_VH3_SCF_16_SAFE_C	VHH_SCF_01	C	0.463	0.666	0.48	0.588	0.395	0.118	1.0
HUMAN_VH3_SCF_16_SAFE_C	VHH_SCF_02	C	0.475	0.684	0.52	0.588	0.395	0.118	1.0
HUMAN_VH3_SCF_16_SAFE_C	VHH_SCF_03	C	0.215	0.366	0.52	0.125	0.395	0.438	1.0
HUMAN_VH3_SCF_16_SAFE_C	VHH_SCF_04	C	0.838	0.89	0.92	0.824	0.789	0.059	1.0
HUMAN_VH3_SCF_16_SAFE_C	VHH_SCF_05	C	0.738	0.823	0.84	0.529	0.763	0.176	1.0
HUMAN_VH3_SCF_16_SAFE_C	VHH_SCF_06	C	0.8	0.868	0.84	0.765	0.789	0.118	1.0
HUMAN_VH3_SCF_16_SAFE_C	VHH_SCF_07	C	0.762	0.861	0.88	0.824	0.658	0.059	1.0
HUMAN_VH3_SCF_16_SAFE_C	VHH_SCF_08	C	0.75	0.823	0.84	0.529	0.789	0.176	1.0
HUMAN_VH3_SCF_16_SAFE_C	VHH_SCF_09	C	0.75	0.832	0.88	0.529	0.763	0.176	1.0
HUMAN_VH3_SCF_16_SAFE_C	VHH_SCF_10	C	0.738	0.812	0.8	0.588	0.763	0.118	1.0
HUMAN_VH3_SCF_16_SAFE_C	VHH_SCF_11	C	0.8	0.865	0.88	0.706	0.789	0.118	1.0
HUMAN_VH3_SCF_16_SAFE_C	VHH_SCF_12	C	0.5	0.709	0.48	0.647	0.447	0.059	1.0
HUMAN_VH3_SCF_16_SAFE_C	VHH_SCF_13	C	0.278	0.454	0.44	0.562	0.447	0.188	1.0
HUMAN_VH3_SCF_16_SAFE_C	VHH_SCF_14	C	0.077	0.273	0.125	0.5	0.421	0.188	1.0
HUMAN_VH3_SCF_17_SAFE_A	VHH_SCF_01	A	0.525	0.729	0.52	0.588	0.5	0.118	1.0
HUMAN_VH3_SCF_17_SAFE_A	VHH_SCF_02	A	0.537	0.749	0.56	0.588	0.5	0.118	1.0
HUMAN_VH3_SCF_17_SAFE_A	VHH_SCF_03	A	0.203	0.378	0.56	0.062	0.5	0.438	1.0
HUMAN_VH3_SCF_17_SAFE_A	VHH_SCF_04	A	0.812	0.857	0.92	0.765	0.763	0.059	1.0
HUMAN_VH3_SCF_17_SAFE_A	VHH_SCF_05	A	0.75	0.818	0.84	0.588	0.763	0.176	1.0
HUMAN_VH3_SCF_17_SAFE_A	VHH_SCF_06	A	0.787	0.841	0.84	0.765	0.763	0.118	1.0
HUMAN_VH3_SCF_17_SAFE_A	VHH_SCF_07	A	0.725	0.828	0.84	0.706	0.658	0.059	1.0
HUMAN_VH3_SCF_17_SAFE_A	VHH_SCF_08	A	0.738	0.802	0.84	0.529	0.763	0.176	1.0
HUMAN_VH3_SCF_17_SAFE_A	VHH_SCF_09	A	0.762	0.818	0.88	0.588	0.763	0.176	1.0
HUMAN_VH3_SCF_17_SAFE_A	VHH_SCF_10	A	0.75	0.799	0.8	0.647	0.763	0.118	1.0
HUMAN_VH3_SCF_17_SAFE_A	VHH_SCF_11	A	0.775	0.85	0.84	0.706	0.763	0.118	1.0
HUMAN_VH3_SCF_17_SAFE_A	VHH_SCF_12	A	0.588	0.776	0.6	0.706	0.526	0.059	1.0
HUMAN_VH3_SCF_17_SAFE_A	VHH_SCF_13	A	0.316	0.491	0.56	0.625	0.526	0.188	1.0
HUMAN_VH3_SCF_17_SAFE_A	VHH_SCF_14	A	0.064	0.263	0.167	0.562	0.5	0.188	1.0
HUMAN_VH3_SCF_17_SAFE_B	VHH_SCF_01	B	0.525	0.729	0.52	0.588	0.5	0.118	1.0
HUMAN_VH3_SCF_17_SAFE_B	VHH_SCF_02	B	0.537	0.749	0.56	0.588	0.5	0.118	1.0
HUMAN_VH3_SCF_17_SAFE_B	VHH_SCF_03	B	0.203	0.378	0.56	0.062	0.5	0.438	1.0
HUMAN_VH3_SCF_17_SAFE_B	VHH_SCF_04	B	0.812	0.857	0.92	0.765	0.763	0.059	1.0
HUMAN_VH3_SCF_17_SAFE_B	VHH_SCF_05	B	0.75	0.818	0.84	0.588	0.763	0.176	1.0
HUMAN_VH3_SCF_17_SAFE_B	VHH_SCF_06	B	0.787	0.841	0.84	0.765	0.763	0.118	1.0
HUMAN_VH3_SCF_17_SAFE_B	VHH_SCF_07	B	0.725	0.828	0.84	0.706	0.658	0.059	1.0
HUMAN_VH3_SCF_17_SAFE_B	VHH_SCF_08	B	0.738	0.802	0.84	0.529	0.763	0.176	1.0
HUMAN_VH3_SCF_17_SAFE_B	VHH_SCF_09	B	0.762	0.818	0.88	0.588	0.763	0.176	1.0
HUMAN_VH3_SCF_17_SAFE_B	VHH_SCF_10	B	0.75	0.799	0.8	0.647	0.763	0.118	1.0
HUMAN_VH3_SCF_17_SAFE_B	VHH_SCF_11	B	0.775	0.85	0.84	0.706	0.763	0.118	1.0
HUMAN_VH3_SCF_17_SAFE_B	VHH_SCF_12	B	0.588	0.776	0.6	0.706	0.526	0.059	1.0
HUMAN_VH3_SCF_17_SAFE_B	VHH_SCF_13	B	0.316	0.491	0.56	0.625	0.526	0.188	1.0
HUMAN_VH3_SCF_17_SAFE_B	VHH_SCF_14	B	0.064	0.263	0.167	0.562	0.5	0.188	1.0
HUMAN_VH3_SCF_17_SAFE_C	VHH_SCF_01	C	0.525	0.729	0.52	0.588	0.5	0.118	1.0
HUMAN_VH3_SCF_17_SAFE_C	VHH_SCF_02	C	0.537	0.749	0.56	0.588	0.5	0.118	1.0
HUMAN_VH3_SCF_17_SAFE_C	VHH_SCF_03	C	0.203	0.378	0.56	0.062	0.5	0.438	1.0
HUMAN_VH3_SCF_17_SAFE_C	VHH_SCF_04	C	0.812	0.857	0.92	0.765	0.763	0.059	1.0
HUMAN_VH3_SCF_17_SAFE_C	VHH_SCF_05	C	0.75	0.818	0.84	0.588	0.763	0.176	1.0
HUMAN_VH3_SCF_17_SAFE_C	VHH_SCF_06	C	0.787	0.841	0.84	0.765	0.763	0.118	1.0
HUMAN_VH3_SCF_17_SAFE_C	VHH_SCF_07	C	0.725	0.828	0.84	0.706	0.658	0.059	1.0
HUMAN_VH3_SCF_17_SAFE_C	VHH_SCF_08	C	0.738	0.802	0.84	0.529	0.763	0.176	1.0
HUMAN_VH3_SCF_17_SAFE_C	VHH_SCF_09	C	0.762	0.818	0.88	0.588	0.763	0.176	1.0
HUMAN_VH3_SCF_17_SAFE_C	VHH_SCF_10	C	0.75	0.799	0.8	0.647	0.763	0.118	1.0
HUMAN_VH3_SCF_17_SAFE_C	VHH_SCF_11	C	0.775	0.85	0.84	0.706	0.763	0.118	1.0
HUMAN_VH3_SCF_17_SAFE_C	VHH_SCF_12	C	0.588	0.776	0.6	0.706	0.526	0.059	1.0
HUMAN_VH3_SCF_17_SAFE_C	VHH_SCF_13	C	0.316	0.491	0.56	0.625	0.526	0.188	1.0
HUMAN_VH3_SCF_17_SAFE_C	VHH_SCF_14	C	0.064	0.263	0.167	0.562	0.5	0.188	1.0
HUMAN_VH3_SCF_18_SAFE_A	VHH_SCF_01	A	0.154	0.346	0.292	0.0	0.368	0.375	0.0
HUMAN_VH3_SCF_18_SAFE_A	VHH_SCF_02	A	0.141	0.324	0.292	0.0	0.368	0.375	0.0
HUMAN_VH3_SCF_18_SAFE_A	VHH_SCF_03	A	0.141	0.278	0.292	0.375	0.368	0.25	0.0
HUMAN_VH3_SCF_18_SAFE_A	VHH_SCF_04	A	0.179	0.351	0.458	0.0	0.763	0.375	0.0
HUMAN_VH3_SCF_18_SAFE_A	VHH_SCF_05	A	0.167	0.354	0.417	0.0	0.737	0.375	0.0
HUMAN_VH3_SCF_18_SAFE_A	VHH_SCF_06	A	0.167	0.363	0.417	0.0	0.763	0.375	0.0
HUMAN_VH3_SCF_18_SAFE_A	VHH_SCF_07	A	0.154	0.351	0.375	0.0	0.632	0.375	0.0
HUMAN_VH3_SCF_18_SAFE_A	VHH_SCF_08	A	0.179	0.344	0.458	0.062	0.763	0.5	0.0
HUMAN_VH3_SCF_18_SAFE_A	VHH_SCF_09	A	0.167	0.355	0.417	0.0	0.737	0.375	0.0
HUMAN_VH3_SCF_18_SAFE_A	VHH_SCF_10	A	0.167	0.341	0.375	0.0	0.737	0.312	0.0
HUMAN_VH3_SCF_18_SAFE_A	VHH_SCF_11	A	0.154	0.351	0.375	0.0	0.763	0.375	0.0
HUMAN_VH3_SCF_18_SAFE_A	VHH_SCF_12	A	0.141	0.31	0.25	0.062	0.5	0.375	0.0
HUMAN_VH3_SCF_18_SAFE_A	VHH_SCF_13	A	0.179	0.306	0.25	0.062	0.5	0.5	0.0
HUMAN_VH3_SCF_18_SAFE_A	VHH_SCF_14	A	0.385	0.596	0.458	0.062	0.474	0.5	0.0
HUMAN_VH3_SCF_18_SAFE_B	VHH_SCF_01	B	0.154	0.353	0.292	0.0	0.368	0.375	0.0
HUMAN_VH3_SCF_18_SAFE_B	VHH_SCF_02	B	0.141	0.331	0.292	0.0	0.368	0.375	0.0
HUMAN_VH3_SCF_18_SAFE_B	VHH_SCF_03	B	0.141	0.278	0.292	0.438	0.368	0.25	0.0
HUMAN_VH3_SCF_18_SAFE_B	VHH_SCF_04	B	0.179	0.358	0.458	0.0	0.763	0.375	0.0
HUMAN_VH3_SCF_18_SAFE_B	VHH_SCF_05	B	0.167	0.36	0.417	0.0	0.737	0.375	0.0
HUMAN_VH3_SCF_18_SAFE_B	VHH_SCF_06	B	0.167	0.369	0.417	0.0	0.763	0.375	0.0
HUMAN_VH3_SCF_18_SAFE_B	VHH_SCF_07	B	0.154	0.358	0.375	0.0	0.632	0.375	0.0
HUMAN_VH3_SCF_18_SAFE_B	VHH_SCF_08	B	0.179	0.35	0.458	0.062	0.763	0.5	0.0
HUMAN_VH3_SCF_18_SAFE_B	VHH_SCF_09	B	0.167	0.362	0.417	0.0	0.737	0.375	0.0
HUMAN_VH3_SCF_18_SAFE_B	VHH_SCF_10	B	0.167	0.347	0.375	0.0	0.737	0.312	0.0
HUMAN_VH3_SCF_18_SAFE_B	VHH_SCF_11	B	0.154	0.351	0.375	0.0	0.763	0.375	0.0
HUMAN_VH3_SCF_18_SAFE_B	VHH_SCF_12	B	0.141	0.31	0.25	0.062	0.5	0.375	0.0
HUMAN_VH3_SCF_18_SAFE_B	VHH_SCF_13	B	0.179	0.306	0.25	0.062	0.5	0.5	0.0
HUMAN_VH3_SCF_18_SAFE_B	VHH_SCF_14	B	0.385	0.596	0.458	0.062	0.474	0.5	0.0
HUMAN_VH3_SCF_18_SAFE_C	VHH_SCF_01	C	0.154	0.353	0.292	0.0	0.368	0.375	0.0
HUMAN_VH3_SCF_18_SAFE_C	VHH_SCF_02	C	0.141	0.331	0.292	0.0	0.368	0.375	0.0
HUMAN_VH3_SCF_18_SAFE_C	VHH_SCF_03	C	0.141	0.278	0.292	0.438	0.368	0.25	0.0
HUMAN_VH3_SCF_18_SAFE_C	VHH_SCF_04	C	0.179	0.358	0.458	0.0	0.763	0.375	0.0
HUMAN_VH3_SCF_18_SAFE_C	VHH_SCF_05	C	0.167	0.36	0.417	0.0	0.737	0.375	0.0
HUMAN_VH3_SCF_18_SAFE_C	VHH_SCF_06	C	0.167	0.369	0.417	0.0	0.763	0.375	0.0
HUMAN_VH3_SCF_18_SAFE_C	VHH_SCF_07	C	0.154	0.358	0.375	0.0	0.632	0.375	0.0
HUMAN_VH3_SCF_18_SAFE_C	VHH_SCF_08	C	0.179	0.35	0.458	0.062	0.763	0.5	0.0
HUMAN_VH3_SCF_18_SAFE_C	VHH_SCF_09	C	0.167	0.362	0.417	0.0	0.737	0.375	0.0
HUMAN_VH3_SCF_18_SAFE_C	VHH_SCF_10	C	0.167	0.347	0.375	0.0	0.737	0.312	0.0
HUMAN_VH3_SCF_18_SAFE_C	VHH_SCF_11	C	0.154	0.351	0.375	0.0	0.763	0.375	0.0
HUMAN_VH3_SCF_18_SAFE_C	VHH_SCF_12	C	0.141	0.31	0.25	0.062	0.5	0.375	0.0
HUMAN_VH3_SCF_18_SAFE_C	VHH_SCF_13	C	0.179	0.306	0.25	0.062	0.5	0.5	0.0
HUMAN_VH3_SCF_18_SAFE_C	VHH_SCF_14	C	0.385	0.596	0.458	0.062	0.474	0.5	0.0
HUMAN_VH3_SCF_19_SAFE_A	VHH_SCF_01	A	0.145	0.355	0.4	0.0	0.368	0.538	0.0
HUMAN_VH3_SCF_19_SAFE_A	VHH_SCF_02	A	0.158	0.364	0.44	0.0	0.421	0.538	0.0
HUMAN_VH3_SCF_19_SAFE_A	VHH_SCF_03	A	0.184	0.407	0.44	0.0	0.421	0.462	0.0
HUMAN_VH3_SCF_19_SAFE_A	VHH_SCF_04	A	0.237	0.396	0.72	0.0	0.763	0.538	0.0
HUMAN_VH3_SCF_19_SAFE_A	VHH_SCF_05	A	0.237	0.404	0.68	0.0	0.737	0.462	0.0
HUMAN_VH3_SCF_19_SAFE_A	VHH_SCF_06	A	0.224	0.401	0.68	0.0	0.763	0.538	0.0
HUMAN_VH3_SCF_19_SAFE_A	VHH_SCF_07	A	0.224	0.393	0.64	0.0	0.684	0.538	0.0
HUMAN_VH3_SCF_19_SAFE_A	VHH_SCF_08	A	0.224	0.392	0.64	0.0	0.763	0.538	0.0
HUMAN_VH3_SCF_19_SAFE_A	VHH_SCF_09	A	0.224	0.397	0.68	0.0	0.737	0.462	0.0
HUMAN_VH3_SCF_19_SAFE_A	VHH_SCF_10	A	0.224	0.388	0.68	0.0	0.763	0.462	0.0
HUMAN_VH3_SCF_19_SAFE_A	VHH_SCF_11	A	0.211	0.372	0.64	0.0	0.763	0.538	0.0
HUMAN_VH3_SCF_19_SAFE_A	VHH_SCF_12	A	0.145	0.341	0.36	0.0	0.526	0.538	0.0
HUMAN_VH3_SCF_19_SAFE_A	VHH_SCF_13	A	0.171	0.336	0.36	0.0	0.526	0.538	0.0
HUMAN_VH3_SCF_19_SAFE_A	VHH_SCF_14	A	0.079	0.295	0.125	0.0	0.5	0.538	0.0
HUMAN_VH3_SCF_19_SAFE_B	VHH_SCF_01	B	0.145	0.355	0.4	0.0	0.368	0.538	0.0
HUMAN_VH3_SCF_19_SAFE_B	VHH_SCF_02	B	0.158	0.364	0.44	0.0	0.421	0.538	0.0
HUMAN_VH3_SCF_19_SAFE_B	VHH_SCF_03	B	0.184	0.407	0.44	0.0	0.421	0.462	0.0
HUMAN_VH3_SCF_19_SAFE_B	VHH_SCF_04	B	0.237	0.396	0.72	0.0	0.763	0.538	0.0
HUMAN_VH3_SCF_19_SAFE_B	VHH_SCF_05	B	0.237	0.404	0.68	0.0	0.737	0.462	0.0
HUMAN_VH3_SCF_19_SAFE_B	VHH_SCF_06	B	0.224	0.401	0.68	0.0	0.763	0.538	0.0
HUMAN_VH3_SCF_19_SAFE_B	VHH_SCF_07	B	0.224	0.393	0.64	0.0	0.684	0.538	0.0
HUMAN_VH3_SCF_19_SAFE_B	VHH_SCF_08	B	0.224	0.392	0.64	0.0	0.763	0.538	0.0
HUMAN_VH3_SCF_19_SAFE_B	VHH_SCF_09	B	0.224	0.397	0.68	0.0	0.737	0.462	0.0
HUMAN_VH3_SCF_19_SAFE_B	VHH_SCF_10	B	0.224	0.388	0.68	0.0	0.763	0.462	0.0
HUMAN_VH3_SCF_19_SAFE_B	VHH_SCF_11	B	0.211	0.372	0.64	0.0	0.763	0.538	0.0
HUMAN_VH3_SCF_19_SAFE_B	VHH_SCF_12	B	0.145	0.341	0.36	0.0	0.526	0.538	0.0
HUMAN_VH3_SCF_19_SAFE_B	VHH_SCF_13	B	0.171	0.336	0.36	0.0	0.526	0.538	0.0
HUMAN_VH3_SCF_19_SAFE_B	VHH_SCF_14	B	0.079	0.295	0.125	0.0	0.5	0.538	0.0
HUMAN_VH3_SCF_19_SAFE_C	VHH_SCF_01	C	0.145	0.355	0.4	0.0	0.368	0.538	0.0
HUMAN_VH3_SCF_19_SAFE_C	VHH_SCF_02	C	0.158	0.364	0.44	0.0	0.421	0.538	0.0
HUMAN_VH3_SCF_19_SAFE_C	VHH_SCF_03	C	0.184	0.407	0.44	0.0	0.421	0.462	0.0
HUMAN_VH3_SCF_19_SAFE_C	VHH_SCF_04	C	0.237	0.396	0.72	0.0	0.763	0.538	0.0
HUMAN_VH3_SCF_19_SAFE_C	VHH_SCF_05	C	0.237	0.404	0.68	0.0	0.737	0.462	0.0
HUMAN_VH3_SCF_19_SAFE_C	VHH_SCF_06	C	0.224	0.401	0.68	0.0	0.763	0.538	0.0
HUMAN_VH3_SCF_19_SAFE_C	VHH_SCF_07	C	0.224	0.393	0.64	0.0	0.684	0.538	0.0
HUMAN_VH3_SCF_19_SAFE_C	VHH_SCF_08	C	0.224	0.392	0.64	0.0	0.763	0.538	0.0
HUMAN_VH3_SCF_19_SAFE_C	VHH_SCF_09	C	0.224	0.397	0.68	0.0	0.737	0.462	0.0
HUMAN_VH3_SCF_19_SAFE_C	VHH_SCF_10	C	0.224	0.388	0.68	0.0	0.763	0.462	0.0
HUMAN_VH3_SCF_19_SAFE_C	VHH_SCF_11	C	0.211	0.372	0.64	0.0	0.763	0.538	0.0
HUMAN_VH3_SCF_19_SAFE_C	VHH_SCF_12	C	0.145	0.341	0.36	0.0	0.526	0.538	0.0
HUMAN_VH3_SCF_19_SAFE_C	VHH_SCF_13	C	0.171	0.336	0.36	0.0	0.526	0.538	0.0
HUMAN_VH3_SCF_19_SAFE_C	VHH_SCF_14	C	0.079	0.295	0.125	0.0	0.5	0.538	0.0
HUMAN_VH3_SCF_20_SAFE_A	VHH_SCF_01	A	0.329	0.494	0.52	0.529	0.108	0.118	1.0
HUMAN_VH3_SCF_20_SAFE_A	VHH_SCF_02	A	0.354	0.53	0.56	0.529	0.135	0.118	1.0
HUMAN_VH3_SCF_20_SAFE_A	VHH_SCF_03	A	0.342	0.554	0.56	0.125	0.135	0.438	1.0
HUMAN_VH3_SCF_20_SAFE_A	VHH_SCF_04	A	0.544	0.632	0.92	0.765	0.189	0.059	1.0
HUMAN_VH3_SCF_20_SAFE_A	VHH_SCF_05	A	0.468	0.571	0.88	0.471	0.189	0.176	1.0
HUMAN_VH3_SCF_20_SAFE_A	VHH_SCF_06	A	0.532	0.618	0.88	0.765	0.189	0.118	1.0
HUMAN_VH3_SCF_20_SAFE_A	VHH_SCF_07	A	0.506	0.624	0.84	0.765	0.162	0.059	1.0
HUMAN_VH3_SCF_20_SAFE_A	VHH_SCF_08	A	0.456	0.563	0.84	0.471	0.189	0.176	1.0
HUMAN_VH3_SCF_20_SAFE_A	VHH_SCF_09	A	0.468	0.573	0.88	0.471	0.189	0.176	1.0
HUMAN_VH3_SCF_20_SAFE_A	VHH_SCF_10	A	0.481	0.58	0.84	0.588	0.189	0.118	1.0
HUMAN_VH3_SCF_20_SAFE_A	VHH_SCF_11	A	0.506	0.613	0.84	0.706	0.189	0.118	1.0
HUMAN_VH3_SCF_20_SAFE_A	VHH_SCF_12	A	0.367	0.556	0.56	0.529	0.162	0.059	1.0
HUMAN_VH3_SCF_20_SAFE_A	VHH_SCF_13	A	0.43	0.625	0.52	0.5	0.162	0.188	1.0
HUMAN_VH3_SCF_20_SAFE_A	VHH_SCF_14	A	0.064	0.254	0.167	0.562	0.162	0.188	1.0
HUMAN_VH3_SCF_20_SAFE_B	VHH_SCF_01	B	0.329	0.494	0.52	0.529	0.108	0.118	1.0
HUMAN_VH3_SCF_20_SAFE_B	VHH_SCF_02	B	0.354	0.53	0.56	0.529	0.135	0.118	1.0
HUMAN_VH3_SCF_20_SAFE_B	VHH_SCF_03	B	0.342	0.554	0.56	0.125	0.135	0.438	1.0
HUMAN_VH3_SCF_20_SAFE_B	VHH_SCF_04	B	0.544	0.632	0.92	0.765	0.189	0.059	1.0
HUMAN_VH3_SCF_20_SAFE_B	VHH_SCF_05	B	0.468	0.571	0.88	0.471	0.189	0.176	1.0
HUMAN_VH3_SCF_20_SAFE_B	VHH_SCF_06	B	0.532	0.618	0.88	0.765	0.189	0.118	1.0
HUMAN_VH3_SCF_20_SAFE_B	VHH_SCF_07	B	0.506	0.624	0.84	0.765	0.162	0.059	1.0
HUMAN_VH3_SCF_20_SAFE_B	VHH_SCF_08	B	0.456	0.563	0.84	0.471	0.189	0.176	1.0
HUMAN_VH3_SCF_20_SAFE_B	VHH_SCF_09	B	0.468	0.573	0.88	0.471	0.189	0.176	1.0
HUMAN_VH3_SCF_20_SAFE_B	VHH_SCF_10	B	0.481	0.58	0.84	0.588	0.189	0.118	1.0
HUMAN_VH3_SCF_20_SAFE_B	VHH_SCF_11	B	0.506	0.613	0.84	0.706	0.189	0.118	1.0
HUMAN_VH3_SCF_20_SAFE_B	VHH_SCF_12	B	0.367	0.556	0.56	0.529	0.162	0.059	1.0
HUMAN_VH3_SCF_20_SAFE_B	VHH_SCF_13	B	0.43	0.625	0.52	0.5	0.162	0.188	1.0
HUMAN_VH3_SCF_20_SAFE_B	VHH_SCF_14	B	0.064	0.254	0.167	0.562	0.162	0.188	1.0
HUMAN_VH3_SCF_20_SAFE_C	VHH_SCF_01	C	0.329	0.494	0.52	0.529	0.108	0.118	1.0
HUMAN_VH3_SCF_20_SAFE_C	VHH_SCF_02	C	0.354	0.53	0.56	0.529	0.135	0.118	1.0
HUMAN_VH3_SCF_20_SAFE_C	VHH_SCF_03	C	0.342	0.554	0.56	0.125	0.135	0.438	1.0
HUMAN_VH3_SCF_20_SAFE_C	VHH_SCF_04	C	0.544	0.632	0.92	0.765	0.189	0.059	1.0
HUMAN_VH3_SCF_20_SAFE_C	VHH_SCF_05	C	0.468	0.571	0.88	0.471	0.189	0.176	1.0
HUMAN_VH3_SCF_20_SAFE_C	VHH_SCF_06	C	0.532	0.618	0.88	0.765	0.189	0.118	1.0
HUMAN_VH3_SCF_20_SAFE_C	VHH_SCF_07	C	0.506	0.624	0.84	0.765	0.162	0.059	1.0
HUMAN_VH3_SCF_20_SAFE_C	VHH_SCF_08	C	0.456	0.563	0.84	0.471	0.189	0.176	1.0
HUMAN_VH3_SCF_20_SAFE_C	VHH_SCF_09	C	0.468	0.573	0.88	0.471	0.189	0.176	1.0
HUMAN_VH3_SCF_20_SAFE_C	VHH_SCF_10	C	0.481	0.58	0.84	0.588	0.189	0.118	1.0
HUMAN_VH3_SCF_20_SAFE_C	VHH_SCF_11	C	0.506	0.613	0.84	0.706	0.189	0.118	1.0
HUMAN_VH3_SCF_20_SAFE_C	VHH_SCF_12	C	0.367	0.556	0.56	0.529	0.162	0.059	1.0
HUMAN_VH3_SCF_20_SAFE_C	VHH_SCF_13	C	0.43	0.625	0.52	0.5	0.162	0.188	1.0
HUMAN_VH3_SCF_20_SAFE_C	VHH_SCF_14	C	0.064	0.254	0.167	0.562	0.162	0.188	1.0
HUMAN_VH3_SCF_21_SAFE_A	VHH_SCF_01	A	0.278	0.423	0.52	0.438	0.342	0.25	0.667
HUMAN_VH3_SCF_21_SAFE_A	VHH_SCF_02	A	0.304	0.448	0.56	0.438	0.395	0.25	0.667
HUMAN_VH3_SCF_21_SAFE_A	VHH_SCF_03	A	0.405	0.651	0.56	0.188	0.395	0.375	0.667
HUMAN_VH3_SCF_21_SAFE_A	VHH_SCF_04	A	0.443	0.525	0.96	0.562	0.789	0.25	0.667
HUMAN_VH3_SCF_21_SAFE_A	VHH_SCF_05	A	0.38	0.495	0.88	0.375	0.763	0.25	0.667
HUMAN_VH3_SCF_21_SAFE_A	VHH_SCF_06	A	0.418	0.506	0.88	0.562	0.789	0.25	0.667
HUMAN_VH3_SCF_21_SAFE_A	VHH_SCF_07	A	0.405	0.518	0.88	0.562	0.711	0.25	0.667
HUMAN_VH3_SCF_21_SAFE_A	VHH_SCF_08	A	0.418	0.524	0.88	0.562	0.789	0.125	0.667
HUMAN_VH3_SCF_21_SAFE_A	VHH_SCF_09	A	0.38	0.477	0.92	0.312	0.763	0.375	0.667
HUMAN_VH3_SCF_21_SAFE_A	VHH_SCF_10	A	0.354	0.451	0.84	0.375	0.789	0.312	0.667
HUMAN_VH3_SCF_21_SAFE_A	VHH_SCF_11	A	0.405	0.506	0.88	0.5	0.789	0.25	0.667
HUMAN_VH3_SCF_21_SAFE_A	VHH_SCF_12	A	0.316	0.476	0.56	0.438	0.526	0.25	0.667
HUMAN_VH3_SCF_21_SAFE_A	VHH_SCF_13	A	0.506	0.72	0.52	0.438	0.526	0.125	0.667
HUMAN_VH3_SCF_21_SAFE_A	VHH_SCF_14	A	0.064	0.215	0.125	0.375	0.5	0.125	0.667
HUMAN_VH3_SCF_21_SAFE_B	VHH_SCF_01	B	0.291	0.435	0.52	0.5	0.342	0.25	1.0
HUMAN_VH3_SCF_21_SAFE_B	VHH_SCF_02	B	0.316	0.461	0.56	0.5	0.395	0.25	1.0
HUMAN_VH3_SCF_21_SAFE_B	VHH_SCF_03	B	0.405	0.644	0.56	0.188	0.395	0.375	1.0
HUMAN_VH3_SCF_21_SAFE_B	VHH_SCF_04	B	0.456	0.538	0.96	0.625	0.789	0.25	1.0
HUMAN_VH3_SCF_21_SAFE_B	VHH_SCF_05	B	0.392	0.508	0.88	0.438	0.763	0.25	1.0
HUMAN_VH3_SCF_21_SAFE_B	VHH_SCF_06	B	0.43	0.519	0.88	0.625	0.789	0.25	1.0
HUMAN_VH3_SCF_21_SAFE_B	VHH_SCF_07	B	0.418	0.53	0.88	0.625	0.711	0.25	1.0
HUMAN_VH3_SCF_21_SAFE_B	VHH_SCF_08	B	0.43	0.537	0.88	0.625	0.789	0.125	1.0
HUMAN_VH3_SCF_21_SAFE_B	VHH_SCF_09	B	0.392	0.49	0.92	0.375	0.763	0.375	1.0
HUMAN_VH3_SCF_21_SAFE_B	VHH_SCF_10	B	0.367	0.463	0.84	0.438	0.789	0.312	1.0
HUMAN_VH3_SCF_21_SAFE_B	VHH_SCF_11	B	0.418	0.519	0.88	0.562	0.789	0.25	1.0
HUMAN_VH3_SCF_21_SAFE_B	VHH_SCF_12	B	0.329	0.489	0.56	0.5	0.526	0.25	1.0
HUMAN_VH3_SCF_21_SAFE_B	VHH_SCF_13	B	0.519	0.733	0.52	0.5	0.526	0.125	1.0
HUMAN_VH3_SCF_21_SAFE_B	VHH_SCF_14	B	0.064	0.206	0.125	0.438	0.5	0.125	1.0
HUMAN_VH3_SCF_21_SAFE_C	VHH_SCF_01	C	0.291	0.435	0.52	0.5	0.342	0.25	1.0
HUMAN_VH3_SCF_21_SAFE_C	VHH_SCF_02	C	0.316	0.461	0.56	0.5	0.395	0.25	1.0
HUMAN_VH3_SCF_21_SAFE_C	VHH_SCF_03	C	0.405	0.644	0.56	0.188	0.395	0.375	1.0
HUMAN_VH3_SCF_21_SAFE_C	VHH_SCF_04	C	0.456	0.538	0.96	0.625	0.789	0.25	1.0
HUMAN_VH3_SCF_21_SAFE_C	VHH_SCF_05	C	0.392	0.508	0.88	0.438	0.763	0.25	1.0
HUMAN_VH3_SCF_21_SAFE_C	VHH_SCF_06	C	0.43	0.519	0.88	0.625	0.789	0.25	1.0
HUMAN_VH3_SCF_21_SAFE_C	VHH_SCF_07	C	0.418	0.53	0.88	0.625	0.711	0.25	1.0
HUMAN_VH3_SCF_21_SAFE_C	VHH_SCF_08	C	0.43	0.537	0.88	0.625	0.789	0.125	1.0
HUMAN_VH3_SCF_21_SAFE_C	VHH_SCF_09	C	0.392	0.49	0.92	0.375	0.763	0.375	1.0
HUMAN_VH3_SCF_21_SAFE_C	VHH_SCF_10	C	0.367	0.463	0.84	0.438	0.789	0.312	1.0
HUMAN_VH3_SCF_21_SAFE_C	VHH_SCF_11	C	0.418	0.519	0.88	0.562	0.789	0.25	1.0
HUMAN_VH3_SCF_21_SAFE_C	VHH_SCF_12	C	0.329	0.489	0.56	0.5	0.526	0.25	1.0
HUMAN_VH3_SCF_21_SAFE_C	VHH_SCF_13	C	0.519	0.733	0.52	0.5	0.526	0.125	1.0
HUMAN_VH3_SCF_21_SAFE_C	VHH_SCF_14	C	0.064	0.206	0.125	0.438	0.5	0.125	1.0
HUMAN_VH3_SCF_22_SAFE_A	VHH_SCF_01	A	0.45	0.675	0.52	0.529	0.368	0.118	0.667
HUMAN_VH3_SCF_22_SAFE_A	VHH_SCF_02	A	0.463	0.695	0.56	0.529	0.368	0.118	0.667
HUMAN_VH3_SCF_22_SAFE_A	VHH_SCF_03	A	0.215	0.39	0.56	0.125	0.368	0.438	0.667
HUMAN_VH3_SCF_22_SAFE_A	VHH_SCF_04	A	0.825	0.889	0.96	0.765	0.763	0.059	0.667
HUMAN_VH3_SCF_22_SAFE_A	VHH_SCF_05	A	0.725	0.821	0.88	0.471	0.737	0.176	0.667
HUMAN_VH3_SCF_22_SAFE_A	VHH_SCF_06	A	0.8	0.869	0.88	0.765	0.763	0.118	0.667
HUMAN_VH3_SCF_22_SAFE_A	VHH_SCF_07	A	0.762	0.865	0.88	0.765	0.684	0.059	0.667
HUMAN_VH3_SCF_22_SAFE_A	VHH_SCF_08	A	0.738	0.821	0.88	0.471	0.763	0.176	0.667
HUMAN_VH3_SCF_22_SAFE_A	VHH_SCF_09	A	0.738	0.83	0.92	0.471	0.737	0.176	0.667
HUMAN_VH3_SCF_22_SAFE_A	VHH_SCF_10	A	0.75	0.82	0.84	0.588	0.763	0.118	0.667
HUMAN_VH3_SCF_22_SAFE_A	VHH_SCF_11	A	0.787	0.859	0.88	0.706	0.763	0.118	0.667
HUMAN_VH3_SCF_22_SAFE_A	VHH_SCF_12	A	0.512	0.73	0.52	0.529	0.5	0.059	0.667
HUMAN_VH3_SCF_22_SAFE_A	VHH_SCF_13	A	0.266	0.441	0.48	0.5	0.5	0.188	0.667
HUMAN_VH3_SCF_22_SAFE_A	VHH_SCF_14	A	0.103	0.315	0.167	0.438	0.474	0.188	0.667
HUMAN_VH3_SCF_22_SAFE_B	VHH_SCF_01	B	0.463	0.688	0.52	0.588	0.368	0.118	1.0
HUMAN_VH3_SCF_22_SAFE_B	VHH_SCF_02	B	0.475	0.708	0.56	0.588	0.368	0.118	1.0
HUMAN_VH3_SCF_22_SAFE_B	VHH_SCF_03	B	0.215	0.384	0.56	0.125	0.368	0.438	1.0
HUMAN_VH3_SCF_22_SAFE_B	VHH_SCF_04	B	0.838	0.901	0.96	0.824	0.763	0.059	1.0
HUMAN_VH3_SCF_22_SAFE_B	VHH_SCF_05	B	0.738	0.834	0.88	0.529	0.737	0.176	1.0
HUMAN_VH3_SCF_22_SAFE_B	VHH_SCF_06	B	0.812	0.881	0.88	0.824	0.763	0.118	1.0
HUMAN_VH3_SCF_22_SAFE_B	VHH_SCF_07	B	0.775	0.878	0.88	0.824	0.684	0.059	1.0
HUMAN_VH3_SCF_22_SAFE_B	VHH_SCF_08	B	0.75	0.834	0.88	0.529	0.763	0.176	1.0
HUMAN_VH3_SCF_22_SAFE_B	VHH_SCF_09	B	0.75	0.843	0.92	0.529	0.737	0.176	1.0
HUMAN_VH3_SCF_22_SAFE_B	VHH_SCF_10	B	0.762	0.832	0.84	0.647	0.763	0.118	1.0
HUMAN_VH3_SCF_22_SAFE_B	VHH_SCF_11	B	0.8	0.871	0.88	0.765	0.763	0.118	1.0
HUMAN_VH3_SCF_22_SAFE_B	VHH_SCF_12	B	0.525	0.742	0.52	0.588	0.5	0.059	1.0
HUMAN_VH3_SCF_22_SAFE_B	VHH_SCF_13	B	0.278	0.453	0.48	0.562	0.5	0.188	1.0
HUMAN_VH3_SCF_22_SAFE_B	VHH_SCF_14	B	0.103	0.306	0.167	0.5	0.474	0.188	1.0
HUMAN_VH3_SCF_22_SAFE_C	VHH_SCF_01	C	0.463	0.688	0.52	0.588	0.368	0.118	1.0
HUMAN_VH3_SCF_22_SAFE_C	VHH_SCF_02	C	0.475	0.708	0.56	0.588	0.368	0.118	1.0
HUMAN_VH3_SCF_22_SAFE_C	VHH_SCF_03	C	0.215	0.384	0.56	0.125	0.368	0.438	1.0
HUMAN_VH3_SCF_22_SAFE_C	VHH_SCF_04	C	0.838	0.901	0.96	0.824	0.763	0.059	1.0
HUMAN_VH3_SCF_22_SAFE_C	VHH_SCF_05	C	0.738	0.834	0.88	0.529	0.737	0.176	1.0
HUMAN_VH3_SCF_22_SAFE_C	VHH_SCF_06	C	0.812	0.881	0.88	0.824	0.763	0.118	1.0
HUMAN_VH3_SCF_22_SAFE_C	VHH_SCF_07	C	0.775	0.878	0.88	0.824	0.684	0.059	1.0
HUMAN_VH3_SCF_22_SAFE_C	VHH_SCF_08	C	0.75	0.834	0.88	0.529	0.763	0.176	1.0
HUMAN_VH3_SCF_22_SAFE_C	VHH_SCF_09	C	0.75	0.843	0.92	0.529	0.737	0.176	1.0
HUMAN_VH3_SCF_22_SAFE_C	VHH_SCF_10	C	0.762	0.832	0.84	0.647	0.763	0.118	1.0
HUMAN_VH3_SCF_22_SAFE_C	VHH_SCF_11	C	0.8	0.871	0.88	0.765	0.763	0.118	1.0
HUMAN_VH3_SCF_22_SAFE_C	VHH_SCF_12	C	0.525	0.742	0.52	0.588	0.5	0.059	1.0
HUMAN_VH3_SCF_22_SAFE_C	VHH_SCF_13	C	0.278	0.453	0.48	0.562	0.5	0.188	1.0
HUMAN_VH3_SCF_22_SAFE_C	VHH_SCF_14	C	0.103	0.306	0.167	0.5	0.474	0.188	1.0
HUMAN_VH3_SCF_23_SAFE_A	VHH_SCF_01	A	0.346	0.617	0.4	0.353	0.306	0.176	0.6
HUMAN_VH3_SCF_23_SAFE_A	VHH_SCF_02	A	0.333	0.608	0.4	0.353	0.278	0.176	0.6
HUMAN_VH3_SCF_23_SAFE_A	VHH_SCF_03	A	0.167	0.353	0.4	0.125	0.278	0.562	0.6
HUMAN_VH3_SCF_23_SAFE_A	VHH_SCF_04	A	0.641	0.763	0.64	0.588	0.667	0.235	0.6
HUMAN_VH3_SCF_23_SAFE_A	VHH_SCF_05	A	0.577	0.731	0.6	0.353	0.667	0.235	0.6
HUMAN_VH3_SCF_23_SAFE_A	VHH_SCF_06	A	0.628	0.767	0.6	0.588	0.667	0.176	0.6
HUMAN_VH3_SCF_23_SAFE_A	VHH_SCF_07	A	0.551	0.732	0.56	0.529	0.556	0.235	0.6
HUMAN_VH3_SCF_23_SAFE_A	VHH_SCF_08	A	0.577	0.723	0.56	0.412	0.667	0.235	0.6
HUMAN_VH3_SCF_23_SAFE_A	VHH_SCF_09	A	0.59	0.738	0.6	0.412	0.667	0.235	0.6
HUMAN_VH3_SCF_23_SAFE_A	VHH_SCF_10	A	0.564	0.717	0.6	0.353	0.639	0.294	0.6
HUMAN_VH3_SCF_23_SAFE_A	VHH_SCF_11	A	0.59	0.742	0.56	0.471	0.667	0.176	0.6
HUMAN_VH3_SCF_23_SAFE_A	VHH_SCF_12	A	0.385	0.621	0.4	0.412	0.361	0.235	0.6
HUMAN_VH3_SCF_23_SAFE_A	VHH_SCF_13	A	0.218	0.447	0.36	0.438	0.361	0.188	0.6
HUMAN_VH3_SCF_23_SAFE_A	VHH_SCF_14	A	0.077	0.329	0.125	0.438	0.333	0.188	0.6
HUMAN_VH3_SCF_23_SAFE_B	VHH_SCF_01	B	0.346	0.617	0.4	0.353	0.306	0.176	0.6
HUMAN_VH3_SCF_23_SAFE_B	VHH_SCF_02	B	0.333	0.608	0.4	0.353	0.278	0.176	0.6
HUMAN_VH3_SCF_23_SAFE_B	VHH_SCF_03	B	0.167	0.353	0.4	0.125	0.278	0.562	0.6
HUMAN_VH3_SCF_23_SAFE_B	VHH_SCF_04	B	0.641	0.763	0.64	0.588	0.667	0.235	0.6
HUMAN_VH3_SCF_23_SAFE_B	VHH_SCF_05	B	0.577	0.731	0.6	0.353	0.667	0.235	0.6
HUMAN_VH3_SCF_23_SAFE_B	VHH_SCF_06	B	0.628	0.767	0.6	0.588	0.667	0.176	0.6
HUMAN_VH3_SCF_23_SAFE_B	VHH_SCF_07	B	0.551	0.732	0.56	0.529	0.556	0.235	0.6
HUMAN_VH3_SCF_23_SAFE_B	VHH_SCF_08	B	0.577	0.723	0.56	0.412	0.667	0.235	0.6
HUMAN_VH3_SCF_23_SAFE_B	VHH_SCF_09	B	0.59	0.738	0.6	0.412	0.667	0.235	0.6
HUMAN_VH3_SCF_23_SAFE_B	VHH_SCF_10	B	0.564	0.717	0.6	0.353	0.639	0.294	0.6
HUMAN_VH3_SCF_23_SAFE_B	VHH_SCF_11	B	0.59	0.742	0.56	0.471	0.667	0.176	0.6
HUMAN_VH3_SCF_23_SAFE_B	VHH_SCF_12	B	0.385	0.621	0.4	0.412	0.361	0.235	0.6
HUMAN_VH3_SCF_23_SAFE_B	VHH_SCF_13	B	0.218	0.447	0.36	0.438	0.361	0.188	0.6
HUMAN_VH3_SCF_23_SAFE_B	VHH_SCF_14	B	0.077	0.329	0.125	0.438	0.333	0.188	0.6
HUMAN_VH3_SCF_23_SAFE_C	VHH_SCF_01	C	0.346	0.617	0.4	0.353	0.306	0.176	0.6
HUMAN_VH3_SCF_23_SAFE_C	VHH_SCF_02	C	0.333	0.608	0.4	0.353	0.278	0.176	0.6
HUMAN_VH3_SCF_23_SAFE_C	VHH_SCF_03	C	0.167	0.353	0.4	0.125	0.278	0.562	0.6
HUMAN_VH3_SCF_23_SAFE_C	VHH_SCF_04	C	0.641	0.763	0.64	0.588	0.667	0.235	0.6
HUMAN_VH3_SCF_23_SAFE_C	VHH_SCF_05	C	0.577	0.731	0.6	0.353	0.667	0.235	0.6
HUMAN_VH3_SCF_23_SAFE_C	VHH_SCF_06	C	0.628	0.767	0.6	0.588	0.667	0.176	0.6
HUMAN_VH3_SCF_23_SAFE_C	VHH_SCF_07	C	0.551	0.732	0.56	0.529	0.556	0.235	0.6
HUMAN_VH3_SCF_23_SAFE_C	VHH_SCF_08	C	0.577	0.723	0.56	0.412	0.667	0.235	0.6
HUMAN_VH3_SCF_23_SAFE_C	VHH_SCF_09	C	0.59	0.738	0.6	0.412	0.667	0.235	0.6
HUMAN_VH3_SCF_23_SAFE_C	VHH_SCF_10	C	0.564	0.717	0.6	0.353	0.639	0.294	0.6
HUMAN_VH3_SCF_23_SAFE_C	VHH_SCF_11	C	0.59	0.742	0.56	0.471	0.667	0.176	0.6
HUMAN_VH3_SCF_23_SAFE_C	VHH_SCF_12	C	0.385	0.621	0.4	0.412	0.361	0.235	0.6
HUMAN_VH3_SCF_23_SAFE_C	VHH_SCF_13	C	0.218	0.447	0.36	0.438	0.361	0.188	0.6
HUMAN_VH3_SCF_23_SAFE_C	VHH_SCF_14	C	0.077	0.329	0.125	0.438	0.333	0.188	0.6
HUMAN_VH3_SCF_24_SAFE_A	VHH_SCF_01	A	0.5	0.711	0.52	0.529	0.474	0.176	1.0
HUMAN_VH3_SCF_24_SAFE_A	VHH_SCF_02	A	0.512	0.729	0.56	0.529	0.474	0.176	1.0
HUMAN_VH3_SCF_24_SAFE_A	VHH_SCF_03	A	0.228	0.392	0.56	0.125	0.474	0.5	1.0
HUMAN_VH3_SCF_24_SAFE_A	VHH_SCF_04	A	0.887	0.909	1.0	0.824	0.842	0.118	1.0
HUMAN_VH3_SCF_24_SAFE_A	VHH_SCF_05	A	0.8	0.847	0.92	0.588	0.816	0.235	1.0
HUMAN_VH3_SCF_24_SAFE_A	VHH_SCF_06	A	0.85	0.886	0.92	0.765	0.842	0.176	1.0
HUMAN_VH3_SCF_24_SAFE_A	VHH_SCF_07	A	0.8	0.879	0.92	0.824	0.711	0.118	1.0
HUMAN_VH3_SCF_24_SAFE_A	VHH_SCF_08	A	0.8	0.845	0.92	0.529	0.842	0.235	1.0
HUMAN_VH3_SCF_24_SAFE_A	VHH_SCF_09	A	0.8	0.86	0.96	0.529	0.816	0.118	1.0
HUMAN_VH3_SCF_24_SAFE_A	VHH_SCF_10	A	0.787	0.831	0.88	0.588	0.816	0.176	1.0
HUMAN_VH3_SCF_24_SAFE_A	VHH_SCF_11	A	0.838	0.882	0.92	0.706	0.842	0.176	1.0
HUMAN_VH3_SCF_24_SAFE_A	VHH_SCF_12	A	0.562	0.754	0.56	0.588	0.553	0.118	1.0
HUMAN_VH3_SCF_24_SAFE_A	VHH_SCF_13	A	0.304	0.472	0.52	0.562	0.553	0.25	1.0
HUMAN_VH3_SCF_24_SAFE_A	VHH_SCF_14	A	0.077	0.303	0.167	0.5	0.526	0.25	1.0
HUMAN_VH3_SCF_24_SAFE_B	VHH_SCF_01	B	0.5	0.711	0.52	0.529	0.474	0.176	1.0
HUMAN_VH3_SCF_24_SAFE_B	VHH_SCF_02	B	0.512	0.729	0.56	0.529	0.474	0.176	1.0
HUMAN_VH3_SCF_24_SAFE_B	VHH_SCF_03	B	0.228	0.392	0.56	0.125	0.474	0.5	1.0
HUMAN_VH3_SCF_24_SAFE_B	VHH_SCF_04	B	0.887	0.909	1.0	0.824	0.842	0.118	1.0
HUMAN_VH3_SCF_24_SAFE_B	VHH_SCF_05	B	0.8	0.847	0.92	0.588	0.816	0.235	1.0
HUMAN_VH3_SCF_24_SAFE_B	VHH_SCF_06	B	0.85	0.886	0.92	0.765	0.842	0.176	1.0
HUMAN_VH3_SCF_24_SAFE_B	VHH_SCF_07	B	0.8	0.879	0.92	0.824	0.711	0.118	1.0
HUMAN_VH3_SCF_24_SAFE_B	VHH_SCF_08	B	0.8	0.845	0.92	0.529	0.842	0.235	1.0
HUMAN_VH3_SCF_24_SAFE_B	VHH_SCF_09	B	0.8	0.86	0.96	0.529	0.816	0.118	1.0
HUMAN_VH3_SCF_24_SAFE_B	VHH_SCF_10	B	0.787	0.831	0.88	0.588	0.816	0.176	1.0
HUMAN_VH3_SCF_24_SAFE_B	VHH_SCF_11	B	0.838	0.882	0.92	0.706	0.842	0.176	1.0
HUMAN_VH3_SCF_24_SAFE_B	VHH_SCF_12	B	0.562	0.754	0.56	0.588	0.553	0.118	1.0
HUMAN_VH3_SCF_24_SAFE_B	VHH_SCF_13	B	0.304	0.472	0.52	0.562	0.553	0.25	1.0
HUMAN_VH3_SCF_24_SAFE_B	VHH_SCF_14	B	0.077	0.303	0.167	0.5	0.526	0.25	1.0
HUMAN_VH3_SCF_24_SAFE_C	VHH_SCF_01	C	0.5	0.711	0.52	0.529	0.474	0.176	1.0
HUMAN_VH3_SCF_24_SAFE_C	VHH_SCF_02	C	0.512	0.729	0.56	0.529	0.474	0.176	1.0
HUMAN_VH3_SCF_24_SAFE_C	VHH_SCF_03	C	0.228	0.392	0.56	0.125	0.474	0.5	1.0
HUMAN_VH3_SCF_24_SAFE_C	VHH_SCF_04	C	0.887	0.909	1.0	0.824	0.842	0.118	1.0
HUMAN_VH3_SCF_24_SAFE_C	VHH_SCF_05	C	0.8	0.847	0.92	0.588	0.816	0.235	1.0
HUMAN_VH3_SCF_24_SAFE_C	VHH_SCF_06	C	0.85	0.886	0.92	0.765	0.842	0.176	1.0
HUMAN_VH3_SCF_24_SAFE_C	VHH_SCF_07	C	0.8	0.879	0.92	0.824	0.711	0.118	1.0
HUMAN_VH3_SCF_24_SAFE_C	VHH_SCF_08	C	0.8	0.845	0.92	0.529	0.842	0.235	1.0
HUMAN_VH3_SCF_24_SAFE_C	VHH_SCF_09	C	0.8	0.86	0.96	0.529	0.816	0.118	1.0
HUMAN_VH3_SCF_24_SAFE_C	VHH_SCF_10	C	0.787	0.831	0.88	0.588	0.816	0.176	1.0
HUMAN_VH3_SCF_24_SAFE_C	VHH_SCF_11	C	0.838	0.882	0.92	0.706	0.842	0.176	1.0
HUMAN_VH3_SCF_24_SAFE_C	VHH_SCF_12	C	0.562	0.754	0.56	0.588	0.553	0.118	1.0
HUMAN_VH3_SCF_24_SAFE_C	VHH_SCF_13	C	0.304	0.472	0.52	0.562	0.553	0.25	1.0
HUMAN_VH3_SCF_24_SAFE_C	VHH_SCF_14	C	0.077	0.303	0.167	0.5	0.526	0.25	1.0
HUMAN_VH3_SCF_25_SAFE_A	VHH_SCF_01	A	0.475	0.711	0.52	0.529	0.421	0.176	1.0
HUMAN_VH3_SCF_25_SAFE_A	VHH_SCF_02	A	0.487	0.731	0.56	0.529	0.421	0.176	1.0
HUMAN_VH3_SCF_25_SAFE_A	VHH_SCF_03	A	0.228	0.391	0.56	0.125	0.421	0.375	1.0
HUMAN_VH3_SCF_25_SAFE_A	VHH_SCF_04	A	0.8	0.865	1.0	0.706	0.711	0.118	1.0
HUMAN_VH3_SCF_25_SAFE_A	VHH_SCF_05	A	0.725	0.823	0.92	0.529	0.684	0.235	1.0
HUMAN_VH3_SCF_25_SAFE_A	VHH_SCF_06	A	0.775	0.846	0.92	0.706	0.711	0.176	1.0
HUMAN_VH3_SCF_25_SAFE_A	VHH_SCF_07	A	0.713	0.835	0.92	0.647	0.605	0.118	1.0
HUMAN_VH3_SCF_25_SAFE_A	VHH_SCF_08	A	0.738	0.825	0.92	0.529	0.711	0.235	1.0
HUMAN_VH3_SCF_25_SAFE_A	VHH_SCF_09	A	0.725	0.814	0.96	0.471	0.684	0.235	1.0
HUMAN_VH3_SCF_25_SAFE_A	VHH_SCF_10	A	0.713	0.791	0.88	0.471	0.711	0.176	1.0
HUMAN_VH3_SCF_25_SAFE_A	VHH_SCF_11	A	0.75	0.853	0.92	0.588	0.711	0.176	1.0
HUMAN_VH3_SCF_25_SAFE_A	VHH_SCF_12	A	0.537	0.744	0.56	0.588	0.5	0.118	1.0
HUMAN_VH3_SCF_25_SAFE_A	VHH_SCF_13	A	0.304	0.475	0.52	0.562	0.5	0.25	1.0
HUMAN_VH3_SCF_25_SAFE_A	VHH_SCF_14	A	0.077	0.3	0.167	0.5	0.474	0.25	1.0
HUMAN_VH3_SCF_25_SAFE_B	VHH_SCF_01	B	0.475	0.711	0.52	0.529	0.421	0.176	1.0
HUMAN_VH3_SCF_25_SAFE_B	VHH_SCF_02	B	0.487	0.731	0.56	0.529	0.421	0.176	1.0
HUMAN_VH3_SCF_25_SAFE_B	VHH_SCF_03	B	0.228	0.391	0.56	0.125	0.421	0.375	1.0
HUMAN_VH3_SCF_25_SAFE_B	VHH_SCF_04	B	0.8	0.865	1.0	0.706	0.711	0.118	1.0
HUMAN_VH3_SCF_25_SAFE_B	VHH_SCF_05	B	0.725	0.823	0.92	0.529	0.684	0.235	1.0
HUMAN_VH3_SCF_25_SAFE_B	VHH_SCF_06	B	0.775	0.846	0.92	0.706	0.711	0.176	1.0
HUMAN_VH3_SCF_25_SAFE_B	VHH_SCF_07	B	0.713	0.835	0.92	0.647	0.605	0.118	1.0
HUMAN_VH3_SCF_25_SAFE_B	VHH_SCF_08	B	0.738	0.825	0.92	0.529	0.711	0.235	1.0
HUMAN_VH3_SCF_25_SAFE_B	VHH_SCF_09	B	0.725	0.814	0.96	0.471	0.684	0.235	1.0
HUMAN_VH3_SCF_25_SAFE_B	VHH_SCF_10	B	0.713	0.791	0.88	0.471	0.711	0.176	1.0
HUMAN_VH3_SCF_25_SAFE_B	VHH_SCF_11	B	0.75	0.853	0.92	0.588	0.711	0.176	1.0
HUMAN_VH3_SCF_25_SAFE_B	VHH_SCF_12	B	0.537	0.744	0.56	0.588	0.5	0.118	1.0
HUMAN_VH3_SCF_25_SAFE_B	VHH_SCF_13	B	0.304	0.475	0.52	0.562	0.5	0.25	1.0
HUMAN_VH3_SCF_25_SAFE_B	VHH_SCF_14	B	0.077	0.3	0.167	0.5	0.474	0.25	1.0
HUMAN_VH3_SCF_25_SAFE_C	VHH_SCF_01	C	0.475	0.711	0.52	0.529	0.421	0.176	1.0
HUMAN_VH3_SCF_25_SAFE_C	VHH_SCF_02	C	0.487	0.731	0.56	0.529	0.421	0.176	1.0
HUMAN_VH3_SCF_25_SAFE_C	VHH_SCF_03	C	0.228	0.391	0.56	0.125	0.421	0.375	1.0
HUMAN_VH3_SCF_25_SAFE_C	VHH_SCF_04	C	0.8	0.865	1.0	0.706	0.711	0.118	1.0
HUMAN_VH3_SCF_25_SAFE_C	VHH_SCF_05	C	0.725	0.823	0.92	0.529	0.684	0.235	1.0
HUMAN_VH3_SCF_25_SAFE_C	VHH_SCF_06	C	0.775	0.846	0.92	0.706	0.711	0.176	1.0
HUMAN_VH3_SCF_25_SAFE_C	VHH_SCF_07	C	0.713	0.835	0.92	0.647	0.605	0.118	1.0
HUMAN_VH3_SCF_25_SAFE_C	VHH_SCF_08	C	0.738	0.825	0.92	0.529	0.711	0.235	1.0
HUMAN_VH3_SCF_25_SAFE_C	VHH_SCF_09	C	0.725	0.814	0.96	0.471	0.684	0.235	1.0
HUMAN_VH3_SCF_25_SAFE_C	VHH_SCF_10	C	0.713	0.791	0.88	0.471	0.711	0.176	1.0
HUMAN_VH3_SCF_25_SAFE_C	VHH_SCF_11	C	0.75	0.853	0.92	0.588	0.711	0.176	1.0
HUMAN_VH3_SCF_25_SAFE_C	VHH_SCF_12	C	0.537	0.744	0.56	0.588	0.5	0.118	1.0
HUMAN_VH3_SCF_25_SAFE_C	VHH_SCF_13	C	0.304	0.475	0.52	0.562	0.5	0.25	1.0
HUMAN_VH3_SCF_25_SAFE_C	VHH_SCF_14	C	0.077	0.3	0.167	0.5	0.474	0.25	1.0
HUMAN_VH3_SCF_26_SAFE_A	VHH_SCF_01	A	0.512	0.724	0.52	0.471	0.526	0.059	1.0
HUMAN_VH3_SCF_26_SAFE_A	VHH_SCF_02	A	0.5	0.733	0.52	0.471	0.5	0.059	1.0
HUMAN_VH3_SCF_26_SAFE_A	VHH_SCF_03	A	0.19	0.375	0.52	0.062	0.526	0.438	1.0
HUMAN_VH3_SCF_26_SAFE_A	VHH_SCF_04	A	0.812	0.882	0.8	0.765	0.842	0.118	1.0
HUMAN_VH3_SCF_26_SAFE_A	VHH_SCF_05	A	0.713	0.818	0.72	0.471	0.816	0.235	1.0
HUMAN_VH3_SCF_26_SAFE_A	VHH_SCF_06	A	0.787	0.881	0.72	0.765	0.842	0.059	1.0
HUMAN_VH3_SCF_26_SAFE_A	VHH_SCF_07	A	0.738	0.868	0.72	0.706	0.763	0.118	1.0
HUMAN_VH3_SCF_26_SAFE_A	VHH_SCF_08	A	0.738	0.826	0.76	0.471	0.842	0.235	1.0
HUMAN_VH3_SCF_26_SAFE_A	VHH_SCF_09	A	0.738	0.836	0.76	0.529	0.816	0.235	1.0
HUMAN_VH3_SCF_26_SAFE_A	VHH_SCF_10	A	0.75	0.823	0.68	0.588	0.868	0.176	1.0
HUMAN_VH3_SCF_26_SAFE_A	VHH_SCF_11	A	0.775	0.864	0.72	0.706	0.842	0.059	1.0
HUMAN_VH3_SCF_26_SAFE_A	VHH_SCF_12	A	0.537	0.738	0.48	0.647	0.526	0.118	1.0
HUMAN_VH3_SCF_26_SAFE_A	VHH_SCF_13	A	0.291	0.468	0.44	0.625	0.526	0.188	1.0
HUMAN_VH3_SCF_26_SAFE_A	VHH_SCF_14	A	0.09	0.303	0.125	0.688	0.5	0.188	1.0
HUMAN_VH3_SCF_26_SAFE_B	VHH_SCF_01	B	0.512	0.724	0.52	0.471	0.526	0.059	1.0
HUMAN_VH3_SCF_26_SAFE_B	VHH_SCF_02	B	0.5	0.733	0.52	0.471	0.5	0.059	1.0
HUMAN_VH3_SCF_26_SAFE_B	VHH_SCF_03	B	0.19	0.375	0.52	0.062	0.526	0.438	1.0
HUMAN_VH3_SCF_26_SAFE_B	VHH_SCF_04	B	0.812	0.882	0.8	0.765	0.842	0.118	1.0
HUMAN_VH3_SCF_26_SAFE_B	VHH_SCF_05	B	0.713	0.818	0.72	0.471	0.816	0.235	1.0
HUMAN_VH3_SCF_26_SAFE_B	VHH_SCF_06	B	0.787	0.881	0.72	0.765	0.842	0.059	1.0
HUMAN_VH3_SCF_26_SAFE_B	VHH_SCF_07	B	0.738	0.868	0.72	0.706	0.763	0.118	1.0
HUMAN_VH3_SCF_26_SAFE_B	VHH_SCF_08	B	0.738	0.826	0.76	0.471	0.842	0.235	1.0
HUMAN_VH3_SCF_26_SAFE_B	VHH_SCF_09	B	0.738	0.836	0.76	0.529	0.816	0.235	1.0
HUMAN_VH3_SCF_26_SAFE_B	VHH_SCF_10	B	0.75	0.823	0.68	0.588	0.868	0.176	1.0
HUMAN_VH3_SCF_26_SAFE_B	VHH_SCF_11	B	0.775	0.864	0.72	0.706	0.842	0.059	1.0
HUMAN_VH3_SCF_26_SAFE_B	VHH_SCF_12	B	0.537	0.738	0.48	0.647	0.526	0.118	1.0
HUMAN_VH3_SCF_26_SAFE_B	VHH_SCF_13	B	0.291	0.468	0.44	0.625	0.526	0.188	1.0
HUMAN_VH3_SCF_26_SAFE_B	VHH_SCF_14	B	0.09	0.303	0.125	0.688	0.5	0.188	1.0
HUMAN_VH3_SCF_26_SAFE_C	VHH_SCF_01	C	0.512	0.724	0.52	0.471	0.526	0.059	1.0
HUMAN_VH3_SCF_26_SAFE_C	VHH_SCF_02	C	0.5	0.733	0.52	0.471	0.5	0.059	1.0
HUMAN_VH3_SCF_26_SAFE_C	VHH_SCF_03	C	0.19	0.375	0.52	0.062	0.526	0.438	1.0
HUMAN_VH3_SCF_26_SAFE_C	VHH_SCF_04	C	0.812	0.882	0.8	0.765	0.842	0.118	1.0
HUMAN_VH3_SCF_26_SAFE_C	VHH_SCF_05	C	0.713	0.818	0.72	0.471	0.816	0.235	1.0
HUMAN_VH3_SCF_26_SAFE_C	VHH_SCF_06	C	0.787	0.881	0.72	0.765	0.842	0.059	1.0
HUMAN_VH3_SCF_26_SAFE_C	VHH_SCF_07	C	0.738	0.868	0.72	0.706	0.763	0.118	1.0
HUMAN_VH3_SCF_26_SAFE_C	VHH_SCF_08	C	0.738	0.826	0.76	0.471	0.842	0.235	1.0
HUMAN_VH3_SCF_26_SAFE_C	VHH_SCF_09	C	0.738	0.836	0.76	0.529	0.816	0.235	1.0
HUMAN_VH3_SCF_26_SAFE_C	VHH_SCF_10	C	0.75	0.823	0.68	0.588	0.868	0.176	1.0
HUMAN_VH3_SCF_26_SAFE_C	VHH_SCF_11	C	0.775	0.864	0.72	0.706	0.842	0.059	1.0
HUMAN_VH3_SCF_26_SAFE_C	VHH_SCF_12	C	0.537	0.738	0.48	0.647	0.526	0.118	1.0
HUMAN_VH3_SCF_26_SAFE_C	VHH_SCF_13	C	0.291	0.468	0.44	0.625	0.526	0.188	1.0
HUMAN_VH3_SCF_26_SAFE_C	VHH_SCF_14	C	0.09	0.303	0.125	0.688	0.5	0.188	1.0
HUMAN_VH3_SCF_27_SAFE_A	VHH_SCF_01	A	0.5	0.721	0.52	0.647	0.421	0.118	1.0
HUMAN_VH3_SCF_27_SAFE_A	VHH_SCF_02	A	0.5	0.726	0.56	0.588	0.421	0.118	1.0
HUMAN_VH3_SCF_27_SAFE_A	VHH_SCF_03	A	0.215	0.394	0.56	0.125	0.421	0.375	1.0
HUMAN_VH3_SCF_27_SAFE_A	VHH_SCF_04	A	0.863	0.907	1.0	0.765	0.816	0.176	1.0
HUMAN_VH3_SCF_27_SAFE_A	VHH_SCF_05	A	0.762	0.84	0.92	0.471	0.789	0.294	1.0
HUMAN_VH3_SCF_27_SAFE_A	VHH_SCF_06	A	0.838	0.901	0.92	0.765	0.816	0.118	1.0
HUMAN_VH3_SCF_27_SAFE_A	VHH_SCF_07	A	0.85	0.905	0.92	0.765	0.842	0.176	1.0
HUMAN_VH3_SCF_27_SAFE_A	VHH_SCF_08	A	0.775	0.839	0.92	0.471	0.816	0.294	1.0
HUMAN_VH3_SCF_27_SAFE_A	VHH_SCF_09	A	0.775	0.859	0.96	0.471	0.789	0.294	1.0
HUMAN_VH3_SCF_27_SAFE_A	VHH_SCF_10	A	0.787	0.847	0.88	0.588	0.816	0.235	1.0
HUMAN_VH3_SCF_27_SAFE_A	VHH_SCF_11	A	0.825	0.887	0.92	0.706	0.816	0.118	1.0
HUMAN_VH3_SCF_27_SAFE_A	VHH_SCF_12	A	0.512	0.719	0.56	0.529	0.474	0.176	1.0
HUMAN_VH3_SCF_27_SAFE_A	VHH_SCF_13	A	0.278	0.463	0.52	0.5	0.474	0.25	1.0
HUMAN_VH3_SCF_27_SAFE_A	VHH_SCF_14	A	0.09	0.313	0.167	0.438	0.474	0.25	1.0
HUMAN_VH3_SCF_27_SAFE_B	VHH_SCF_01	B	0.5	0.721	0.52	0.647	0.421	0.118	1.0
HUMAN_VH3_SCF_27_SAFE_B	VHH_SCF_02	B	0.5	0.726	0.56	0.588	0.421	0.118	1.0
HUMAN_VH3_SCF_27_SAFE_B	VHH_SCF_03	B	0.215	0.394	0.56	0.125	0.421	0.375	1.0
HUMAN_VH3_SCF_27_SAFE_B	VHH_SCF_04	B	0.863	0.907	1.0	0.765	0.816	0.176	1.0
HUMAN_VH3_SCF_27_SAFE_B	VHH_SCF_05	B	0.762	0.84	0.92	0.471	0.789	0.294	1.0
HUMAN_VH3_SCF_27_SAFE_B	VHH_SCF_06	B	0.838	0.901	0.92	0.765	0.816	0.118	1.0
HUMAN_VH3_SCF_27_SAFE_B	VHH_SCF_07	B	0.85	0.905	0.92	0.765	0.842	0.176	1.0
HUMAN_VH3_SCF_27_SAFE_B	VHH_SCF_08	B	0.775	0.839	0.92	0.471	0.816	0.294	1.0
HUMAN_VH3_SCF_27_SAFE_B	VHH_SCF_09	B	0.775	0.859	0.96	0.471	0.789	0.294	1.0
HUMAN_VH3_SCF_27_SAFE_B	VHH_SCF_10	B	0.787	0.847	0.88	0.588	0.816	0.235	1.0
HUMAN_VH3_SCF_27_SAFE_B	VHH_SCF_11	B	0.825	0.887	0.92	0.706	0.816	0.118	1.0
HUMAN_VH3_SCF_27_SAFE_B	VHH_SCF_12	B	0.512	0.719	0.56	0.529	0.474	0.176	1.0
HUMAN_VH3_SCF_27_SAFE_B	VHH_SCF_13	B	0.278	0.463	0.52	0.5	0.474	0.25	1.0
HUMAN_VH3_SCF_27_SAFE_B	VHH_SCF_14	B	0.09	0.313	0.167	0.438	0.474	0.25	1.0
HUMAN_VH3_SCF_27_SAFE_C	VHH_SCF_01	C	0.5	0.721	0.52	0.647	0.421	0.118	1.0
HUMAN_VH3_SCF_27_SAFE_C	VHH_SCF_02	C	0.5	0.726	0.56	0.588	0.421	0.118	1.0
HUMAN_VH3_SCF_27_SAFE_C	VHH_SCF_03	C	0.215	0.394	0.56	0.125	0.421	0.375	1.0
HUMAN_VH3_SCF_27_SAFE_C	VHH_SCF_04	C	0.863	0.907	1.0	0.765	0.816	0.176	1.0
HUMAN_VH3_SCF_27_SAFE_C	VHH_SCF_05	C	0.762	0.84	0.92	0.471	0.789	0.294	1.0
HUMAN_VH3_SCF_27_SAFE_C	VHH_SCF_06	C	0.838	0.901	0.92	0.765	0.816	0.118	1.0
HUMAN_VH3_SCF_27_SAFE_C	VHH_SCF_07	C	0.85	0.905	0.92	0.765	0.842	0.176	1.0
HUMAN_VH3_SCF_27_SAFE_C	VHH_SCF_08	C	0.775	0.839	0.92	0.471	0.816	0.294	1.0
HUMAN_VH3_SCF_27_SAFE_C	VHH_SCF_09	C	0.775	0.859	0.96	0.471	0.789	0.294	1.0
HUMAN_VH3_SCF_27_SAFE_C	VHH_SCF_10	C	0.787	0.847	0.88	0.588	0.816	0.235	1.0
HUMAN_VH3_SCF_27_SAFE_C	VHH_SCF_11	C	0.825	0.887	0.92	0.706	0.816	0.118	1.0
HUMAN_VH3_SCF_27_SAFE_C	VHH_SCF_12	C	0.512	0.719	0.56	0.529	0.474	0.176	1.0
HUMAN_VH3_SCF_27_SAFE_C	VHH_SCF_13	C	0.278	0.463	0.52	0.5	0.474	0.25	1.0
HUMAN_VH3_SCF_27_SAFE_C	VHH_SCF_14	C	0.09	0.313	0.167	0.438	0.474	0.25	1.0
HUMAN_VH3_SCF_28_SAFE_A	VHH_SCF_01	A	0.289	0.47	0.48	0.615	0.421	0.154	1.0
HUMAN_VH3_SCF_28_SAFE_A	VHH_SCF_02	A	0.303	0.479	0.52	0.615	0.421	0.154	1.0
HUMAN_VH3_SCF_28_SAFE_A	VHH_SCF_03	A	0.224	0.418	0.52	0.154	0.421	0.385	1.0
HUMAN_VH3_SCF_28_SAFE_A	VHH_SCF_04	A	0.447	0.571	0.96	0.769	0.816	0.154	1.0
HUMAN_VH3_SCF_28_SAFE_A	VHH_SCF_05	A	0.395	0.533	0.88	0.538	0.789	0.231	1.0
HUMAN_VH3_SCF_28_SAFE_A	VHH_SCF_06	A	0.421	0.566	0.88	0.769	0.816	0.154	1.0
HUMAN_VH3_SCF_28_SAFE_A	VHH_SCF_07	A	0.434	0.57	0.88	0.769	0.816	0.154	1.0
HUMAN_VH3_SCF_28_SAFE_A	VHH_SCF_08	A	0.408	0.557	0.88	0.615	0.816	0.154	1.0
HUMAN_VH3_SCF_28_SAFE_A	VHH_SCF_09	A	0.382	0.539	0.92	0.462	0.789	0.231	1.0
HUMAN_VH3_SCF_28_SAFE_A	VHH_SCF_10	A	0.368	0.508	0.84	0.538	0.816	0.231	1.0
HUMAN_VH3_SCF_28_SAFE_A	VHH_SCF_11	A	0.408	0.55	0.88	0.692	0.816	0.154	1.0
HUMAN_VH3_SCF_28_SAFE_A	VHH_SCF_12	A	0.316	0.52	0.56	0.615	0.5	0.154	1.0
HUMAN_VH3_SCF_28_SAFE_A	VHH_SCF_13	A	0.303	0.497	0.52	0.615	0.5	0.154	1.0
HUMAN_VH3_SCF_28_SAFE_A	VHH_SCF_14	A	0.092	0.295	0.208	0.538	0.5	0.154	1.0
HUMAN_VH3_SCF_28_SAFE_B	VHH_SCF_01	B	0.289	0.47	0.48	0.615	0.421	0.154	1.0
HUMAN_VH3_SCF_28_SAFE_B	VHH_SCF_02	B	0.303	0.479	0.52	0.615	0.421	0.154	1.0
HUMAN_VH3_SCF_28_SAFE_B	VHH_SCF_03	B	0.224	0.418	0.52	0.154	0.421	0.385	1.0
HUMAN_VH3_SCF_28_SAFE_B	VHH_SCF_04	B	0.447	0.571	0.96	0.769	0.816	0.154	1.0
HUMAN_VH3_SCF_28_SAFE_B	VHH_SCF_05	B	0.395	0.533	0.88	0.538	0.789	0.231	1.0
HUMAN_VH3_SCF_28_SAFE_B	VHH_SCF_06	B	0.421	0.566	0.88	0.769	0.816	0.154	1.0
HUMAN_VH3_SCF_28_SAFE_B	VHH_SCF_07	B	0.434	0.57	0.88	0.769	0.816	0.154	1.0
HUMAN_VH3_SCF_28_SAFE_B	VHH_SCF_08	B	0.408	0.557	0.88	0.615	0.816	0.154	1.0
HUMAN_VH3_SCF_28_SAFE_B	VHH_SCF_09	B	0.382	0.539	0.92	0.462	0.789	0.231	1.0
HUMAN_VH3_SCF_28_SAFE_B	VHH_SCF_10	B	0.368	0.508	0.84	0.538	0.816	0.231	1.0
HUMAN_VH3_SCF_28_SAFE_B	VHH_SCF_11	B	0.408	0.55	0.88	0.692	0.816	0.154	1.0
HUMAN_VH3_SCF_28_SAFE_B	VHH_SCF_12	B	0.316	0.52	0.56	0.615	0.5	0.154	1.0
HUMAN_VH3_SCF_28_SAFE_B	VHH_SCF_13	B	0.303	0.497	0.52	0.615	0.5	0.154	1.0
HUMAN_VH3_SCF_28_SAFE_B	VHH_SCF_14	B	0.092	0.295	0.208	0.538	0.5	0.154	1.0
HUMAN_VH3_SCF_28_SAFE_C	VHH_SCF_01	C	0.289	0.47	0.48	0.615	0.421	0.154	1.0
HUMAN_VH3_SCF_28_SAFE_C	VHH_SCF_02	C	0.303	0.479	0.52	0.615	0.421	0.154	1.0
HUMAN_VH3_SCF_28_SAFE_C	VHH_SCF_03	C	0.224	0.418	0.52	0.154	0.421	0.385	1.0
HUMAN_VH3_SCF_28_SAFE_C	VHH_SCF_04	C	0.447	0.571	0.96	0.769	0.816	0.154	1.0
HUMAN_VH3_SCF_28_SAFE_C	VHH_SCF_05	C	0.395	0.533	0.88	0.538	0.789	0.231	1.0
HUMAN_VH3_SCF_28_SAFE_C	VHH_SCF_06	C	0.421	0.566	0.88	0.769	0.816	0.154	1.0
HUMAN_VH3_SCF_28_SAFE_C	VHH_SCF_07	C	0.434	0.57	0.88	0.769	0.816	0.154	1.0
HUMAN_VH3_SCF_28_SAFE_C	VHH_SCF_08	C	0.408	0.557	0.88	0.615	0.816	0.154	1.0
HUMAN_VH3_SCF_28_SAFE_C	VHH_SCF_09	C	0.382	0.539	0.92	0.462	0.789	0.231	1.0
HUMAN_VH3_SCF_28_SAFE_C	VHH_SCF_10	C	0.368	0.508	0.84	0.538	0.816	0.231	1.0
HUMAN_VH3_SCF_28_SAFE_C	VHH_SCF_11	C	0.408	0.55	0.88	0.692	0.816	0.154	1.0
HUMAN_VH3_SCF_28_SAFE_C	VHH_SCF_12	C	0.316	0.52	0.56	0.615	0.5	0.154	1.0
HUMAN_VH3_SCF_28_SAFE_C	VHH_SCF_13	C	0.303	0.497	0.52	0.615	0.5	0.154	1.0
HUMAN_VH3_SCF_28_SAFE_C	VHH_SCF_14	C	0.092	0.295	0.208	0.538	0.5	0.154	1.0
HUMAN_VH3_SCF_29_SAFE_A	VHH_SCF_01	A	0.189	0.38	0.52	0.091	0.316	0.636	0.0
HUMAN_VH3_SCF_29_SAFE_A	VHH_SCF_02	A	0.216	0.407	0.56	0.091	0.316	0.636	0.0
HUMAN_VH3_SCF_29_SAFE_A	VHH_SCF_03	A	0.216	0.422	0.56	0.0	0.316	0.727	0.0
HUMAN_VH3_SCF_29_SAFE_A	VHH_SCF_04	A	0.365	0.512	1.0	0.091	0.605	0.636	0.0
HUMAN_VH3_SCF_29_SAFE_A	VHH_SCF_05	A	0.311	0.491	0.92	0.0	0.579	0.636	0.0
HUMAN_VH3_SCF_29_SAFE_A	VHH_SCF_06	A	0.338	0.491	0.92	0.091	0.605	0.636	0.0
HUMAN_VH3_SCF_29_SAFE_A	VHH_SCF_07	A	0.351	0.518	0.92	0.091	0.579	0.636	0.0
HUMAN_VH3_SCF_29_SAFE_A	VHH_SCF_08	A	0.338	0.488	0.92	0.091	0.605	0.636	0.0
HUMAN_VH3_SCF_29_SAFE_A	VHH_SCF_09	A	0.338	0.491	0.96	0.0	0.579	0.636	0.0
HUMAN_VH3_SCF_29_SAFE_A	VHH_SCF_10	A	0.311	0.466	0.88	0.0	0.605	0.636	0.0
HUMAN_VH3_SCF_29_SAFE_A	VHH_SCF_11	A	0.338	0.505	0.92	0.091	0.605	0.636	0.0
HUMAN_VH3_SCF_29_SAFE_A	VHH_SCF_12	A	0.216	0.438	0.56	0.091	0.395	0.636	0.0
HUMAN_VH3_SCF_29_SAFE_A	VHH_SCF_13	A	0.23	0.416	0.52	0.091	0.395	0.636	0.0
HUMAN_VH3_SCF_29_SAFE_A	VHH_SCF_14	A	0.095	0.286	0.167	0.091	0.395	0.636	0.0
HUMAN_VH3_SCF_29_SAFE_B	VHH_SCF_01	B	0.189	0.38	0.52	0.091	0.316	0.636	0.0
HUMAN_VH3_SCF_29_SAFE_B	VHH_SCF_02	B	0.216	0.407	0.56	0.091	0.316	0.636	0.0
HUMAN_VH3_SCF_29_SAFE_B	VHH_SCF_03	B	0.216	0.422	0.56	0.0	0.316	0.727	0.0
HUMAN_VH3_SCF_29_SAFE_B	VHH_SCF_04	B	0.365	0.512	1.0	0.091	0.605	0.636	0.0
HUMAN_VH3_SCF_29_SAFE_B	VHH_SCF_05	B	0.311	0.491	0.92	0.0	0.579	0.636	0.0
HUMAN_VH3_SCF_29_SAFE_B	VHH_SCF_06	B	0.338	0.491	0.92	0.091	0.605	0.636	0.0
HUMAN_VH3_SCF_29_SAFE_B	VHH_SCF_07	B	0.351	0.518	0.92	0.091	0.579	0.636	0.0
HUMAN_VH3_SCF_29_SAFE_B	VHH_SCF_08	B	0.338	0.488	0.92	0.091	0.605	0.636	0.0
HUMAN_VH3_SCF_29_SAFE_B	VHH_SCF_09	B	0.338	0.491	0.96	0.0	0.579	0.636	0.0
HUMAN_VH3_SCF_29_SAFE_B	VHH_SCF_10	B	0.311	0.466	0.88	0.0	0.605	0.636	0.0
HUMAN_VH3_SCF_29_SAFE_B	VHH_SCF_11	B	0.338	0.505	0.92	0.091	0.605	0.636	0.0
HUMAN_VH3_SCF_29_SAFE_B	VHH_SCF_12	B	0.216	0.438	0.56	0.091	0.395	0.636	0.0
HUMAN_VH3_SCF_29_SAFE_B	VHH_SCF_13	B	0.23	0.416	0.52	0.091	0.395	0.636	0.0
HUMAN_VH3_SCF_29_SAFE_B	VHH_SCF_14	B	0.095	0.286	0.167	0.091	0.395	0.636	0.0
HUMAN_VH3_SCF_29_SAFE_C	VHH_SCF_01	C	0.189	0.38	0.52	0.091	0.316	0.636	0.0
HUMAN_VH3_SCF_29_SAFE_C	VHH_SCF_02	C	0.216	0.407	0.56	0.091	0.316	0.636	0.0
HUMAN_VH3_SCF_29_SAFE_C	VHH_SCF_03	C	0.216	0.422	0.56	0.0	0.316	0.727	0.0
HUMAN_VH3_SCF_29_SAFE_C	VHH_SCF_04	C	0.365	0.512	1.0	0.091	0.605	0.636	0.0
HUMAN_VH3_SCF_29_SAFE_C	VHH_SCF_05	C	0.311	0.491	0.92	0.0	0.579	0.636	0.0
HUMAN_VH3_SCF_29_SAFE_C	VHH_SCF_06	C	0.338	0.491	0.92	0.091	0.605	0.636	0.0
HUMAN_VH3_SCF_29_SAFE_C	VHH_SCF_07	C	0.351	0.518	0.92	0.091	0.579	0.636	0.0
HUMAN_VH3_SCF_29_SAFE_C	VHH_SCF_08	C	0.338	0.488	0.92	0.091	0.605	0.636	0.0
HUMAN_VH3_SCF_29_SAFE_C	VHH_SCF_09	C	0.338	0.491	0.96	0.0	0.579	0.636	0.0
HUMAN_VH3_SCF_29_SAFE_C	VHH_SCF_10	C	0.311	0.466	0.88	0.0	0.605	0.636	0.0
HUMAN_VH3_SCF_29_SAFE_C	VHH_SCF_11	C	0.338	0.505	0.92	0.091	0.605	0.636	0.0
HUMAN_VH3_SCF_29_SAFE_C	VHH_SCF_12	C	0.216	0.438	0.56	0.091	0.395	0.636	0.0
HUMAN_VH3_SCF_29_SAFE_C	VHH_SCF_13	C	0.23	0.416	0.52	0.091	0.395	0.636	0.0
HUMAN_VH3_SCF_29_SAFE_C	VHH_SCF_14	C	0.095	0.286	0.167	0.091	0.395	0.636	0.0
HUMAN_VH3_SCF_30_SAFE_A	VHH_SCF_01	A	0.487	0.716	0.48	0.529	0.474	0.059	1.0
HUMAN_VH3_SCF_30_SAFE_A	VHH_SCF_02	A	0.5	0.731	0.52	0.588	0.447	0.059	1.0
HUMAN_VH3_SCF_30_SAFE_A	VHH_SCF_03	A	0.203	0.371	0.52	0.125	0.474	0.438	1.0
HUMAN_VH3_SCF_30_SAFE_A	VHH_SCF_04	A	0.85	0.91	0.92	0.824	0.816	0.118	1.0
HUMAN_VH3_SCF_30_SAFE_A	VHH_SCF_05	A	0.75	0.843	0.84	0.471	0.816	0.235	1.0
HUMAN_VH3_SCF_30_SAFE_A	VHH_SCF_06	A	0.825	0.909	0.84	0.824	0.816	0.059	1.0
HUMAN_VH3_SCF_30_SAFE_A	VHH_SCF_07	A	0.775	0.882	0.84	0.765	0.737	0.118	1.0
HUMAN_VH3_SCF_30_SAFE_A	VHH_SCF_08	A	0.775	0.843	0.84	0.588	0.816	0.235	1.0
HUMAN_VH3_SCF_30_SAFE_A	VHH_SCF_09	A	0.775	0.861	0.88	0.529	0.816	0.235	1.0
HUMAN_VH3_SCF_30_SAFE_A	VHH_SCF_10	A	0.775	0.847	0.8	0.588	0.842	0.176	1.0
HUMAN_VH3_SCF_30_SAFE_A	VHH_SCF_11	A	0.8	0.89	0.84	0.706	0.816	0.059	1.0
HUMAN_VH3_SCF_30_SAFE_A	VHH_SCF_12	A	0.55	0.735	0.56	0.647	0.5	0.118	1.0
HUMAN_VH3_SCF_30_SAFE_A	VHH_SCF_13	A	0.329	0.477	0.52	0.625	0.5	0.188	1.0
HUMAN_VH3_SCF_30_SAFE_A	VHH_SCF_14	A	0.09	0.294	0.167	0.562	0.474	0.188	1.0
HUMAN_VH3_SCF_30_SAFE_B	VHH_SCF_01	B	0.487	0.716	0.48	0.529	0.474	0.059	1.0
HUMAN_VH3_SCF_30_SAFE_B	VHH_SCF_02	B	0.5	0.731	0.52	0.588	0.447	0.059	1.0
HUMAN_VH3_SCF_30_SAFE_B	VHH_SCF_03	B	0.203	0.371	0.52	0.125	0.474	0.438	1.0
HUMAN_VH3_SCF_30_SAFE_B	VHH_SCF_04	B	0.85	0.91	0.92	0.824	0.816	0.118	1.0
HUMAN_VH3_SCF_30_SAFE_B	VHH_SCF_05	B	0.75	0.843	0.84	0.471	0.816	0.235	1.0
HUMAN_VH3_SCF_30_SAFE_B	VHH_SCF_06	B	0.825	0.909	0.84	0.824	0.816	0.059	1.0
HUMAN_VH3_SCF_30_SAFE_B	VHH_SCF_07	B	0.775	0.882	0.84	0.765	0.737	0.118	1.0
HUMAN_VH3_SCF_30_SAFE_B	VHH_SCF_08	B	0.775	0.843	0.84	0.588	0.816	0.235	1.0
HUMAN_VH3_SCF_30_SAFE_B	VHH_SCF_09	B	0.775	0.861	0.88	0.529	0.816	0.235	1.0
HUMAN_VH3_SCF_30_SAFE_B	VHH_SCF_10	B	0.775	0.847	0.8	0.588	0.842	0.176	1.0
HUMAN_VH3_SCF_30_SAFE_B	VHH_SCF_11	B	0.8	0.89	0.84	0.706	0.816	0.059	1.0
HUMAN_VH3_SCF_30_SAFE_B	VHH_SCF_12	B	0.55	0.735	0.56	0.647	0.5	0.118	1.0
HUMAN_VH3_SCF_30_SAFE_B	VHH_SCF_13	B	0.329	0.477	0.52	0.625	0.5	0.188	1.0
HUMAN_VH3_SCF_30_SAFE_B	VHH_SCF_14	B	0.09	0.294	0.167	0.562	0.474	0.188	1.0
HUMAN_VH3_SCF_30_SAFE_C	VHH_SCF_01	C	0.487	0.716	0.48	0.529	0.474	0.059	1.0
HUMAN_VH3_SCF_30_SAFE_C	VHH_SCF_02	C	0.5	0.731	0.52	0.588	0.447	0.059	1.0
HUMAN_VH3_SCF_30_SAFE_C	VHH_SCF_03	C	0.203	0.371	0.52	0.125	0.474	0.438	1.0
HUMAN_VH3_SCF_30_SAFE_C	VHH_SCF_04	C	0.85	0.91	0.92	0.824	0.816	0.118	1.0
HUMAN_VH3_SCF_30_SAFE_C	VHH_SCF_05	C	0.75	0.843	0.84	0.471	0.816	0.235	1.0
HUMAN_VH3_SCF_30_SAFE_C	VHH_SCF_06	C	0.825	0.909	0.84	0.824	0.816	0.059	1.0
HUMAN_VH3_SCF_30_SAFE_C	VHH_SCF_07	C	0.775	0.882	0.84	0.765	0.737	0.118	1.0
HUMAN_VH3_SCF_30_SAFE_C	VHH_SCF_08	C	0.775	0.843	0.84	0.588	0.816	0.235	1.0
HUMAN_VH3_SCF_30_SAFE_C	VHH_SCF_09	C	0.775	0.861	0.88	0.529	0.816	0.235	1.0
HUMAN_VH3_SCF_30_SAFE_C	VHH_SCF_10	C	0.775	0.847	0.8	0.588	0.842	0.176	1.0
HUMAN_VH3_SCF_30_SAFE_C	VHH_SCF_11	C	0.8	0.89	0.84	0.706	0.816	0.059	1.0
HUMAN_VH3_SCF_30_SAFE_C	VHH_SCF_12	C	0.55	0.735	0.56	0.647	0.5	0.118	1.0
HUMAN_VH3_SCF_30_SAFE_C	VHH_SCF_13	C	0.329	0.477	0.52	0.625	0.5	0.188	1.0
HUMAN_VH3_SCF_30_SAFE_C	VHH_SCF_14	C	0.09	0.294	0.167	0.562	0.474	0.188	1.0
