cluster_id,length,cluster_size,cluster_percentile,intra_cluster_identity,proxy_score,representative
cdr2_L8_C1,8,4,0.5303,1.0,0.5711,ISAYNGNT
cdr2_L8_C2,8,10,0.9242,1.0,0.7073,INPNSGGT
cdr2_L8_C3,8,2,0.2273,0.875,0.4242,FDPEDGET
cdr2_L8_C4,8,9,0.8788,0.9444,0.6684,INAGNGNT
cdr2_L8_C5,8,1,0.1061,1.0,0.4348,INPGNGSP
cdr2_L8_C6,8,2,0.2273,1.0,0.4742,ITPFNGNT
cdr2_L8_C7,8,4,0.5303,1.0,0.5711,INPSGGST
cdr2_L8_C8,8,3,0.3939,1.0,0.5272,IVVGSGNT
cdr2_L8_C9,8,6,0.7273,0.9333,0.6095,ITLYNGNI
cdr2_L8_C10,8,17,0.9394,0.9338,0.7063,IIPIFGTA
cdr2_L8_C11,8,5,0.6818,1.0,0.6195,IIPILGIA
cdr2_L8_C12,8,3,0.3939,1.0,0.5272,MNPNSGNT
cdr2_L8_C13,8,3,0.3939,1.0,0.5272,INTYNGNT
cdr2_L8_C14,8,3,0.3939,1.0,0.5272,VCPSDGST
cdr2_L8_C15,8,7,0.7727,0.9286,0.6242,ISSSGSTI
cdr2_L8_C16,8,9,0.8788,0.9375,0.6656,ISSSSSYI
cdr2_L8_C17,8,8,0.8333,1.0,0.674,VSWNGSRT
cdr2_L8_C18,8,4,0.5303,1.0,0.5711,INWNGGST
cdr2_L8_C19,8,5,0.6818,0.95,0.5995,ISGSGGST
cdr2_L8_C20,8,3,0.3939,0.9167,0.4938,IYSGGSST
cdr2_L8_C21,8,3,0.3939,1.0,0.5272,VNPNGGST
cdr2_L8_C22,8,33,0.9848,0.9455,0.7727,ISYDGSNK
cdr2_L8_C23,8,6,0.7273,1.0,0.6362,IQCDGSQI
cdr2_L8_C24,8,1,0.1061,1.0,0.4348,IWNDGSQK
cdr2_L8_C25,8,5,0.6818,1.0,0.6195,ISWDGGST
cdr2_L8_C26,8,8,0.8333,0.933,0.6472,IKQDGSEK
cdr2_L8_C27,8,4,0.5303,1.0,0.5711,ISTSGDTV
cdr2_L8_C28,8,3,0.3939,1.0,0.5272,VKYDGSQI
cdr2_L8_C29,8,9,0.8788,1.0,0.6906,ISSNGGST
cdr2_L8_C30,8,5,0.6818,1.0,0.6195,INSDGSST
cdr2_L8_C31,8,4,0.5303,1.0,0.5711,ISWNSGSI
cdr2_L8_C32,8,1,0.1061,1.0,0.4348,ISSSGCST
cdr2_L8_C33,8,4,0.5303,1.0,0.5711,ISWNGGKT
cdr2_L8_C34,8,3,0.3939,1.0,0.5272,ISGDSGYT
cdr2_L8_C35,8,1,0.1061,1.0,0.4348,SSGNSGYT
cdr2_L8_C36,8,4,0.5303,1.0,0.5711,IDPSDSYT
cdr2_L8_C37,8,7,0.7727,0.9643,0.6385,IYPGDSDT
cdr2_L8_C38,8,5,0.6818,1.0,0.6195,INTNTGNP
cdr2_L8_C39,8,2,0.2273,1.0,0.4742,FNTYTGNP
cdr2_L6_C40,6,2,0.2273,1.0,0.4742,IYNDNK
cdr2_L6_C41,6,1,0.1061,1.0,0.4348,IFSNDK
cdr2_L6_C42,6,5,0.6818,1.0,0.6195,ISGGST
cdr2_L6_C43,6,2,0.2273,1.0,0.4742,YDRSQI
cdr2_L7_C44,7,5,0.6818,1.0,0.6195,IFSNDEK
cdr2_L7_C45,7,8,0.8333,0.9388,0.6495,IYWDDDK
cdr2_L7_C46,7,23,0.9697,1.0,0.7599,IDWDDDK
cdr2_L7_C47,7,1,0.1061,1.0,0.4348,IHWDDDR
cdr2_L7_C48,7,1,0.1061,1.0,0.4348,IFLNDKK
cdr2_L7_C49,7,8,0.8333,0.8673,0.6209,IGTAGDT
cdr2_L7_C50,7,3,0.3939,0.9048,0.4891,ISSSSTI
cdr2_L7_C51,7,2,0.2273,1.0,0.4742,NPNGGST
cdr2_L7_C52,7,7,0.7727,0.9592,0.6365,KDDGSQI
cdr2_L7_C53,7,10,0.9242,0.9714,0.6958,IYSGGST
cdr2_L7_C54,7,4,0.5303,1.0,0.5711,IGTGGGT
cdr2_L7_C55,7,80,1.0,0.9289,0.9116,IYYSGST
cdr2_L7_C56,7,20,0.9545,0.918,0.7136,INHSGST
cdr2_L7_C57,7,3,0.3939,0.9048,0.4891,IYHSGSP
cdr2_L7_C58,7,4,0.5303,0.9286,0.5425,ITYTGNP
cdr2_L7_C59,7,5,0.6818,0.9429,0.5967,IWRGESH
cdr2_L10_C60,10,10,0.9242,0.8867,0.6619,IKSKTDGGTT
cdr2_L10_C61,10,5,0.6818,1.0,0.6195,IRSKAYGGTT
cdr2_L10_C62,10,5,0.6818,0.96,0.6035,IRNKANSYTT
cdr2_L10_C63,10,2,0.2273,1.0,0.4742,IRSKANSYAT
cdr2_L9_C64,9,6,0.7273,1.0,0.6362,IRNKANGGT
cdr2_L9_C65,9,3,0.3939,1.0,0.5272,TYYRSKWYN
cdr2_L5_C66,5,2,0.2273,1.0,0.4742,DRSQL
