name,ada_pct,n_ada,assay,indication,dose,freq,route,targets,status,vh_seq,vl_seq,vh_germline,vl_germline,vh_fr1,vh_cdr1,vh_fr2,vh_cdr2,vh_fr3,vh_cdr3,vh_fr4,vl_fr1,vl_cdr1,vl_fr2,vl_cdr2,vl_fr3,vl_cdr3,vl_fr4
Briakinumab,1.2,0.1,ELISA,Psoriasis,200mg,q12w,SC,IL-12/23,HU,QVQLVESGGGVVQPGRSLRLSCAASGFTFSSYGMHWVRQAPGKGLEWVAFIRYDGSNKYYADSVKGRFTISRDNSKNTLYLQMNSLRAEDTAVYYCKTHGSHDNWGQGTMVTVSS,QSVLTQPPSVSGAPGQRVTISCSGSRSNIGSNTVKWYQQLPGTAPKLLIYYNDQRPSGVPDRFSGSKSGTSASLAITGLQAEDEADYYCQSYDRYTHPALLFGTGTKVTVL,IGHV3-30*02,IGKV3D-20*01,QVQLVESGGGVVQPGRSLRLSCAAS,GFTFSSYG,MHWVRQAPGKGLEWVAF,IRYDGSNK,YYADSVKGRFTISRDNSKNTLYLQMNSLRAEDTAVYYC,KTHGSHDN,WGQGTMVTVSS,QSVLTQPPSVSGAPGQRVTISCSGS,RSNIGSNT,VKWYQQLPGTAPKLLIY,YND,QRPSGVPDRFSGSKSGTSASLAITGLQAEDEADYYC,QSYDRYTHPALL,FGTGTKVTVL
Bermekimab,0.0,0.0,ELISA,Hidradenitis Suppurativa,400mg,weekly,SC,IL-1alpha,CA,QVQLVESGGGVVQPGRSLRLSCTASGFTFSMFGVHWVRQAPGKGLEWVAAVSYDGSNKYYAESVKGRFTISRDNSKNILFLQMDSLRLEDTAVYYCARGRPKVVIPAPLAHWGQGTLVTFSS,DIQMTQSPSSVSASVGDRVTITCRASQGISSWLAWYQQKPGKAPKLLIYEASNLETGVPSRFSGSGSGSDFTLTISSLQPEDFATYYCQQTSSFLLSFGGGTKVEHK,IGHV3-30*03,IGKV1-12*01,QVQLVESGGGVVQPGRSLRLSCTAS,GFTFSMFG,VHWVRQAPGKGLEWVAA,VSYDGSNK,YYAESVKGRFTISRDNSKNILFLQMDSLRLEDTAVYYC,ARGRPKVVIPAPLAH,WGQGTLVTFSS,DIQMTQSPSSVSASVGDRVTITCRAS,QGISSW,LAWYQQKPGKAPKLLIY,EAS,NLETGVPSRFSGSGSGSDFTLTISSLQPEDFATYYC,QQTSSFLLS,FGGGTKVEHK
Batoclimab,0.0,0.0,Bridging ELISA,gMG,340mg,weekly,SC,FcRn,CA,QLLLQESGPGLVKPSETLSLTCTVSGGSLSSSFSYWVWIRQPPGKGLEWIGTIYYSGNTYYNPSLKSRLTISVDTSKNHFSLKLSSVTAADTAVYYCARRAGILTGYLDSWGQGTLVTVSS,SYVLTQSPSVSVAPGQTARITCGGNNIGSKSVHWYQQKPGQAPVLVVYDDSDRPSGIPERFSASNSGNTATLTISRVEAGDEADYYCQVWDSSSDHVVFGGGTKLTVL,IGHV4-39*02,IGKV1-13*01,QLLLQESGPGLVKPSETLSLTCTVS,GGSLSSSFSY,WVWIRQPPGKGLEWIGT,IYYSGNT,YYNPSLKSRLTISVDTSKNHFSLKLSSVTAADTAVYYC,ARRAGILTGYLDS,WGQGTLVTVSS,SYVLTQSPSVSVAPGQTARITCGGN,NIGSKS,VHWYQQKPGQAPVLVVY,DDS,DRPSGIPERFSASNSGNTATLTISRVEAGDEADYYC,QVWDSSSDHVV,FGGGTKLTVL
Satralizumab,71.0,39.0,ECLIA,NMOSD,120mg,q4w,SC,IL-6R,CA,QVQLQESGPGLVKPSETLSLTCAVSGHSISHDHAWSWVRQPPGEGLEWIGFISYSGITNYNPSLQGRVTISRDNSKNTLYLQMNSLRAEDTAVYYCARSLARTTAMDYWGEGTLVTVSS,DIQMTQSPSSLSASVGDSVTITCQASTDISSHLNWYQQKPGKAPELLIYYGSHLLSGVPSRFSGSGSGTDFTFTISSLEAEDAATYYCGQGNRLPYTFGQGTKVEIE,IGHV4-4*02,IGKV1-33*01,QVQLQESGPGLVKPSETLSLTCAVS,GHSISHDHA,WSWVRQPPGEGLEWIGF,ISYSGIT,NYNPSLQGRVTISRDNSKNTLYLQMNSLRAEDTAVYYC,ARSLARTTAMDY,WGEGTLVTVSS,DIQMTQSPSSLSASVGDSVTITCQAS,TDISSH,LNWYQQKPGKAPELLIY,YGS,HLLSGVPSRFSGSGSGTDFTFTISSLEAEDAATYYC,GQGNRLPYT,FGQGTKVEIE
Inebilizumab,5.6,0.0,ELISA,NMOSD,300mg,q6m,IV,CD19,CA,EVQLVESGGGLVQPGGSLRLSCAASGFTFSSSWMNWVRQAPGKGLEWVGRIYPGDGDTNYNVKFKGRFTISRDDSKNSLYLQMNSLKTEDTAVYYCARSGFITTVRDFDYWGQGTLVTVSS,EIVLTQSPDFQSVTPKEKVTITCRASESVDTFGISFMNWFQQKPDQSPKLLIHEASNQGSGVPSRFSGSGSGTDFTLTINSLEAEDAATYYCQQSKEVPFTFGGGTKVEIK,IGHV3-23*03,IGKV7-3*01,EVQLVESGGGLVQPGGSLRLSCAAS,GFTFSSSW,MNWVRQAPGKGLEWVGR,IYPGDGDT,NYNVKFKGRFTISRDDSKNSLYLQMNSLKTEDTAVYYC,ARSGFITTVRDFDY,WGQGTLVTVSS,EIVLTQSPDFQSVTPKEKVTITCRAS,ESVDTFGISF,MNWFQQKPDQSPKLLIH,EAS,NQGSGVPSRFSGSGSGTDFTLTINSLEAEDAATYYC,QQSKEVPFT,FGGGTKVEIK
Margetuximab,2.0,0.0,ECLIA (MSD),Breast Cancer,15mg/kg,q3w,IV,HER2,CA,,,,,,,,,,,,,,,,,,
Tafasitamab,0.0,0.0,ECLIA (MSD),DLBCL,12mg/kg,weekly,IV,CD19,CA,EVQLVESGGGLVKPGGSLKLSCAASGYTFTSYVMHWVRQAPGKGLEWIGYINPYNDGTKYNEKFQGRVTISSDKSISTAYMELSSLRSEDTAMYYCARGTYYYGTRVFDYWGQGTLVTVSS,DIVMTQSPATLSLSPGERATLSCRSSKSLQNVNGNTYLYWFQQKPGQSPQLLIYRMSNLNSGVPDRFSGSGSGTEFTLTISSLEPEDFAVYYCMQHLEYPITFGAGTKLEIK,IGHV1-3*01,IGKV2-28*01,EVQLVESGGGLVKPGGSLKLSCAAS,GYTFTSYV,MHWVRQAPGKGLEWIGY,INPYNDGT,KYNEKFQGRVTISSDKSISTAYMELSSLRSEDTAMYYC,ARGTYYYGTRVFDY,WGQGTLVTVSS,DIVMTQSPATLSLSPGERATLSCRSS,KSLQNVNGNTY,LYWFQQKPGQSPQLLIY,RMS,NLNSGVPDRFSGSGSGTEFTLTISSLEPEDFAVYYC,MQHLEYPIT,FGAGTKLEIK
Monalizumab,0.4,0.0,ELISA,SCCHN/NSCLC,10mg/kg,q2w,IV,NKG2A,CA,QVQLVQSGAEVKKPGASVKVSCKASGYTFTSYWMNWVRQAPGQGLEWMGRIDPYDSETHYAQKLQGRVTMTTDTSTSTAYMELRSLRSDDTAVYYCARGGYDFDVGTLYWFFDVWGQGTTVTVSS,DIQMTQSPSSLSASVGDRVTITCRASENIYSYLAWYQQKPGKAPKLLIYNAKTLAEGVPSRFSGSGSGTDFTLTISSLQPEDFATYYCQHHYGTPRTFGGGTKVEIK,IGHV1-18*01,IGKV1-39*01,QVQLVQSGAEVKKPGASVKVSCKAS,GYTFTSYW,MNWVRQAPGQGLEWMGR,IDPYDSET,HYAQKLQGRVTMTTDTSTSTAYMELRSLRSDDTAVYYC,ARGGYDFDVGTLYWFFDV,WGQGTTVTVSS,DIQMTQSPSSLSASVGDRVTITCRAS,ENIYSY,LAWYQQKPGKAPKLLIY,NAK,TLAEGVPSRFSGSGSGTDFTLTISSLQPEDFATYYC,QHHYGTPRT,FGGGTKVEIK
Tiragolumab,1.9,0.0,ECLIA (MSD),NSCLC,600mg,q3w,IV,TIGIT,CA,EVQLQQSGPGLVKPSQTLSLTCAISGDSVSSNSAAWNWIRQSPSRGLEWLGKTYYRFKWYSDYAVSVKGRITINPDTSKNQFSLQLNSVTPEDTAVFYCTRESTTYDLLAGPFDYWGQGTLVTVSS,DIVMTQSPDSLAVSLGERATINCKSSQTVLYSSNNKKYLAWYQQKPGQPPNLLIYWASTRESGVPDRFSGSGSGTDFTLTISSLQAEDVAVYYCQQYYSTPFTFGPGTKVEIK,IGHV6-1*01,IGKV4-1*01,EVQLQQSGPGLVKPSQTLSLTCAIS,GDSVSSNSAA,WNWIRQSPSRGLEWLGK,TYYRFKWYS,DYAVSVKGRITINPDTSKNQFSLQLNSVTPEDTAVFYC,TRESTTYDLLAGPFDY,WGQGTLVTVSS,DIVMTQSPDSLAVSLGERATINCKSS,QTVLYSSNNKKY,LAWYQQKPGQPPNLLIY,WAS,TRESGVPDRFSGSGSGTDFTLTISSLQAEDVAVYYC,QQYYSTPFT,FGPGTKVEIK
Farletuzumab,0.0,0.0,ELISA,Ovarian Cancer,1.25mg/kg,weekly,IV,FR-alpha,LN,EVQLVESGGGVVQPGRSLRLSCSASGFTFSGYGLSWVRQAPGKGLEWVAMISSGGSYTYYADSVKGRFAISRDNAKNTLFLQMDSLRPEDTGVYFCARHGDDPAWFAYWGQGTPVTVSS,DIQLTQSPSSLSASVGDRVTITCSVSSSISSNNLHWYQQKPGKAPKPWIYGTSNLASGVPSRFSGSGSGTDYTFTISSLQPEDIATYYCQQWSSYPYMYTFGQGTKVEIK,IGHV3-30*03,IGKV3-7*02,EVQLVESGGGVVQPGRSLRLSCSAS,GFTFSGYG,LSWVRQAPGKGLEWVAM,ISSGGSYT,YYADSVKGRFAISRDNAKNTLFLQMDSLRPEDTGVYFC,ARHGDDPAWFAY,WGQGTPVTVSS,DIQLTQSPSSLSASVGDRVTITCSVS,SSISSNN,LHWYQQKPGKAPKPWIY,GTS,NLASGVPSRFSGSGSGTDYTFTISSLQPEDIATYYC,QQWSSYPYMYT,FGQGTKVEIK
