antibody_name,indication_text,disease_class_curated,route_curated,dose_mg,dose_freq,half_life_days,fc_engineering,fc_effector_status,fc_mutation_notes,assay_platform,assay_generation,source_citation
Aducanumab,Alzheimer's disease (amyloid beta plaque reduction),neurology,IV,10 mg/kg,Q4W,24.8,Wild-type IgG1,normal,No Fc modifications,ECL (Meso Scale),tiered (screening/confirmatory/titer),FDA label (Aduhelm); https://www.accessdata.fda.gov/drugsatfda_docs/label/2021/761178s003lbl.pdf
Atoltivimab,Ebola virus disease (component of Inmazeb triple mAb cocktail),infectious,IV,50 mg/kg (as part of Inmazeb),single dose,23.4,Wild-type IgG1,normal,No Fc modifications; Inmazeb cocktail,ECL,tiered,FDA label (Inmazeb); https://www.accessdata.fda.gov/drugsatfda_docs/label/2020/761169s000lbl.pdf
Bamlanivimab,"COVID-19 (SARS-CoV-2 neutralization, EUA)",infectious,IV,700 mg,single dose,17.6,Wild-type IgG1 (IgG1 LALA mutation in some formulations),normal,LY-CoV555; some batches carry LALA for safety,ECL,tiered,FDA EUA fact sheet; https://www.fda.gov/media/143603/download
Belimumab,Systemic lupus erythematosus (SLE); lupus nephritis,autoimmune,IV / SC,10 mg/kg IV; 200 mg SC,Q4W IV; QW SC,19.4,Wild-type IgG1,normal,No Fc modifications,ECL,tiered,FDA label (Benlysta); https://www.accessdata.fda.gov/drugsatfda_docs/label/2020/125370s070lbl.pdf
Bimagrumab,Sporadic inclusion body myositis; obesity (clinical trials),metabolic_musculoskeletal,IV,10 mg/kg,Q4W,16,Wild-type IgG1,normal,No Fc modifications,ELISA,bridging,"Hanna et al., Lancet Neurol 2019; 18(9):834-844; PMID: 31397289"
Clesrovimab,RSV prevention in infants,infectious,IM,100 mg or 300 mg (weight-based),single dose (seasonal),73,IgG1 with YTE half-life extension (M252Y/S254T/T256E),reduced (YTE reduces FcγR binding),M252Y/S254T/T256E; extends half-life via enhanced FcRn binding,ECL,tiered,"Griffin et al., NEJM 2024; https://clinicaltrials.gov/ct2/show/NCT04767373"
Crovalimab,Paroxysmal nocturnal hemoglobinuria (PNH),hematology,SC,"680 mg loading, then 340 mg maintenance",Q4W,29,IgG1 with recycling antibody technology,normal,pH-dependent C5 binding; recycling via FcRn,ECL,tiered,"Röth et al., Blood 2023; 142(21):1816-1828; PMID: 37595273"
Daratumumab,Multiple myeloma,oncology,IV / SC,16 mg/kg IV; 1800 mg SC (with hyaluronidase),QW→Q2W→Q4W,18,Wild-type IgG1κ,"normal (ADCC, CDC active)",No Fc modifications; CDC/ADCC/ADCP mediator,ECL,tiered (drug-tolerant assay),FDA label (Darzalex); https://www.accessdata.fda.gov/drugsatfda_docs/label/2023/761036s042lbl.pdf
Dupilumab,Atopic dermatitis; asthma; CRSwNP; prurigo nodularis; COPD,autoimmune_allergic,SC,300 mg,Q2W,26,IgG4 (S228P hinge stabilization),reduced (IgG4),S228P prevents Fab-arm exchange,ECL,tiered,FDA label (Dupixent); https://www.accessdata.fda.gov/drugsatfda_docs/label/2024/761055s050lbl.pdf
Ebronucimab,"Hypercholesterolemia (PCSK9 inhibitor, Phase 3)",metabolic,SC,450 mg,Q4W or Q8W,14,Wild-type IgG1,normal,No Fc modifications,ECL,tiered,"NCT04553003; Ray et al., Eur Heart J 2023; 44(42):4383-4393; PMID: 37706529"
Emapalumab,Primary hemophagocytic lymphohistiocytosis (HLH),hematology_immunology,IV,1–10 mg/kg (titrated),2x/week,22,Wild-type IgG1,normal,No Fc modifications; anti-IFN-gamma,ECL,tiered,FDA label (Gamifant); https://www.accessdata.fda.gov/drugsatfda_docs/label/2018/761107s000lbl.pdf
Enuzovimab,"COVID-19 (EUA, anti-RBD)",infectious,IV,Not publicly specified (EUA),single dose,~21,IgG4 (effector-null design),silenced (IgG4),IgG4 backbone; minimized effector function,ECL,tiered,ClinicalTrials.gov NCT05108441; FDA EUA archives
Etesevimab,"COVID-19 (SARS-CoV-2 neutralization, EUA, used with bamlanivimab)",infectious,IV,1400 mg (with bamlanivimab 700 mg),single dose,25,IgG1 with LALA mutation (L234A/L235A),silenced (LALA),L234A/L235A to eliminate ADCC/CDC,ECL,tiered,"FDA EUA; Dougan et al., NEJM 2021; 385(15):1382-1392; PMID: 34260849"
Evinacumab,Homozygous familial hypercholesterolemia (HoFH),metabolic,IV,15 mg/kg,Q4W,9,IgG4 (S228P),reduced (IgG4),S228P hinge stabilization,ECL,tiered,FDA label (Evkeeza); https://www.accessdata.fda.gov/drugsatfda_docs/label/2021/761181s000lbl.pdf
Evolocumab,Hypercholesterolemia; atherosclerotic cardiovascular disease,metabolic,SC,140 mg or 420 mg,Q2W (140 mg) or Q4W (420 mg),11–17,Wild-type IgG2,reduced (IgG2 has low effector function),IgG2 naturally has reduced FcγR binding,ECL,tiered,FDA label (Repatha); https://www.accessdata.fda.gov/drugsatfda_docs/label/2023/125522s053lbl.pdf
Fulranumab,"Chronic pain (anti-NGF, development discontinued)",pain_neurology,SC,1–10 mg,Q4W or Q8W,14–20,Wild-type IgG2,reduced (IgG2),IgG2; discontinued due to class safety concerns (anti-NGF),ELISA,bridging,"Mayorga et al., Pain 2016; 157(9):2040-2050; PMID: 27159432"
Garadacimab,Hereditary angioedema (anti-FXIIa),hematology_immunology,SC,200 mg,Q4W,30,IgG4,reduced (IgG4),No Fc modifications reported,ECL,tiered,"Maetzel et al., NEJM 2024; 390(1):21-31; PMID: 38169490"
Nivolumab,"Multiple cancers (melanoma, NSCLC, RCC, HL, etc.)",oncology,IV,240 mg or 480 mg,Q2W (240 mg) or Q4W (480 mg),25,IgG4 (S228P),"reduced (IgG4, no ADCC intended)",S228P hinge stabilization; checkpoint inhibitor,ECL,tiered,FDA label (Opdivo); https://www.accessdata.fda.gov/drugsatfda_docs/label/2023/125554s119lbl.pdf
Olaratumab,Soft tissue sarcoma (withdrawn after Phase 3 failure),oncology,IV,15 mg/kg,Day 1 & 8 of each 21-day cycle,11,Wild-type IgG1,normal,No Fc modifications; marketing authorization withdrawn,ECL,tiered,"FDA label (Lartruvo, withdrawn); Tap et al., Lancet 2016; 388(10043):488-497; PMID: 27291997"
Pemivibart,COVID-19 pre-exposure prophylaxis (immunocompromised),infectious,IM,300 mg,single dose (seasonal re-dosing),~80,IgG1 with YTE half-life extension (M252Y/S254T/T256E),reduced (YTE reduces FcγR binding),M252Y/S254T/T256E for extended half-life,ECL,tiered,FDA EUA (Pemgarda); https://www.fda.gov/media/177066/download
Ramucirumab,"Gastric cancer, NSCLC, CRC, HCC",oncology,IV,8 mg/kg,Q2W,14,Wild-type IgG1,normal,No Fc modifications,ECL,tiered,FDA label (Cyramza); https://www.accessdata.fda.gov/drugsatfda_docs/label/2023/125477s039lbl.pdf
Regdanvimab,COVID-19 treatment (anti-RBD neutralizing antibody),infectious,IV,40 mg/kg,single dose,25,Wild-type IgG1,normal,No Fc modifications,ECL,tiered,"EMA conditional marketing authorization; Kim et al., PNAS 2021; 118(36):e2107249118; PMID: 34385315"
Relatlimab,"Melanoma (anti-LAG-3, co-formulated with nivolumab as Opdualag)",oncology,IV,160 mg (with nivolumab 480 mg),Q4W,27,IgG4 (S228P),reduced (IgG4),S228P hinge stabilization; anti-LAG-3 checkpoint,ECL,tiered,FDA label (Opdualag); https://www.accessdata.fda.gov/drugsatfda_docs/label/2022/761234s000lbl.pdf
Secukinumab,"Plaque psoriasis, psoriatic arthritis, ankylosing spondylitis",autoimmune,SC,150–300 mg,Q4W (after loading),27,Wild-type IgG1κ,normal,No Fc modifications,ECL,tiered (drug-tolerant),FDA label (Cosentyx); https://www.accessdata.fda.gov/drugsatfda_docs/label/2024/125504s057lbl.pdf
Sintilimab,"NSCLC, HCC, classical Hodgkin lymphoma (NMPA-approved)",oncology,IV,200 mg,Q3W,25,IgG4 (S228P),reduced (IgG4),S228P; innovated by Innovent Biologics/Lilly,ECL,tiered,"Shi et al., Lancet Oncol 2021; 22(4):510-517; PMID: 33676601"
Tafolecimab,"Hypercholesterolemia (anti-PCSK9, China Phase 3)",metabolic,SC,300 mg,Q4W,~15,Wild-type IgG2,reduced (IgG2),IgG2; Innovent Biologics China development,ECL,tiered,"Han et al., JACC 2024; 83(4):388-399; NCT04982172"
Tezepelumab,"Severe asthma (anti-TSLP, add-on maintenance)",autoimmune_allergic,SC,210 mg,Q4W,26,Wild-type IgG2λ,reduced (IgG2),IgG2; anti-TSLP,ECL,tiered,FDA label (Tezspire); https://www.accessdata.fda.gov/drugsatfda_docs/label/2022/761224s000lbl.pdf
Tremelimumab,"Hepatocellular carcinoma, NSCLC (with durvalumab)",oncology,IV,300 mg (single priming dose) or 75 mg (regular dosing),single dose (STRIDE regimen) or Q4W,22,Wild-type IgG2,reduced (IgG2),IgG2; anti-CTLA-4 checkpoint,ECL,tiered,FDA label (Imjudo); https://www.accessdata.fda.gov/drugsatfda_docs/label/2022/761270s000lbl.pdf
Axatilimab,"Chronic graft-versus-host disease (cGVHD, anti-CSF1R)",hematology_immunology,IV,0.15–1 mg/kg,Q2W,15,IgG4,reduced (IgG4),No specific Fc mutations reported; anti-CSF1R,ECL,tiered,"Wolff et al., NEJM 2024; 390(18):1681-1693; PMID: 38718365"
Belantamab,Relapsed/refractory multiple myeloma (anti-BCMA ADC),oncology,IV,2.5 mg/kg,Q3W,12,Afucosylated IgG1 (ADCC-enhanced),enhanced (afucosylation → enhanced ADCC),Afucosylated via POTELLIGENT technology; ADC with MMAF,ECL,tiered,FDA label (Blenrep); https://www.accessdata.fda.gov/drugsatfda_docs/label/2022/761158s006lbl.pdf
Budigalimab,"Advanced solid tumors, SCLC (anti-PD-1, Phase 2/3)",oncology,IV,500 mg,Q4W,20,IgG1 with effector-null mutations,silenced (effector-null IgG1),Engineered Fc-silent IgG1; Abbvie development,ECL,tiered,"Patel et al., Clin Cancer Res 2023; 29(6):1103-1112; NCT03000257"
Crizanlizumab,"Sickle cell disease (VOC reduction, anti-P-selectin)",hematology,IV,5 mg/kg,Q4W (after loading doses at weeks 0 and 2),14.4,Wild-type IgG2κ,reduced (IgG2),IgG2; anti-P-selectin,ECL,tiered,FDA label (Adakveo); https://www.accessdata.fda.gov/drugsatfda_docs/label/2019/761128s000lbl.pdf
Depemokimab,"Severe eosinophilic asthma (anti-IL-5, ultra-long acting)",autoimmune_allergic,SC,100 mg,Q6M (every 6 months),56,IgG1 with YTE half-life extension (M252Y/S254T/T256E),reduced (YTE),M252Y/S254T/T256E; extended dosing interval via YTE,ECL,tiered,"Jackson et al., NEJM 2025; GSK prescribing info; NCT04718103"
Domvanalimab,"NSCLC (anti-TIGIT, Phase 3 with zimberelimab)",oncology,IV,1200 mg,Q4W,17,IgG1 with silenced Fc (Fc-dead),silenced,Engineered Fc-null; avoids Treg depletion via anti-TIGIT,ECL,tiered,"Johnson et al., NEJM 2024; 391(19):1775-1787; NCT04736173"
Eculizumab,"PNH, aHUS, myasthenia gravis, NMOSD",hematology_immunology,IV,"900 mg (loading), 1200 mg (maintenance)",Q2W,11.3,IgG2/4 hybrid Fc (reduced complement fixation),silenced (IgG2/4 hybrid eliminates CDC),"CH1+hinge from IgG2, CH2+CH3 from IgG4; minimizes complement activation",ECL,tiered,FDA label (Soliris); https://www.accessdata.fda.gov/drugsatfda_docs/label/2023/125166s445lbl.pdf
Elezanumab,"Acute spinal cord injury (anti-RGMa, Phase 2 discontinued)",neurology,IV,1800 mg,Q4W,16,Wild-type IgG1,normal,No Fc modifications; AbbVie development,ECL,tiered,"NCT04295538; Bhatt et al., JAMA Neurol 2024"
Elotuzumab,"Multiple myeloma (anti-SLAMF7, with lenalidomide)",oncology,IV,10 mg/kg,"QW for 2 cycles, then Q2W",20,Wild-type IgG1,normal (ADCC active via dual mechanism),No Fc modifications; dual ADCC + direct NK activation,ECL,tiered,FDA label (Empliciti); https://www.accessdata.fda.gov/drugsatfda_docs/label/2022/761035s013lbl.pdf
Etaracizumab,"Advanced solid tumors (anti-αvβ3 integrin, Phase 2 discontinued)",oncology,IV,8 mg/kg,QW,10,Wild-type IgG1,normal,No Fc modifications; development discontinued,ELISA,bridging,"Delbaldo et al., Invest New Drugs 2008; 26(5):447-453; PMID: 18528635"
Exidavnemab,"Parkinson's disease (anti-α-synuclein, Phase 2)",neurology,IV,4500 mg,Q4W,~30,IgG4 (effector-null),reduced (IgG4),IgG4; designed to avoid effector function in CNS target,ECL,tiered,"Bhatt et al., Nature Med 2024; NCT04127695"
Favezelimab,"Advanced solid tumors, DLBCL (anti-LAG-3, Phase 2 with pembrolizumab)",oncology,IV,800 mg,Q3W,19,IgG4 (S228P),reduced (IgG4),S228P; anti-LAG-3 checkpoint; Merck development,ECL,tiered,"Lakhani et al., JAMA Oncol 2023; NCT03598608"
Gemtuzumab,Acute myeloid leukemia (anti-CD33 ADC),oncology,IV,3 mg/m²,"Day 1, 4, 7 of cycle",2.6,IgG4,"reduced (IgG4, ADC payload-driven)","IgG4 ADC with calicheamicin payload; activity via ADC, not ADCC",ECL,tiered,FDA label (Mylotarg); https://www.accessdata.fda.gov/drugsatfda_docs/label/2020/761060s004lbl.pdf
Ibalizumab,Multidrug-resistant HIV-1 infection,infectious,IV,"2000 mg loading, 800 mg maintenance",Q2W,25,IgG4 (humanized),reduced (IgG4),IgG4; non-immunosuppressive CD4 blocker,ECL,tiered,FDA label (Trogarzo); https://www.accessdata.fda.gov/drugsatfda_docs/label/2018/761065s000lbl.pdf
Inebilizumab,"Neuromyelitis optica spectrum disorder (NMOSD, anti-CD19)",neurology_autoimmune,IV,300 mg,"Day 1 + Day 15, then Q6M",18,Afucosylated IgG1 (ADCC-enhanced),enhanced (afucosylated → enhanced CD19+ B-cell depletion),Afucosylated; enhanced ADCC for B-cell depletion,ECL,tiered,FDA label (Uplizna); https://www.accessdata.fda.gov/drugsatfda_docs/label/2020/761142s000lbl.pdf
Lebrikizumab,Moderate-to-severe atopic dermatitis (anti-IL-13),autoimmune_allergic,SC,250 mg,"Q2W (after loading), then Q4W",25,IgG4 (S228P),reduced (IgG4),S228P hinge stabilization; anti-IL-13 (not IL-4/13 dual),ECL,tiered,EMA SmPC (Ebglyss); https://www.ema.europa.eu/en/documents/product-information/ebglyss-epar-product-information_en.pdf
Leronlimab,"HIV-1, triple-negative breast cancer, COVID-19 (anti-CCR5, Phase 2/3)",infectious_oncology,SC,700 mg,QW,10,IgG4,reduced (IgG4),IgG4; CytoDyn development; multiple indications attempted,ELISA,bridging,"NCT02175680; Dhody et al., PLoS One 2018; 13(6):e0198090; PMID: 29856795"
Levilimab,Rheumatoid arthritis; COVID-19 severe (anti-IL-6R),autoimmune,SC,162 mg,QW or Q2W,14,Wild-type IgG1,normal,No Fc modifications; Biocad (Russia) development,ECL,tiered,"Lomakin et al., Lancet Rheumatol 2021; 3(4):e272-e280; NCT05093972"
Mirikizumab,Ulcerative colitis; Crohn's disease (anti-IL-23p19),autoimmune,IV (induction) then SC (maintenance),"300 mg IV induction, 200 mg SC maintenance","Q4W IV x3, then Q4W SC",9.3,IgG4 (S228P),reduced (IgG4),S228P; Lilly development,ECL,tiered,FDA label (Omvoh); https://www.accessdata.fda.gov/drugsatfda_docs/label/2023/761202s000lbl.pdf
Mogamulizumab,"Cutaneous T-cell lymphoma (Mycosis fungoides/Sézary, anti-CCR4)",oncology,IV,1 mg/kg,"QW for 4 weeks, then Q2W",17,"Defucosylated IgG1 (POTELLIGENT, enhanced ADCC)",enhanced (defucosylated → 100x enhanced ADCC),Defucosylated via POTELLIGENT technology; Kyowa Kirin,ECL,tiered,FDA label (Poteligeo); https://www.accessdata.fda.gov/drugsatfda_docs/label/2018/761051s000lbl.pdf
Nemolizumab,Prurigo nodularis; atopic dermatitis (anti-IL-31RA),autoimmune_allergic,SC,30 mg,Q4W,15,Wild-type IgG2κ,reduced (IgG2),IgG2; Galderma development,ECL,tiered,FDA label (Nemluvio); https://www.accessdata.fda.gov/drugsatfda_docs/label/2024/761346s000lbl.pdf
Nimotuzumab,"Glioma, head & neck cancer, EGFR+ tumors (approved in Asia/LatAm)",oncology,IV,200 mg,QW,~7,Wild-type IgG1,normal,No Fc modifications; intermediate EGFR affinity (avidity-dependent binding),ELISA,bridging,"Crombet et al., J Clin Oncol 2004; 22(22):4587-4594; PMID: 15542810"
Obinutuzumab,"CLL, follicular lymphoma (anti-CD20, glycoengineered)",oncology,IV,1000 mg,Q4W,28,"Glycoengineered IgG1 (GlycoMAb, bisected afucosylated)","enhanced (enhanced ADCC, reduced CDC vs rituximab)",GlycoMAb technology; bisected non-fucosylated Fc glycans → enhanced FcγRIIIa binding,ECL,tiered,FDA label (Gazyva); https://www.accessdata.fda.gov/drugsatfda_docs/label/2023/125486s033lbl.pdf
Ocrelizumab,"Multiple sclerosis (RRMS and PPMS, anti-CD20)",neurology_autoimmune,IV,600 mg,Q6M,26,Wild-type IgG1,normal (ADCC/CDC for B-cell depletion),No Fc modifications; humanized from same parent as rituximab (2H7),ECL,tiered (drug-tolerant),FDA label (Ocrevus); https://www.accessdata.fda.gov/drugsatfda_docs/label/2023/761053s022lbl.pdf
Olokizumab,"Rheumatoid arthritis (anti-IL-6, Russia/China approved)",autoimmune,SC,64 mg,Q4W,~30,IgG4 (S228P),reduced (IgG4),S228P; R-Pharm development; approved Russia 2020,ECL,tiered,"Nasonov et al., Ann Rheum Dis 2022; 81(4):469-479; PMID: 35131878"
Palivizumab,RSV prevention in high-risk infants (anti-RSV F protein),infectious,IM,15 mg/kg,"Q4W (monthly, RSV season)",20,Wild-type IgG1,normal,No Fc modifications; first-generation RSV prophylactic mAb,ELISA,bridging,FDA label (Synagis); https://www.accessdata.fda.gov/drugsatfda_docs/label/2014/103770s5175lbl.pdf
Penpulimab,"Classical Hodgkin lymphoma (anti-PD-1, NMPA-approved)",oncology,IV,200 mg,Q3W,18,IgG1 with Fc engineered for reduced FcγR binding,silenced (Fc-engineered IgG1),Fc engineered to minimize ADCC/CDC; Akeso Inc (China),ECL,tiered,"Song et al., Lancet Haematol 2022; 9(5):e366-e375; PMID: 35512730"
Pertuzumab,"HER2+ breast cancer (with trastuzumab, anti-HER2 domain II)",oncology,IV,"840 mg loading, 420 mg maintenance",Q3W,18,Wild-type IgG1,normal (ADCC active),No Fc modifications; binds HER2 domain II (complementary to trastuzumab),ECL,tiered,FDA label (Perjeta); https://www.accessdata.fda.gov/drugsatfda_docs/label/2023/125409s134lbl.pdf
Polatuzumab,"Diffuse large B-cell lymphoma (anti-CD79b ADC, with R-CHP)",oncology,IV,1.8 mg/kg,Q3W,12,Wild-type IgG1 (ADC with MMAE payload),normal (effector function + ADC payload),ADC via MC-vc-PAB-MMAE linker-payload; IgG1 Fc intact,ECL,tiered,FDA label (Polivy); https://www.accessdata.fda.gov/drugsatfda_docs/label/2023/761121s016lbl.pdf
Recaticimab,"Hypercholesterolemia (anti-PCSK9, Phase 3 China)",metabolic,SC,300 mg or 450 mg,Q4W or Q8W,~15,Wild-type IgG1,normal,No Fc modifications; Jiangsu Hengrui development,ECL,tiered,"NCT04777175; He et al., JAMA Cardiol 2024"
Rozanolixizumab,Generalized myasthenia gravis (anti-FcRn),neurology_autoimmune,SC,420 mg or 630 mg (weight-based),QW for 6 weeks per cycle,10,IgG4 (S228P),reduced (IgG4),S228P; anti-FcRn blocks IgG recycling → IgG catabolism,ECL,tiered,FDA label (Rystiggo); https://www.accessdata.fda.gov/drugsatfda_docs/label/2023/761335s000lbl.pdf
Satralizumab,"Neuromyelitis optica spectrum disorder (NMOSD, anti-IL-6R recycling Ab)",neurology_autoimmune,SC,120 mg,"Q2W x3 loading, then Q4W",30,IgG2 with recycling antibody technology,reduced (IgG2),pH-dependent IL-6R binding; recycling via FcRn (SA237 technology),ECL,tiered,FDA label (Enspryng); https://www.accessdata.fda.gov/drugsatfda_docs/label/2020/761149s000lbl.pdf
Spesolimab,Generalized pustular psoriasis (GPP) flares (anti-IL-36R),autoimmune,IV (flare) / SC (maintenance),"900 mg IV (flare), 300 mg SC (maintenance)",Single IV dose (flare); Q4W SC,25.5,Wild-type IgG1,normal,No Fc modifications,ECL,tiered,FDA label (Spevigo); https://www.accessdata.fda.gov/drugsatfda_docs/label/2022/761244s000lbl.pdf
Sutimlimab,Cold agglutinin disease (anti-C1s complement inhibitor),hematology,IV,6500 mg or 7500 mg (weight-based),Q2W,24,"IgG4 (S228P, reduced effector)",reduced (IgG4),S228P hinge stabilization; classical complement pathway inhibitor,ECL,tiered,FDA label (Enjaymo); https://www.accessdata.fda.gov/drugsatfda_docs/label/2022/761164s000lbl.pdf
Tafasitamab,"DLBCL (anti-CD19, Fc-enhanced, with lenalidomide)",oncology,IV,12 mg/kg,"QW for cycles 1-3, then Q2W",17,Fc-enhanced IgG1 (S239D/I332E for enhanced ADCC/ADCP),enhanced (Fc point mutations → enhanced FcγRIIIa binding),S239D/I332E Fc mutations; XmAb5574 platform; enhanced ADCC/ADCP,ECL,tiered,FDA label (Monjuvi); https://www.accessdata.fda.gov/drugsatfda_docs/label/2021/761163s003lbl.pdf
Tagitanlimab,"Solid tumors (anti-PD-L1, China Phase 3)",oncology,IV,1200 mg,Q3W,~18,Wild-type IgG1,normal,No Fc modifications reported; Kelun-Biotech development,ECL,tiered,"NCT04056247; Yang et al., Lancet Oncol 2024"
Timigutuzumab,"Breast cancer (anti-HER2, biparatopic, Phase 1/2)",oncology,IV,10–30 mg/kg (dose-escalation),Q3W,~14,Wild-type IgG1,normal,No Fc modifications; biparatopic anti-HER2; early clinical,ECL,tiered,"NCT03602079; Desai et al., J Clin Oncol 2020; 38(15_suppl):1010"
Vunakizumab,"Psoriasis, psoriatic arthritis (anti-IL-17A, Phase 3 China)",autoimmune,SC,80 mg or 160 mg,Q4W (after loading),~25,Wild-type IgG1,normal,No Fc modifications; CStone/Pfizer development,ECL,tiered,"NCT05003297; Zhang et al., Br J Dermatol 2024"
