id,sequence,pdb_path,category,source
131I-GMIB-Anti-HER2-VHH1,EVQLVESGGGLVQPGGSLRLSCAASGFTFSSYAMSWVRQAPGKGLEWVSAISGSGGSTYYADSVKGRFTISRDNAKNTLYLQMNSLRAEDTAVYYCAAYDIYGDGAMDYWGQGTLVTVSS,D:\InSynBio-AI-Research\Antibody_Engineer_Suite\data\vhh_clinical_39_union\immunebuilder_models\131I-GMIB-Anti-HER2-VHH1\rank0_unrefined.pdb,Clinical_VHH,VHH68
68-GaNOTA-Anti-HER2_VHH1,EVQLVESGGGLVQPGGSLRLSCAASGFTFSSYAMSWVRQAPGKGLEWVSAISGSGGSTYYADSVKGRFTISRDNAKNTLYLQMNSLRAEDTAVYYCAAYDIYGDGAMDYWGQGTLVTVSS,D:\InSynBio-AI-Research\Antibody_Engineer_Suite\data\vhh_clinical_39_union\immunebuilder_models\68-GaNOTA-Anti-HER2_VHH1\rank0_unrefined.pdb,Clinical_VHH,VHH68
ALX-0171,DVQLVESGGGLVQAGGSLSISCAASGGSLSNYVLGWFRQAPGKEREFVAAINWRGDITIGPPNVEGRFTISRDNAKNTGYLQMNSLAPDDTAVYYCGAGTPLNPGAYIYDWSYDYWGRGTQVTVSS,D:\InSynBio-AI-Research\Antibody_Engineer_Suite\data\vhh_clinical_39_union\immunebuilder_models\ALX-0171\rank0_unrefined.pdb,Clinical_VHH,VHH68
Brivekimig1,DVQLVESGGGVVQPGGSLRLSCAASGRTFSSIYAKGWFRQAPGKEREFVAAISRSGRSTSYADSVKGRFTISRDNSKNTVYLQMNSLRPEDTALYYCAAVGGATTVTASEWDYWGQGTLVTVSS,D:\InSynBio-AI-Research\Antibody_Engineer_Suite\data\vhh_clinical_39_union\immunebuilder_models\Brivekimig1\rank0_unrefined.pdb,Clinical_VHH,VHH68
Brivekimig2,EVQLVESGGGVVQPGGSLRLSCAASGFTFRSFGMSWVRQAPGKGPEWVSSISGSGSDTLYADSVKGRFTISRDNSKNTLYLQMNSLRPEDTALYYCTIGGSLSRSSQGTLVTVSS,D:\InSynBio-AI-Research\Antibody_Engineer_Suite\data\vhh_clinical_39_union\immunebuilder_models\Brivekimig2\rank0_unrefined.pdb,Clinical_VHH,VHH68
Caplacizumab,EVQLVESGGGLVQPGGSLRLSCAASGRTFSYNPMGWFRQAPGKGRELVAAISRTGGSTYYPDSVEGRFTISRDNAKRMVYLQMNSLRAEDTAVYYCAAAGVRAEDGRVRTLPSEYTFWGQGTQVTVSS,D:\InSynBio-AI-Research\Antibody_Engineer_Suite\data\vhh_clinical_39_union\immunebuilder_models\Caplacizumab\rank0_unrefined.pdb,Clinical_VHH,VHH68
CD20_VHH_CAR-T,EVQLVESGGGLVQPGGSLRLSCAASGFTFSSYAMSWVRQAPGKGLEWVSAISGSGGSTYYADSVKGRFTISRDNAKNTLYLQMNSLRAEDTAVYYCAAYDIYGDGAMDYWGQGTLVTVSS,D:\InSynBio-AI-Research\Antibody_Engineer_Suite\data\vhh_clinical_39_union\immunebuilder_models\CD20_VHH_CAR-T\rank0_unrefined.pdb,Clinical_VHH,VHH68
CD33_VHH_CAR-T,EVQLVESGGGLVQPGGSLRLSCAASGFTFSSYAMSWVRQAPGKGLEWVSAISGSGGSTYYADSVKGRFTISRDNAKNTLYLQMNSLRAEDTAVYYCAAYDIYGDGAMDYWGQGTLVTVSS,D:\InSynBio-AI-Research\Antibody_Engineer_Suite\data\vhh_clinical_39_union\immunebuilder_models\CD33_VHH_CAR-T\rank0_unrefined.pdb,Clinical_VHH,VHH68
Ciltacabtagene_autoleucel_cilta-cel,QVKLEESGGGLVQAGRSLRLSCAASEHTFSSHVMGWFRQAPGKERESVAVIGWRDISTSYADSVKGRFTISRDNAKKTLYLQMNSLKPEDTAVYYCAARRIDAADFDSWGQGTQVTVSS,D:\InSynBio-AI-Research\Antibody_Engineer_Suite\data\vhh_clinical_39_union\immunebuilder_models\Ciltacabtagene_autoleucel_cilta-cel\rank0_unrefined.pdb,Clinical_VHH,VHH68
Enristomig,EVQLLESGGGEVQPGGSLRLSCAASGGIFAIKPISWYRQAPGKQREWVSTTTSSGATNYAESVKGRFTISRDNAKNTLYLQMSSLRAEDTAVYYCNVFEYWGQGTLVTVKP,D:\InSynBio-AI-Research\Antibody_Engineer_Suite\data\vhh_clinical_39_union\immunebuilder_models\Enristomig\rank0_unrefined.pdb,Clinical_VHH,VHH68
Envafolimab,QVQLVESGGGLVQPGGSLRLSCAASGKMSSRRCMAWFRQAPGKERERVAKLLTTSGSTYLADSVKGRFTISRDNSKNTVYLQMNSLRAEDTAVYYCAADSFEDPTCTLVTSSGAFQYWGQGTLVTVSS,D:\InSynBio-AI-Research\Antibody_Engineer_Suite\data\vhh_clinical_39_union\immunebuilder_models\Envafolimab\rank0_unrefined.pdb,Clinical_VHH,VHH68
Erfonrilimab,QVQLVESGGGLVQPGGSLRLSCAASGKMSSRRCMAWFRQAPGKERERVAKLLTTSGSTYLADSVKGRFTISRDNSKNTVYLQMNSLRAEDTAVYYCAADSFEDPTCTLVTSSGAFQYWGQGTLVTVSS,D:\InSynBio-AI-Research\Antibody_Engineer_Suite\data\vhh_clinical_39_union\immunebuilder_models\Erfonrilimab\rank0_unrefined.pdb,Clinical_VHH,VHH68
Gefurulimab,EVQLVESGGGLVKPGGSLRLSCAASGRPVSNYAAAWFRQAPGKEREFVSAINWQKTATYADSVKGRFTISRDNAKNSLYLQMNSLRAEDTAVYYCAAVFRVVAPKTQYDYDYWGQGTLVTVSS,D:\InSynBio-AI-Research\Antibody_Engineer_Suite\data\vhh_clinical_39_union\immunebuilder_models\Gefurulimab\rank0_unrefined.pdb,Clinical_VHH,VHH68
Gocatamig1,EVQLVESGGGLVQPGGSLKLSCAASGFTFNKYAINWVRQAPGKGLEWVARIRSKYNNYATYYADQVKDRFTISRDDSKNTAYLQMNNLKTEDTAVYYCVRHANFGNSYISYWAYWGQGTLVTVSS,D:\InSynBio-AI-Research\Antibody_Engineer_Suite\data\vhh_clinical_39_union\immunebuilder_models\Gocatamig1\rank0_unrefined.pdb,Clinical_VHH,VHH68
Gocatamig2,EVQLVESGGGLVQPGGSLTLSCAASSSSVSLLSLAWYRQAPGKKRELVAGISDDGSIVYMDSVKGRFTISRDNAKNSVYLQMNSLRAEDTAVYYCYAYSWITRSPYWGQGTLVTVSS,D:\InSynBio-AI-Research\Antibody_Engineer_Suite\data\vhh_clinical_39_union\immunebuilder_models\Gocatamig2\rank0_unrefined.pdb,Clinical_VHH,VHH68
Gontivimab,DVQLVESGGGLVQAGGSLSISCAASGGSLSNYVLGWFRQAPGKEREFVAAINWRGDITIGPPNVEGRFTISRDNAKNTGYLQMNSLAPDDTAVYYCGAGTPLNPGAYIYDWSYDYWGRGTQVTVSS,D:\InSynBio-AI-Research\Antibody_Engineer_Suite\data\vhh_clinical_39_union\immunebuilder_models\Gontivimab\rank0_unrefined.pdb,Clinical_VHH,VHH68
HER2_VHH_CAR-T,EVQLVESGGGLVQPGGSLRLSCAASGFTFSSYAMSWVRQAPGKGLEWVSAISGSGGSTYYADSVKGRFTISRDNAKNTLYLQMNSLRAEDTAVYYCAAYDIYGDGAMDYWGQGTLVTVSS,D:\InSynBio-AI-Research\Antibody_Engineer_Suite\data\vhh_clinical_39_union\immunebuilder_models\HER2_VHH_CAR-T\rank0_unrefined.pdb,Clinical_VHH,VHH68
Isecarosmab,DVQLVESGGGVVQPGGSLRLSCAASGRTVSSYAMGWFRQAPGKEREFVAGISRSAERTYYVDSLKGRFTISRDNSKNTVYLQMNSLRPEDTALYYCAADLDPNRIFSREEYAYWGQGTLVTVSS,D:\InSynBio-AI-Research\Antibody_Engineer_Suite\data\vhh_clinical_39_union\immunebuilder_models\Isecarosmab\rank0_unrefined.pdb,Clinical_VHH,VHH68
LCAR-B38M,QVKLEESGGGLVQAGRSLRLSCAASEHTFSSHVMGWFRQAPGKERESVAVIGWRDISTSYADSVKGRFTISRDNAKKTLYLQMNSLKPEDTAVYYCAARRIDAADFDSWGQGTQVTVSS,D:\InSynBio-AI-Research\Antibody_Engineer_Suite\data\vhh_clinical_39_union\immunebuilder_models\LCAR-B38M\rank0_unrefined.pdb,Clinical_VHH,VHH68
Letolizumab,EVQLLESGGGLVQPGGSLRLSCAASGFTFNWELMGWARQAPGKGLEWVSGIEGPGDVTYYADSVKGRFTISRDNSKNTLYLQMNSLRAEDTAVYYCVKVGKDAKSDYRGQGTLVTVSS,D:\InSynBio-AI-Research\Antibody_Engineer_Suite\data\vhh_clinical_39_union\immunebuilder_models\Letolizumab\rank0_unrefined.pdb,Clinical_VHH,VHH68
Nb_V565,EVQLVESGGGLVQPGGSLRLSCAASGFTFSDYWMYWVRQAPGKGLEWVSEINTNGLITKYPDSVKGRFTISRDNAKNTLYLQMNSLRPEDTAVYYCARSPSGFNRGQGTLVTVSS,D:\InSynBio-AI-Research\Antibody_Engineer_Suite\data\vhh_clinical_39_union\immunebuilder_models\Nb_V565\rank0_unrefined.pdb,Clinical_VHH,VHH68
Ozekibart,EVQLLESGGGEVQPGGSLRLSCAASGLTFPNYGMGWFRQAPGKEREFVSAIYWSGGTVYYAESVKGRFTISRDNAKNTLYLQMSSLRAEDTAVYYCAVTIRGAATQTWKYDYWGQGTLVTVKPG,D:\InSynBio-AI-Research\Antibody_Engineer_Suite\data\vhh_clinical_39_union\immunebuilder_models\Ozekibart\rank0_unrefined.pdb,Clinical_VHH,VHH68
Ozoralizumab,EVQLVESGGGLVQPGGSLRLSCAASGFTFSDYWMYWVRQAPGKGLEWVSEINTNGLITKYPDSVKGRFTISRDNAKNTLYLQMNSLRPEDTAVYYCARSPSGFNRGQGTLVTVSS,D:\InSynBio-AI-Research\Antibody_Engineer_Suite\data\vhh_clinical_39_union\immunebuilder_models\Ozoralizumab\rank0_unrefined.pdb,Clinical_VHH,VHH68
PD-L1_VHH_CAR-T,QVQLVESGGGLVQPGGSLRLSCAASGKMSSRRCMAWFRQAPGKERERVAKLLTTSGSTYLADSVKGRFTISRDNSKNTVYLQMNSLRAEDTAVYYCAADSFEDPTCTLVTSSGAFQYWGQGTLVTVSS,D:\InSynBio-AI-Research\Antibody_Engineer_Suite\data\vhh_clinical_39_union\immunebuilder_models\PD-L1_VHH_CAR-T\rank0_unrefined.pdb,Clinical_VHH,VHH68
Podentamig1,EVQLVESGGGLVQPGRSLTLSCAASTNIFSISPYGWYRQAPGKQRELVAAIHGTSTLYADSVKGRFTISRDNAKNSIYLQMNSLRPEDTALYYCNKVPWGDYHPGNVYWGQGTQVTVSS,D:\InSynBio-AI-Research\Antibody_Engineer_Suite\data\vhh_clinical_39_union\immunebuilder_models\Podentamig1\rank0_unrefined.pdb,Clinical_VHH,VHH68
Podentamig2,EVQLVESGGGLVQPGGSLKLSCAASGFTFNKYAINWVRQAPGKGLEWVARIRSKYNNYATYYADQVKDRFTISRDDSKNTAYLQMNNLKTEDTAVYYCVRHANFGNSYISYWAYWGQGTLVTVSS,D:\InSynBio-AI-Research\Antibody_Engineer_Suite\data\vhh_clinical_39_union\immunebuilder_models\Podentamig2\rank0_unrefined.pdb,Clinical_VHH,VHH68
Porustobart,EVQLVESGGGLIQPGGSLRLSCAVSGFTVSKNYMSWVRQAPGKGLEWVSVVYSGGSKTYADSVKGRFTISRDNSKNTLYLQMNSLRAEDTAVYYCARAVPHSPSSFDIWGQGTMVTVSS,D:\InSynBio-AI-Research\Antibody_Engineer_Suite\data\vhh_clinical_39_union\immunebuilder_models\Porustobart\rank0_unrefined.pdb,Transgenic_sdAb,VHH68
Produvofusp,QVQLVESGGGLVKPGGSLRLSCAASGRTFSSYAMGWFRQAPGKEREFVSAISGSGGSTYYADSVKGRFTISRDNAKNSLYLQMNSLRAEDTAVYYCAADLGDGSWVDYVNAEPYEYDYWGQGTLVTVSS,D:\InSynBio-AI-Research\Antibody_Engineer_Suite\data\vhh_clinical_39_union\immunebuilder_models\Produvofusp\rank0_unrefined.pdb,Clinical_VHH,VHH68
Pumitamig2,EVQLQESGGGLVQPGGSLRLSCAASGFTFSSYWMYWLRQAPGKGLEWVSSINSDSSSTYYRDSVKGRFTISRDNAKNTLYLQMNSLKSEDTAVYYCAKDPGGYAKGQGTQVTVSS,D:\InSynBio-AI-Research\Antibody_Engineer_Suite\data\vhh_clinical_39_union\immunebuilder_models\Pumitamig2\rank0_unrefined.pdb,Clinical_VHH,VHH68
Rimteravimab,DVQLVESGGGLVQPGGSLRLSCAASGRTFSEYAMGWFRQAPGKEREFVATISWSGGATYYTDSVKGRFTISRDNAKNTVYLQMNSLRPEDTAVYYCAAAGLGTVVSEWDYDYDYWGQGTLVTVSS,D:\InSynBio-AI-Research\Antibody_Engineer_Suite\data\vhh_clinical_39_union\immunebuilder_models\Rimteravimab\rank0_unrefined.pdb,Clinical_VHH,VHH68
Simridarlimab,QVQLQESGPGLVKPSETLSLTCTVSGGSIEHYYWSWIRQPPGKGLEWIGYIYYSGSTNYNPSLKSRVTISVDTSKNQFSLKLSSVTAADTAVYYCARGKTGSAAWGQGTLVTVSS,D:\InSynBio-AI-Research\Antibody_Engineer_Suite\data\vhh_clinical_39_union\immunebuilder_models\Simridarlimab\rank0_unrefined.pdb,Clinical_VHH,VHH68
Sonelokimab1,DVQLVESGGGLVQPGGSLRLSCAASGRTFSSYVVGWFRQAPGKEREFIGAISGSGESIYYAVSEKGRFTISRDNSKNTLYLQMNSLRPEDTAVYYCTADQEFGYLRFGRSEYWGQGTLVTVSS,D:\InSynBio-AI-Research\Antibody_Engineer_Suite\data\vhh_clinical_39_union\immunebuilder_models\Sonelokimab1\rank0_unrefined.pdb,Clinical_VHH,VHH68
Sonelokimab2,EVQLVESGGGLVQPGGSLRLSCAASGRTYDAMGWLRQAPGKEREFVAAISGSGDDTYYADSVKGRFTISRDNSKNTLYLQMNSLRPEDTAVYYCATRRGLYYVWDANDYENWGQGTLVTVSS,D:\InSynBio-AI-Research\Antibody_Engineer_Suite\data\vhh_clinical_39_union\immunebuilder_models\Sonelokimab2\rank0_unrefined.pdb,Clinical_VHH,VHH68
Sonelokimab_M1095,DVQLVESGGGLVQPGGSLRLSCAASGRTFSSYVVGWFRQAPGKEREFIGAISGSGESIYYAVSEKGRFTISRDNSKNTLYLQMNSLRPEDTAVYYCTADQEFGYLRFGRSEYWGQGTLVTVSS,D:\InSynBio-AI-Research\Antibody_Engineer_Suite\data\vhh_clinical_39_union\immunebuilder_models\Sonelokimab_M1095\rank0_unrefined.pdb,Clinical_VHH,VHH68
Tarperprumig,QVQLVESGGGLVKPGGSLRLSCAASGRPVSNYAAAWFRQAPGKEREFVSAINWQKTATYADSVKGRFTISRDNAKNSLYLQMNSLRAEDTAVYYCAAVFRVVAPKTQYDYDYWGQGTLVTVSS,D:\InSynBio-AI-Research\Antibody_Engineer_Suite\data\vhh_clinical_39_union\immunebuilder_models\Tarperprumig\rank0_unrefined.pdb,Clinical_VHH,VHH68
Tixentamig,EVQLVESGGGLVQPGGSLKLSCAASGFTFSTYAMNWVRQASGKGLEWVGRIRSKYNNYATYYADSVKDRFTISRDDSKNTAYLQMNSLKTEDTAVYYCTRHGNFGNSYVSWFAYWGQGTLVTVSS,D:\InSynBio-AI-Research\Antibody_Engineer_Suite\data\vhh_clinical_39_union\immunebuilder_models\Tixentamig\rank0_unrefined.pdb,Clinical_VHH,VHH68
VHH-ADC_HER2-MMAE,EVQLVESGGGLVQPGGSLRLSCAASGFTFSSYAMSWVRQAPGKGLEWVSAISGSGGSTYYADSVKGRFTISRDNAKNTLYLQMNSLRAEDTAVYYCAAYDIYGDGAMDYWGQGTLVTVSS,D:\InSynBio-AI-Research\Antibody_Engineer_Suite\data\vhh_clinical_39_union\immunebuilder_models\VHH-ADC_HER2-MMAE\rank0_unrefined.pdb,Clinical_VHH,VHH68
VHH-Cell_Therapy_VHH-T_cell_engager,EVQLVESGGGLVQPGGSLKLSCAASGFTFNKYAINWVRQAPGKGLEWVARIRSKYNNYATYYADQVKDRFTISRDDSKNTAYLQMNNLKTEDTAVYYCVRHANFGNSYISYWAYWGQGTLVTVSS,D:\InSynBio-AI-Research\Antibody_Engineer_Suite\data\vhh_clinical_39_union\immunebuilder_models\VHH-Cell_Therapy_VHH-T_cell_engager\rank0_unrefined.pdb,Clinical_VHH,VHH68
Vobarilizumab,EVQLVESGGGLVQPGGSLRLSCAASGSVFKINVMAWYRQAPGKGRELVAGIISGGSTSYADSVKGRFTISRDNAKNTLYLQMNSLRPEDTAVYYCAFITTESDYDLGRRYWGQGTLVTVSS,D:\InSynBio-AI-Research\Antibody_Engineer_Suite\data\vhh_clinical_39_union\immunebuilder_models\Vobarilizumab\rank0_unrefined.pdb,Clinical_VHH,VHH68
Erfonrilimab-VHH2,QVQLVESGGGLVQPGGSLRLSCAASGYIYSAYCMGWFRQAPGKGLEGVAAIYIGGGSTYYADSVKGRFTISRDNSKNTLYLQMNSLRAEDTAVYYCAADVIPTETCLGGSWSGPFGYWGQGTLVTVSS,D:\InSynBio-AI-Research\Antibody_Engineer_Suite\data\vhh_clinical_39_union\immunebuilder_models\Erfonrilimab-VHH2\rank0_unrefined.pdb,Clinical_VHH,VHH68
1yzz_A,DVQLVESGGGSVQAGGSLRLSCAVSGSTYSPCTTGWVRQAPGKGLEWVSSISSPGTIYYQDSVKGRFTISRDNAKNTVYLQMNSLQREDTGMYYCQIQCGSIREYWGQGTQVTVS,D:\InSynBio-AI-Research\Antibody_Engineer_Suite\data\vhh_database_b_union\immunebuilder_models\1yzz_A\rank0_unrefined.pdb,Database_B,VHH68
1yzz_B,DVQLVESGGGSVQAGGSLRLSCAVSGSTYSPCTTGWVRQAPGKGLEWVSSISSPGTIYYQDSVKGRFTISRDNAKNTVYLQMNSLQREDTGMYYCQIQCGVIREYWGQGTQVTVS,D:\InSynBio-AI-Research\Antibody_Engineer_Suite\data\vhh_database_b_union\immunebuilder_models\1yzz_B\rank0_unrefined.pdb,Database_B,VHH68
3eak_A,QVQLVESGGGLVQPGGSLRLSCAASGGSEYSYSTFSLGWFRQAPGQGLEAVAAIASMGGLTYYADSVKGRFTISRDNSKNTLYLQMNSLRAEDTAVYYCAAVRGYFMRLPSSHNFRYWGQGTLVTVS,D:\InSynBio-AI-Research\Antibody_Engineer_Suite\data\vhh_database_b_union\immunebuilder_models\3eak_A\rank0_unrefined.pdb,Database_B,VHH68
3eak_B,QVQLVESGGGLVQPGGSLRLSCAASGGSEYSYSTFSLGWFRQAPGQGLEAVAAIASMGGLTYYADSVKGRFTISRDNSKNTLYLQMNSLRAEDTAVYYCAAVRGYFMRLPSSHNFRYWGQGTLVTVS,D:\InSynBio-AI-Research\Antibody_Engineer_Suite\data\vhh_database_b_union\immunebuilder_models\3eak_B\rank0_unrefined.pdb,Database_B,VHH68
3eba_A,QVQLVESGGGSVQAGGSLRLSCSASGYTYISGWFRQAPGKGLEWVAAIRSSDGTTYYADSVKGRFTISQDNAKNTVYLQMNSLKPEDTAMYYCAATEVAGWPLDIGIYDYWGQGTQVTVSSH,D:\InSynBio-AI-Research\Antibody_Engineer_Suite\data\vhh_database_b_union\immunebuilder_models\3eba_A\rank0_unrefined.pdb,Database_B,VHH68
6rnk_B,EVQLVESGGGLVQPGGSLRLSCEASGYTLANYAIGWFRQAPGKEREGVSCISSGGSTVYSESVKDRFTISRDNAKKIVYLQMNSLQPEDTAVYYCAADPFGERLCIDPNTFAGYLETWGQGTQVTVSSL,D:\InSynBio-AI-Research\Antibody_Engineer_Suite\data\vhh_database_b_union\immunebuilder_models\6rnk_B\rank0_unrefined.pdb,Database_B,VHH68
6z10_B,EVQLVESGGGLVQPGGSLRLSCEASGTLANYAIGWFRQAPGKEREGVSCISSGGSTVYSESVKDRFTISRDNAKKIVYLQMNSLQPEDTAVYYCAADPFGERLCIDPNTFAGYLETWGQGTQVTVSSL,D:\InSynBio-AI-Research\Antibody_Engineer_Suite\data\vhh_database_b_union\immunebuilder_models\6z10_B\rank0_unrefined.pdb,Database_B,VHH68
1bzq_K,QVQLVESGGGLVQAGGSLRLSCAASGYAYTYIYMGWFRQAPGKEREGVAAMDSGGGGTLYADSVKGRFTISRDKGKNTVYLQMDSLKPEDTATYYCAAGGYELRDRTYGQWGQGTQVTVSSRGR,D:\InSynBio-AI-Research\Antibody_Engineer_Suite\data\vhh_database_b_union\immunebuilder_models\1bzq_K\rank0_unrefined.pdb,Database_B,VHH68
1bzq_L,QVQLVESGGGLVQAGGSLRLSCAASGYAYTYIYMGWFRQAPGKEREGVAAMDSGGGGTLYADSVKGRFTISRDKGKNTVYLQMDSLKPEDTATYYCAAGGYELRDRTYGQWGQGTQVTVSSRGR,D:\InSynBio-AI-Research\Antibody_Engineer_Suite\data\vhh_database_b_union\immunebuilder_models\1bzq_L\rank0_unrefined.pdb,Database_B,VHH68
1bzq_M,QVQLVESGGGLVQAGGSLRLSCAASGYAYTYIYMGWFRQAPGKEREGVAAMDSGGGGTLYADSVKGRFTISRDKGKNTVYLQMDSLKPEDTATYYCAAGGYELRDRTYGQWGQGTQVTVSSRGR,D:\InSynBio-AI-Research\Antibody_Engineer_Suite\data\vhh_database_b_union\immunebuilder_models\1bzq_M\rank0_unrefined.pdb,Database_B,VHH68
1bzq_N,QVQLVESGGGLVQAGGSLRLSCAASGYAYTYIYMGWFRQAPGKEREGVAAMDSGGGGTLYADSVKGRFTISRDKGKNTVYLQMDSLKPEDTATYYCAAGGYELRDRTYGQWGQGTQVTVSSRGR,D:\InSynBio-AI-Research\Antibody_Engineer_Suite\data\vhh_database_b_union\immunebuilder_models\1bzq_N\rank0_unrefined.pdb,Database_B,VHH68
1f2x_K,QVQLVESGGGSVQAGGSLRLSCAASGYTVSTYCMGWFRQAPGKEREGVATILGGSTYYGDSVKGRFTISQDNAKNTVYLQMNSLKPEDTAIYYCAGSTVASTGWCSRLRPYDYHYRGQGTQVTVSS,D:\InSynBio-AI-Research\Antibody_Engineer_Suite\data\vhh_database_b_union\immunebuilder_models\1f2x_K\rank0_unrefined.pdb,Database_B,VHH68
1f2x_L,VQLVESGGGSVQAGGSLRLSCAASGYTVSTYCMGWFRQAPGKEREGVATILGGSTYYGDSVKGRFTISQDNAKNTVYLQMNSLKPEDTAIYYCAGSTVASTGWCSRLRPYDYHYRGQGTQVTVSSR,D:\InSynBio-AI-Research\Antibody_Engineer_Suite\data\vhh_database_b_union\immunebuilder_models\1f2x_L\rank0_unrefined.pdb,Database_B,VHH68
1kxq_E,QVQLVESGGGSVQAGGSLSLSCAASTYTDTVGWFRQAPGKEREGVAAIYRRTGYTYSADSVKGRFTLSQDNNKNTVYLQMNSLKPEDTGIYYCATGNSVRLASWEGYFYWGQGTQVTVSS,D:\InSynBio-AI-Research\Antibody_Engineer_Suite\data\vhh_database_b_union\immunebuilder_models\1kxq_E\rank0_unrefined.pdb,Database_B,VHH68
1kxq_F,QVQLVESGGGSVQAGGSLSLSCAASTYTDTVGWFRQAPGKEREGVAAIYRRTGYTYSADSVKGRFTLSQDNNKNTVYLQMNSLKPEDTGIYYCATGNSVRLASWEGYFYWGQGTQVTVSS,D:\InSynBio-AI-Research\Antibody_Engineer_Suite\data\vhh_database_b_union\immunebuilder_models\1kxq_F\rank0_unrefined.pdb,Database_B,VHH68
1kxq_G,QVQLVESGGGSVQAGGSLSLSCAASTYTDTVGWFRQAPGKEREGVAAIYRRTGYTYSADSVKGRFTLSQDNNKNTVYLQMNSLKPEDTGIYYCATGNSVRLASWEGYFYWGQGTQVTVSS,D:\InSynBio-AI-Research\Antibody_Engineer_Suite\data\vhh_database_b_union\immunebuilder_models\1kxq_G\rank0_unrefined.pdb,Database_B,VHH68
1kxq_H,QVQLVESGGGSVQAGGSLSLSCAASTYTDTVGWFRQAPGKEREGVAAIYRRTGYTYSADSVKGRFTLSQDNNKNTVYLQMNSLKPEDTGIYYCATGNSVRLASWEGYFYWGQGTQVTVSS,D:\InSynBio-AI-Research\Antibody_Engineer_Suite\data\vhh_database_b_union\immunebuilder_models\1kxq_H\rank0_unrefined.pdb,Database_B,VHH68
1kxt_B,QVQLVASGGGSVQAGGSLRLSCAASTFSSYPMGWYRQAPGKECELSARIFSDGSANYADSVKGRFTISRDNAANTAYLQMDSLKPEDTAVYYCAAGPGSGKLVVAGRTCYGPNYWGQGTQVTV,D:\InSynBio-AI-Research\Antibody_Engineer_Suite\data\vhh_database_b_union\immunebuilder_models\1kxt_B\rank0_unrefined.pdb,Database_B,VHH68
1kxt_D,QVQLVASGGGSVQAGGSLRLSCAASTFSSYPMGWYRQAPGKECELSARIFSDGSANYADSVKGRFTISRDNAANTAYLQMDSLKPEDTAVYYCAAGPGSGKLVVAGRTCYGPNYWGQGTQVTV,D:\InSynBio-AI-Research\Antibody_Engineer_Suite\data\vhh_database_b_union\immunebuilder_models\1kxt_D\rank0_unrefined.pdb,Database_B,VHH68
1kxt_F,QVQLVASGGGSVQAGGSLRLSCAASTFSSYPMGWYRQAPGKECELSARIFSDGSANYADSVKGRFTISRDNAANTAYLQMDSLKPEDTAVYYCAAGPGSGKLVVAGRTCYGPNYWGQGTQVTV,D:\InSynBio-AI-Research\Antibody_Engineer_Suite\data\vhh_database_b_union\immunebuilder_models\1kxt_F\rank0_unrefined.pdb,Database_B,VHH68
1kxv_C,VQLVESGGGTVPAGGSLRLSCAASGNTLCTYDMSWYRRAPGKGRDFVSGIDNDGTTTYVDSVAGRFTISQGNAKNTAYLQMDSLKPDDTAMYYCKPSLRYGLPGCPIIPWGQGTQVTVS,D:\InSynBio-AI-Research\Antibody_Engineer_Suite\data\vhh_database_b_union\immunebuilder_models\1kxv_C\rank0_unrefined.pdb,Database_B,VHH68
1kxv_D,QVQLVESGGGTVPAGGSLRLSCAASGNTLCTYDMSWYRRAPGKGRDFVSGIDNDGTTTYVDSVAGRFTISQGNAKNTAYLQMDSLKPDDTAMYYCKPSLRYGLPGCPIIPWGQGTQVTVSS,D:\InSynBio-AI-Research\Antibody_Engineer_Suite\data\vhh_database_b_union\immunebuilder_models\1kxv_D\rank0_unrefined.pdb,Database_B,VHH68
1mel_A,VQLQASGGGSVQAGGSLRLSCAASGYTIGPYCMGWFRQAPGKEREGVAAINMGGGITYYADSVKGRFTISQDNAKNTVYLLMNSLEPEDTAIYYCAADSTIYASYYECGHGLSTGGYGYDSWGQGTQVTVSS,D:\InSynBio-AI-Research\Antibody_Engineer_Suite\data\vhh_database_b_union\immunebuilder_models\1mel_A\rank0_unrefined.pdb,Database_B,VHH68
1mel_B,VQLQASGGGSVQAGGSLRLSCAASGYTIGPYCMGWFRQAPGKEREGVAAINMGGGITYYADSVKGRFTISQDNAKNTVYLLMNSLEPEDTAIYYCAADSTIYASYYECGHGLSTGGYGYDSWGQGTQVTVSS,D:\InSynBio-AI-Research\Antibody_Engineer_Suite\data\vhh_database_b_union\immunebuilder_models\1mel_B\rank0_unrefined.pdb,Database_B,VHH68
1op9_A,QVQLQESGGGSVQAGGSLRLSCSASGYTYISGWFRQAPGKEREGVAAIRSSDGTTYYADSVKGRFTISQDNAKNTVYLQMNSLKPEDTAMYYCAATEVAGWPLDIGIYDYWGQGTEVTVSS,D:\InSynBio-AI-Research\Antibody_Engineer_Suite\data\vhh_database_b_union\immunebuilder_models\1op9_A\rank0_unrefined.pdb,Database_B,VHH68
1xfp_A,VQLQASGGGSVQAGGSLRLSCAASGYTIGPYCMGWFRQAPGKEREGVAAINSGGGSTYYADSVKGRFTISQDNAKNTVYLLMNSLEPEDTAIYYCAADSTIYASYYECGHGLSTGGYGYDSWGQGTQVTVS,D:\InSynBio-AI-Research\Antibody_Engineer_Suite\data\vhh_database_b_union\immunebuilder_models\1xfp_A\rank0_unrefined.pdb,Database_B,VHH68
1yc7_A,VQLVESGGGSVQAGGSLRLSCAVSGSTYSPCTTGWYRQAPGKEREWVSSISSPGTIYYQDSVKGRFTISRDNAKNTVYLQMNSLQREDTGMYYCQIQCGVRSIREYWGQGTQVTVS,D:\InSynBio-AI-Research\Antibody_Engineer_Suite\data\vhh_database_b_union\immunebuilder_models\1yc7_A\rank0_unrefined.pdb,Database_B,VHH68
1yc7_B,VQLVESGGGSVQAGGSLRLSCAVSGTYSPCTTGWYRQAPGKEREWVSSISSPGTIYYQDSVKGRFTISRDNAKNTVYLQMNSLQREDTGMYYCQIQCGVRSIREYWGQGTQVTVSS,D:\InSynBio-AI-Research\Antibody_Engineer_Suite\data\vhh_database_b_union\immunebuilder_models\1yc7_B\rank0_unrefined.pdb,Database_B,VHH68
1yc8_A,DVQLVESGGGSVQAGGSLRLSCAVSGSTYSPCTTGWVRQAPGKGLEWVSSISSPGTIYYQDSVKGRFTISRDNAKNTVYLQMNSLQREDTGMYYCQIQCGVSIREYWGQGTQVTVS,D:\InSynBio-AI-Research\Antibody_Engineer_Suite\data\vhh_database_b_union\immunebuilder_models\1yc8_A\rank0_unrefined.pdb,Database_B,VHH68
Cryo-EM structure of SARS-CoV-2 Beta (B.1.351) spike protein in complex with VH domain F6 (focused refinement of RBD and VH F6),EVQLVESGGGLVQPGGSLRLSCAASDFDFYDYEMSWVRQAPGKALEWIGNIYYSGDTFYNPSLKSRVTISRDNSKNTLYLQMNSLRAEDTATYYCARVESGSGWLDFWGQGTLVTVSS,D:\InSynBio-AI-Research\Antibody_Engineer_Suite\data\vhh_master_predicted_structures\d56ebae81d5b938fb9a2bcd40bd5f106.pdb,Engineered_Human_VH,Atlas-24
Crystal structure of human CD38 ECD in complex with UniDab(TM) F11A,QVQLVESGGGVVQPGRSLRLSCAASGFTFSSYGMHWVRQAPGKEREWVAVISDDGSNKYYADSVKGRFTISRDNSKNTLYLQMNSLRVEDTAVYYCAKDRGTMRVVVYDTLDIWGQGTLVTVSSHHHHHH,D:\InSynBio-AI-Research\Antibody_Engineer_Suite\data\vhh_master_predicted_structures\Crystal structure of human CD38 ECD in complex with UniDab(TM) F11A.pdb,Engineered_Human_VH,Atlas-24
"Structure of the SARS-CoV-2 spike glycoprotein in complex with a human single domain antibody n3113 (UUD-state, state 2)",EVQLVESGGGLVQPGGSLRLSCAASDFSFYDYEMSWVRQAPGKALEWIGSMYHSGRTYINPSLKSLVTISRDNSKNTLYLQMNSLRAEDTAMYYCVSNWASGSTGDYWGQGTLVTVSS,D:\InSynBio-AI-Research\Antibody_Engineer_Suite\data\vhh_master_predicted_structures\3b863f9341348a88ae5e9aff516af16a.pdb,Engineered_Human_VH,Atlas-24
Anti-EphA1 JD1-1 VH domain,EVQLVESGGGLVQPGRSLRLSCAASGFDIAYYSIGWVRRAPGKGEELVARIYPSSSSTSYADSVKGRFTISADTSKNTAYLQMNSLRAEDTAVYYCARWHYDYADWPGGYGMDYWGQGTLVTVSS,D:\InSynBio-AI-Research\Antibody_Engineer_Suite\data\vhh_master_predicted_structures\Anti-EphA1 JD1-1 VH domain.pdb,Engineered_Human_VH,Atlas-24
Structure of the Beta2_microglobulin involved in amyloidogenesis,QVQLQESGGGSVQAGGSLRLSCAASGYTDSRYCMAWFRQAPGKEREWVARINSGRDITYYADSVKGRFTFSQDNAKNTVYLQMDSLEPEDTATYYCATDIPLRCRDIVAKGGDGFRYWGQGTQVTVSS,D:\InSynBio-AI-Research\Antibody_Engineer_Suite\data\vhh_master_predicted_structures\Structure of the Beta2_microglobulin involved in amyloidogenesis.pdb,Engineered_Human_VH,Atlas-24
Anti-EphA1 JD1 VH domain,EVQLVESGGGLVQPGRSLRLSCAASGFDIDYYSIGWVRRAPGKGEELVARIYPSSSSTSYADSVKGRFTISADTSKNTAYLQMNSLRAEDTAVYYCARWHWAYSAWPGWYGMDYWGQGTLVTVSS,D:\InSynBio-AI-Research\Antibody_Engineer_Suite\data\vhh_master_predicted_structures\Anti-EphA1 JD1 VH domain.pdb,Engineered_Human_VH,Atlas-24
Crystal structure of a camelised human VH,QVQLVESGGGLVQPGGSLRLSCAASGFTFSSYAMSWFRQAPGKEREIVSAVSGSGGSTYYADSVRGRFTISRDNSKNTLYLQMNSLRAEDTAVYYCAREPRIPRPPSFDYWGQGTLVTVSS,D:\InSynBio-AI-Research\Antibody_Engineer_Suite\data\vhh_master_predicted_structures\Crystal structure of a camelised human VH.pdb,Engineered_Human_VH,Atlas-24
Crystal structure of Human RHOB-GTP in complex with nanobody B6,AVQLQASGGGFVQPGGSLRLSCAASGYGSTIETMGWFRQAPGKEREFVSAISRAPGPSQYYADSVKGRFTISRDNSKNTVYLQMNSLRAEDTATYYCAPINNRTMQDSMFLWNYWGQGTQVTVSSAAAENLYFQ,D:\InSynBio-AI-Research\Antibody_Engineer_Suite\data\vhh_master_predicted_structures\Crystal structure of Human RHOB-GTP in complex with nanobody B6.pdb,Engineered_Human_VH,Atlas-24
SARS CoV2 Spike ectodomain with engineered trimerized VH binder,EVQLVESGGGLVQPGGSLRLSCAASGFRIYSYYSYIGWVRRAPGKGEELVARIYPSSGYTYYADSVKGRFTISADTSKNTAYLQMNSLRAEDTAVYYCARWDFASPYYPGSSGLDYWGQGTLVTVSSGGGGTGGGGSGGGGSGGGGSEVQLVESGGGLVQPGGSLRLSCAASGFRIYSYYSYIGWVRRAPGKGEELVARIYPSSGYTYYADSVKGRFTISADTSKNTAYLQMNSLRAEDTAVYYCARWDFASPYYPGSSGLDYWGQGTLVTVSSGGGGSGGGGSGGGGSGGGGSEVQLVESGGGLVQPGGSLRLSCAASGFRIYSYYSYIGWVRRAPGKGEELVARIYPSSGYTYYADSVKGRFTISADTSKNTAYLQMNSLRAEDTAVYYCARWDFASPYYPGSSGLDYWGQGTLVTVSS,D:\InSynBio-AI-Research\Antibody_Engineer_Suite\data\vhh_master_predicted_structures\SARS CoV2 Spike ectodomain with engineered trimerized VH binder.pdb,Engineered_Human_VH,Atlas-24
Fujian capmidlink domain in complex with Nb8194,QVQLQESGGGLVQPGGSLRLSCAASGFTFSNYYMSWVRQAPGEGREWVSSINRDGSNTYYADSVKGRFTIARDNVKNTLYLLMDSLKSDDTAVYYCTKGSNWPYDNWGQGTQVTVSSHHHHHHEPEA,D:\InSynBio-AI-Research\Antibody_Engineer_Suite\data\vhh_master_predicted_structures\Fujian capmidlink domain in complex with Nb8194.pdb,Engineered_Human_VH,Atlas-24
"BACE2 xaperone complex with N-{3-[(9S)-7-amino-2,2-difluoro-9-(prop-1-yn-1-yl)-6-oxa-8-azaspiro[3.5]non-7-en-9-yl]-4-fluorophenyl}-5-cyanopyridine-2-carboxamide",AQVQLQESGGGLVQPGGSLRLSCAASGFTFSSAIMTWVRQAPGKGREWVSTIGSDGSITTYADSVKGRFTISRDNARNTLYLQMNSLKPEDTAVYYCTSAGRRGPGTQVTVSSH,D:\InSynBio-AI-Research\Antibody_Engineer_Suite\data\vhh_master_predicted_structures\583ab190c21e89bb96107fb01511a656.pdb,Engineered_Human_VH,Atlas-24
Structure of the extracellular domain of the CD40 in complex with 3H56-5 DAB,STEVQLLESGGGLVQPGGSLRLSCAASGFTFRDYEMWWVRQAPGKGLERVSAINPQGTRTYYADSVMGRFTISRDNSKNTLYLQMNSLRAEDTAVYYCAKLPFTFDDWGQGTLVTVSSAAA,D:\InSynBio-AI-Research\Antibody_Engineer_Suite\data\vhh_master_predicted_structures\Structure of the extracellular domain of the CD40 in complex with 3H56-5 DAB.pdb,Engineered_Human_VH,Atlas-24
"The state 2 complex structure of Omicron spike with Bn03 (2-up RBD, 4 nanobodies)",EVQLVESGGGLVQPGGSLRLSCAASDSSFYDYEMSWVRQVPGKTPEWIGSMYPSGRTYINPSLKSLVTISRDNSENMLYLQMNSLRAEDTAMYYCVSNWASGSTGDYWGQGTLVTVSSGGGGSGGGGSGGGGSGGGGS,"D:\InSynBio-AI-Research\Antibody_Engineer_Suite\data\vhh_master_predicted_structures\The state 2 complex structure of Omicron spike with Bn03 (2-up RBD, 4 nanobodies).pdb",Engineered_Human_VH,Atlas-24
Crystal structure of an engineered human autonomous VH Domain in complex with VEGF,EVQLVESGGGLVQPGGSLRLSCAASGFNIKDTYIGWVRRAPGKGEELVARIYPTNGYTRYADSVKGRFTISADTSKNTAYLQMNSLRAEDTAVYYCYYHYYGWHPGYGLSYSSGQGTLVTVSS,D:\InSynBio-AI-Research\Antibody_Engineer_Suite\data\vhh_master_predicted_structures\Crystal structure of an engineered human autonomous VH Domain in complex with VEGF.pdb,Engineered_Human_VH,Atlas-24
Structure of DDR2 DS domain in complex with VHH,MKYLLPTAAAGLLLLAAQPAMAEVQLQASGGGFVQPGGSLRLSCAASGSSSWLDGMGWFRQAPGKEREFVSAISGQDNYASYYADSVKGRFTISRDNSKNTVYLQMNSLRAEDTATYYCAPQRSIYQSHKPIYWGQGTQVTVSSAAAHHHHHH,D:\InSynBio-AI-Research\Antibody_Engineer_Suite\data\vhh_master_predicted_structures\Structure of DDR2 DS domain in complex with VHH.pdb,Engineered_Human_VH,Atlas-24
Crystal Structure of an Autonomous VH Domain,EVQLVESGGGLVQPGGSLRLSCAASGFNIKDTYIGWVRRAPGKGEEWVASIYPTNGYTRYADSVKGRFTISADTSKNTAYLQMNSLRAEDTAVYYCARWGGDGFYAMDYWGQGTLVTVSS,D:\InSynBio-AI-Research\Antibody_Engineer_Suite\data\vhh_master_predicted_structures\Crystal Structure of an Autonomous VH Domain.pdb,Engineered_Human_VH,Atlas-24
Crystal Structure of Human BCMA in complex with UniAb(TM) VH,EVQLVESGGGLVQPGGSLRLSCAASGFTVSSYGMSWVRQAPGKGPEWVSGIRGSDGSTYYADSVKGRFTISRDNSKNTLYLQMNSLRAEDTAVYYCAKQGENDGPFDHRGQGTLVTVS,D:\InSynBio-AI-Research\Antibody_Engineer_Suite\data\vhh_master_predicted_structures\Crystal Structure of Human BCMA in complex with UniAb(TM) VH.pdb,Engineered_Human_VH,Atlas-24
The crystal structure of single domain antibody 8-4 scaffold.,EVQLVESGGGLVQPGGSLRLSCAASGFTFSSYAMGWVRQAPGKGPEVVSLISGSGGSTWYDDSVKGRFTISRDNSKNTLYLQMNSLRAEDTAVYYCARHAPSTEAPDYWGQGTLVTVSSLEHHHHHH,D:\InSynBio-AI-Research\Antibody_Engineer_Suite\data\vhh_master_predicted_structures\The crystal structure of single domain antibody 8-4 scaffold..pdb,Engineered_Human_VH,Atlas-24
SARS-CoV-2 Omicron RBD in complex with Omi-9 Fab and nanobody F2,QVQLVESGGGVVQPGRSLRLSCAASGFTFRTYAVHWVRQAPGKGPEWVAVISYDGSNKYYADSVKGRFTLSRDTSKNTLYLQMNSLRAEDTAVYYCASRGDTVTTGDAFDIWGQGTMVTVSSASTKGPSVFPLAPSSKSTSGGTAALGCLVKDYFPEPVTVSWNSGALTSGVHTFPAVLQSSGLYSLSSVVTVPSSSLGTQTYICNVNHKPSNTKVDKRVEPKSCDK,D:\InSynBio-AI-Research\Antibody_Engineer_Suite\data\vhh_master_predicted_structures\SARS-CoV-2 Omicron RBD in complex with Omi-9 Fab and nanobody F2.pdb,Engineered_Human_VH,Atlas-24
Structure of the SARS-CoV-2 spike glycoprotein in complex with a human single domain antibody n3113.1 (UUU-state),EVQLVESGGGLVQPGGSLRLSCAASDSSFYDYEMSWVRQAPGKAQEWIGSMYPSGRTYINPSLKSLVTISRDNSKNTLYLQLNSLRAEDTAMYYCVSNWASGSTGDYWGQGTLVTVSS,D:\InSynBio-AI-Research\Antibody_Engineer_Suite\data\vhh_master_predicted_structures\057bbe4e1e46806fa6230f097f1de548.pdb,Engineered_Human_VH,Atlas-24
"BACE2 xaperone complex with N-{3-[(5R)-3-amino-5-methyl-9,9-dioxo-2,9lambda6-dithia-4-azaspiro[5.5]undec-3-en-5-yl]-4-fluorophenyl}-5-(fluoromethoxy)pyrazine-2-carboxamide",VQLQESGGGLVQPGGSLRLSCAASGFTFSSAIMTWVRQAPGKGREWVSTIGSDGSITTYADSVKGRFTISRDNARNTLYLQMNSLKPEDTAVYYCTSAGRRGPGTQVTVSS,D:\InSynBio-AI-Research\Antibody_Engineer_Suite\data\vhh_master_predicted_structures\15ae3b12a4179f7a5aa5d77d2f0af169.pdb,Engineered_Human_VH,Atlas-24
"BACE2 xaperone complex with N-{3-[(4R,5R,6R)-2-amino-5-fluoro-4,6-dimethyl-5,6-dihydro-4H-1,3-thiazin-4-yl]-4-fluorophenyl}-2H,3H-[1,4]dioxino[2,3-c]pyridine-7-carboxamide",AQVQLQESGGGLVQPGGSLRLSCAASGFTFSSAIMTWVRQAPGKGREWVSTIGSDGSITTYADSVKGRFTISRDNARNTLYLQMNSLKPEDTAVYYCTSAGRRGPGTQVTVSS,D:\InSynBio-AI-Research\Antibody_Engineer_Suite\data\vhh_master_predicted_structures\4c2dc39b8065159bfecf2b2156b145d7.pdb,Engineered_Human_VH,Atlas-24
"High-resolution structure of vWF A1 domain in complex with caplacizumab, the first nanobody-based medicine",MEVQLVESGGGLVQPGGSLRLSCAASGRTFSYNPMGWFRQAPGKGRELVAAISRTGGSTYYPDSVEGRFTISRDNAKRMVYLQMNSLRAEDTAVYYCAAAGVRAEDGRVRTLPSEYTFWGQGTQVTVSSLEHHHHHH,D:\InSynBio-AI-Research\Antibody_Engineer_Suite\data\vhh_master_predicted_structures\1a4fa7b57132629fbf0d70d88b347af1.pdb,Engineered_Human_VH,Atlas-24
"BACE2 xaperone complex with N-{3-[(5R)-3-amino-2,5-dimethyl-1,1-dioxo-5,6-dihydro-2H-1lambda6,2,4-thiadiazin-5-yl]-4-fluorophenyl}-5-fluoropyridine-2-carboxamide",QVQLQESGGGLVQPGGSLRLSCAASGFTFSSAIMTWVRQAPGKGREWVSTIGSDGSITTYADSVKGRFTISRDNARNTLYLQMNSLKPEDTAVYYCTSAGRRGPGTQVTVSS,D:\InSynBio-AI-Research\Antibody_Engineer_Suite\data\vhh_master_predicted_structures\52ffae21e04910d2a8537b811e2d43ff.pdb,Engineered_Human_VH,Atlas-24
Adalimumab_VH,EVQLVESGGGLVQPGRSLRLSCAASGFTFDDYAMHWVRQAPGKGLEWVSAITWNSGHIDYADSVEGRFTISRDNAKNSLYLQMNSLRAEDTAVYYCAKVSYLSTASSLDYWGQGTLVTVSS,D:\InSynBio-AI-Research\Antibody_Engineer_Suite\data\vhh_master_predicted_structures\Adalimumab_VH.pdb,Negative_Control_VH,Clinical_IgG_or_Germline
Trastuzumab_VH,EVQLVESGGGLVQPGGSLRLSCAASGFNIKDTYIHWVRQAPGKGLEWVARIYPTNGYTRYADSVKGRFTISADTSKNTAYLQMNSLRAEDTAVYYCSRWGGDGFYAMDYWGQGTLVTVSS,D:\InSynBio-AI-Research\Antibody_Engineer_Suite\data\vhh_master_predicted_structures\Trastuzumab_VH.pdb,Negative_Control_VH,Clinical_IgG_or_Germline
Pembrolizumab_VH,QVQLVQSGVEVKKPGASVKVSCKASGYTFTNYYMYWVRQAPGQGLEWMGGINPSNGGTNFNEKFKNRVTLTTDSSTTTAYMELKSLQFDDTAVYYCARRDYRFDMGFDYWGQGTTVTVSS,D:\InSynBio-AI-Research\Antibody_Engineer_Suite\data\vhh_master_predicted_structures\Pembrolizumab_VH.pdb,Negative_Control_VH,Clinical_IgG_or_Germline
Nivolumab_VH,QVQLVESGGGVVQPGRSLRLDCKASGITFSNSGMHWVRQAPGKGLEWVAVIWYDGSKRYYADSVKGRFTISRDNSKNTLFLQMNSLRAEDTAVYYCATNDDYWGQGTLVTVSS,D:\InSynBio-AI-Research\Antibody_Engineer_Suite\data\vhh_master_predicted_structures\Nivolumab_VH.pdb,Negative_Control_VH,Clinical_IgG_or_Germline
Rituximab_VH,QVQLQQPGAELVKPGASVKMSCKASGYTFTSYNMHWVKQTPGRGLEWIGAIYPGNGDTSYNQKFKGKATLTADKSSSTAYMQLSSLTSEDSAVYYCARSTYYGGDWYFNVWGAGTTVTVSA,D:\InSynBio-AI-Research\Antibody_Engineer_Suite\data\vhh_master_predicted_structures\Rituximab_VH.pdb,Negative_Control_VH,Clinical_IgG_or_Germline
Tislelizumab_VH,QVQLQESGPGLVKPSETLSLTCTVSGFSLTSYGVHWIRQPPGKGLEWIGVIYADGSTNYNPSLKSRVTISKDTSKNQVSLKLSSVTAADTAVYYCARAYGNYWYIDVWGQGTTVTVSS,D:\InSynBio-AI-Research\Antibody_Engineer_Suite\data\vhh_master_predicted_structures\Tislelizumab_VH.pdb,Negative_Control_VH,Clinical_IgG_or_Germline
Toripalimab_VH,QGQLVQSGAEVKKPGASVKVSCKASGYTFTDYEMHWVRQAPIHGLEWIGVIESETGGTAYNQKFKGRVTITADKSTSTAYMELSSLRSEDTAVYYCAREGITTVATTYYWYFDVWGQGTTVTVSS,D:\InSynBio-AI-Research\Antibody_Engineer_Suite\data\vhh_master_predicted_structures\Toripalimab_VH.pdb,Negative_Control_VH,Clinical_IgG_or_Germline
Camrelizumab_VH,EVQLVESGGGLVQPGGSLRLSCAASGFTFSSYMMSWVRQAPGKGLEWVASISSSGGSTYYADSVKGRFTISRDNSKNTLYLQMNSLRAEDTAVYYCARVEGYGNSNGMDVWGQGTMVTVSS,D:\InSynBio-AI-Research\Antibody_Engineer_Suite\data\vhh_master_predicted_structures\Camrelizumab_VH.pdb,Negative_Control_VH,Clinical_IgG_or_Germline
Mumab4d5_VH,EVQLVQSGAEVKKPGASVKVSCKASGYTFTSYNMHWVRQAPGQGLEWMGIINPSGGSTSYAQKFQGRVTMTRDTSTSTVYMELSSLRSEDTAVYYCARDQGSIRGFDYWGQGTLVTVSS,D:\InSynBio-AI-Research\Antibody_Engineer_Suite\data\vhh_master_predicted_structures\Mumab4d5_VH.pdb,Negative_Control_VH,Clinical_IgG_or_Germline
IGHV3-23_Germline,EVQLVESGGGLVQPGGSLRLSCAASGFTFSSYAMSWVRQAPGKGLEWVSAISGSGGSTYYADSVKGRFTISRDNAKNSLYLQMNSLRAEDTAVYYCAK,,Negative_Control_VH,Clinical_IgG_or_Germline
8hix_N,QVQLQESGGGLVQPGGSLRLSCAASGFTFSNYKMNWVRQAPGKGLEWVSDISQSGASISYTGSVKGRFTISRDNAKNTLYLQMNSLKPEDTAVYYCARCPAPFTRDCFDVTSTTYAYRGQGTQVTV,D:\InSynBio-AI-Research\Antibody_Engineer_Suite\data\vhh_master_predicted_structures\8hix_N.pdb,Autonomous_Human_VH,Database_A
7wy5_N,QVQLQESGGGLVQPGGSLRLSCAASGFTFSNYKMNWVRQAPGKGLEWVSDISQSGASISYTGSVKGRFTISRDNAKNTLYLQMNSLKPEDTAVYYCARCPAPFTRDCFDVTSTTYAYRGQGTQVTVSS,D:\InSynBio-AI-Research\Antibody_Engineer_Suite\data\vhh_master_predicted_structures\7wy5_N.pdb,Autonomous_Human_VH,Database_A
7xp4_N,QVQLQESGGGLVQPGGSLRLSCAASGFTFSNYKMNWVRQAPGKGLEWVSDISQSGASISYTGSVKGRFTISRDNAKNTLYLQMNSLKPEDTAVYYCARCPAPFTRDCFDVTSTTYAYRGQGTQVTVSS,D:\InSynBio-AI-Research\Antibody_Engineer_Suite\data\vhh_master_predicted_structures\7xp4_N.pdb,Autonomous_Human_VH,Database_A
8dlx_H,EVQLVESGGGVVQPGRSLRLSCAASGFTFSSYAMHWVRQAPGKGLEWIGNIYHDGSTFYNPSLKSLVTISRDDSTNTLYLQMNSLRAEDTAIYYCARVWLYGSGYMDVWGKGTLVTVSS,D:\InSynBio-AI-Research\Antibody_Engineer_Suite\data\vhh_master_predicted_structures\8dlx_H.pdb,Autonomous_Human_VH,Database_A
8di5_H,EVQLVESGGGLVQPGGSLRLSCAASDFDFYDYEMSWVRQAPGKALEWIGNIYYSGDTFYNPSLKSRVTISRDNSKNTLYLQMNSLRAEDTATYYCARVESGSGWLDFWGQGTLVTVSS,D:\InSynBio-AI-Research\Antibody_Engineer_Suite\data\vhh_master_predicted_structures\8di5_H.pdb,Autonomous_Human_VH,Database_A
7utz_N,QVQLQESGGGLVQPGGSLRLSCAASGFTFSNYKMNWVRQAPGKGLEWVSDISQSGASISYTGSVKGRFTISRDNAKNTLYLQMNSLKPEDTAVYYCARCPAPFTRDCFDVTSTTYAYRGQGTQVTVSS,D:\InSynBio-AI-Research\Antibody_Engineer_Suite\data\vhh_master_predicted_structures\7utz_N.pdb,Autonomous_Human_VH,Database_A
7vke_B,QVQLVESGGGVVQPGRSLRLSCAASGFTFSSYGMHWVRQAPGKEREWVAVISDDGSNKYYADSVKGRFTISRDNSKNTLYLQMNSLRVEDTAVYYCAKDRGTMRVVVYDTLDIWGQGTLVTVSS,D:\InSynBio-AI-Research\Antibody_Engineer_Suite\data\vhh_master_predicted_structures\7vke_B.pdb,Autonomous_Human_VH,Database_A
7xtp_C,EVQLVESGGGLVQPGGSLRLSCAISGFSISSTSIDWVRQAPGKGLEWVARISPSSGSTSYADSVKGRFTISADTSKNTVYLQMNSLRAEDTAVYYCGRVAKALNSRSPSFVVNTYSSIGFDYRGQGTLVTVSS,D:\InSynBio-AI-Research\Antibody_Engineer_Suite\data\vhh_master_predicted_structures\7xtp_C.pdb,Autonomous_Human_VH,Database_A
4u3x_A,EVQLLESGGGLVQPGGSLRLSCAASGFRFDAEDMGWVRQAPGKGLEWVSSIYGPSGSTYYADSVKGRFTISRDNSKNTLYLQMNSLRAEDTAVYYCAKYTSPPQNHGFDYWGQGTLVTVSS,D:\InSynBio-AI-Research\Antibody_Engineer_Suite\data\vhh_master_predicted_structures\4u3x_A.pdb,Autonomous_Human_VH,Database_A
7vnd_D,EVQLVESGGGLVQPGGSLRLSCAASDFSFYDYEMSWVRQAPGKALEWIGSMYHSGRTYINPSLKSLVTISRDNSKNTLYLQMNSLRAEDTAMYYCVSNWASGSTGDYWGQGTLVTVSS,D:\InSynBio-AI-Research\Antibody_Engineer_Suite\data\vhh_master_predicted_structures\7vnd_D.pdb,Autonomous_Human_VH,Database_A
7omn_A,EVQLVESGGGLVQPGRSLRLSCAASGFDIAYYSIGWVRRAPGKGEELVARIYPSSSSTSYADSVKGRFTISADTSKNTAYLQMNSLRAEDTAVYYCARWHYDYADWPGGYGMDYWGQGTLVTVSS,D:\InSynBio-AI-Research\Antibody_Engineer_Suite\data\vhh_master_predicted_structures\7omn_A.pdb,Autonomous_Human_VH,Database_A
7jkb_B,QVQLVESGGGLIKPGGSLRLSCAASGFTVSYESMGWVRQAPGKGLEWVSAISSSGGSTYYADSVKGRFTISRDNSKNTVYLQMNSLRAEDTAVYYCVTPERQCKQSTCYARPRYWGQGTMVTVSS,D:\InSynBio-AI-Research\Antibody_Engineer_Suite\data\vhh_master_predicted_structures\7jkb_B.pdb,Autonomous_Human_VH,Database_A
7jkb_A,EVQLLESGGGLVQPGGSLRLSCAASGFRISDEDMGWVRQAPGKGLEWVSSIYGPSGSTYYADSVKGRFTISRDNSKNTLYLQMNSLRAEDTAVYYCASALEPLSEPLGFWGQGTLVTVSS,D:\InSynBio-AI-Research\Antibody_Engineer_Suite\data\vhh_master_predicted_structures\7jkb_A.pdb,Autonomous_Human_VH,Database_A
3upc_A,QLLESGGGLVQPGGSLRLSCAASGFTFSDEDMSWVRQAPGKGLEWVSAISGSGGSTYYADSVKGRFTISRDNSKNTLYLQMNSLRAEDTAVYYCAKSYGAFDYWGQGTLVTVS,D:\InSynBio-AI-Research\Antibody_Engineer_Suite\data\vhh_master_predicted_structures\3upc_A.pdb,Autonomous_Human_VH,Database_A
7dv4_H,EVQLVESGGGLIQPGGSLRLSCAVSGFTVSKNYMSWVRQAPGKGLEWVSVVYSGGSKTYADSVKGRFTISRDNSKNTLYLQMNSLRAEDTAVYYCARAVPHSPSSFDIWGQGTMVTVSS,D:\InSynBio-AI-Research\Antibody_Engineer_Suite\data\vhh_master_predicted_structures\7dv4_H.pdb,Autonomous_Human_VH,Database_A
2x89_A,QVQLQESGGGSVQAGGSLRLSCAASGYTDSRYCMAWFRQAPGKEREWVARINSGRDITYYADSVKGRFTFSQDNAKNTVYLQMDSLEPEDTATYYCATDIPLRCRDIVAKGGDGFRYWGQGTQVTVSS,D:\InSynBio-AI-Research\Antibody_Engineer_Suite\data\vhh_master_predicted_structures\2x89_A.pdb,Autonomous_Human_VH,Database_A
7ooi_A,EVQLVESGGGLVQPGRSLRLSCAASGFDIDYYSIGWVRRAPGKGEELVARIYPSSSSTSYADSVKGRFTISADTSKNTAYLQMNSLRAEDTAVYYCARWHWAYSAWPGWYGMDYWGQGTLVTVSS,D:\InSynBio-AI-Research\Antibody_Engineer_Suite\data\vhh_master_predicted_structures\7ooi_A.pdb,Autonomous_Human_VH,Database_A
7zfb_J,QVQLVESGGGLIQPGGSLRLSCAASGITVSSNYMTWVRQAPGKGLEWVSLLYAGGSAFYADSVKGRFTISRDNSKNTLYLLMNSLRVGDTAVYYCARDLQVYGMDVWGQGTTVTVSS,D:\InSynBio-AI-Research\Antibody_Engineer_Suite\data\vhh_master_predicted_structures\7zfb_J.pdb,Autonomous_Human_VH,Database_A
1ol0_B,QVQLVESGGGLVQPGGSLRLSCAASGFTFSSYAMSWFRQAPGKEREIVSAVSGSGGSTYYADSVRGRFTISRDNSKNTLYLQMNSLRAEDTAVYYCAREPRIPRPPSFDYWGQGTLVTVSS,D:\InSynBio-AI-Research\Antibody_Engineer_Suite\data\vhh_master_predicted_structures\1ol0_B.pdb,Autonomous_Human_VH,Database_A
7zxu_H,EVQLLESGGGLVQPGGSLRLSCAASGLTVRSNYMNWVRQAPGKGLEWVSLIYSGGSTFYADSVKGRFTISRHDSKNTLYLQMNSLRAEDTAVYYCARDLVVYGMDVWGQGTTVTVSS,D:\InSynBio-AI-Research\Antibody_Engineer_Suite\data\vhh_master_predicted_structures\7zxu_H.pdb,Autonomous_Human_VH,Database_A
5n88_A,EVQLLESGGGLVQPGGSLRLSCAASGFTFSTFSMNWVRQAPGKGLEWVSYISRTSKTIYYADSVKGRFTISRDNSKNTLYLQMNSLRAEDTAVYYCARGGWALGDEIPSSFLEFDYWGQGTLVTVS,D:\InSynBio-AI-Research\Antibody_Engineer_Suite\data\vhh_master_predicted_structures\5n88_A.pdb,Autonomous_Human_VH,Database_A
6sge_D,AVQLQASGGGFVQPGGSLRLSCAASGYGSTIETMGWFRQAPGKEREFVSAISRAPGPSQYYADSVKGRFTISRDNSKNTVYLQMNSLRAEDTATYYCAPINNRTMQDSMFLWNYWGQGTQVTVSS,D:\InSynBio-AI-Research\Antibody_Engineer_Suite\data\vhh_master_predicted_structures\6sge_D.pdb,Autonomous_Human_VH,Database_A
7vuj_N,QVQLQESGGGLVQPGGSLRLSCAASGFTFSNYKMNWVRQAPGKGLEWVSDISQSGASISYTGSVKGRFTISRDNAKNTLYLQMNSLKPEDTAVYYCARCPAPFTRDCFDVTSTTYAYRGQGTQVTVSS,D:\InSynBio-AI-Research\Antibody_Engineer_Suite\data\vhh_master_predicted_structures\7vuj_N.pdb,Autonomous_Human_VH,Database_A
5fv2_A,EVQLLVSGGGLVQPGGSLRLSCAASGFTFKAYPMMWVRQAPGKGLEWVSEISPSGSYTYYADSVKGRFTISRDNSKNTLYLQMNSLRAEDTAVYYCAKDPRKLDYWGQGTLVTVSS,D:\InSynBio-AI-Research\Antibody_Engineer_Suite\data\vhh_master_predicted_structures\5fv2_A.pdb,Autonomous_Human_VH,Database_A
7jwb_D,EVQLVESGGGLVQPGGSLRLSCAASGFRIYSYYSYIGWVRRAPGKGEELVARIYPSSGYTYYADSVKGRFTISADTSKNTAYLQMNSLRAEDTAVYYCARWDFASPYYPGSSGLDYWGQGTLVTVSS,D:\InSynBio-AI-Research\Antibody_Engineer_Suite\data\vhh_master_predicted_structures\7jwb_D.pdb,Autonomous_Human_VH,Database_A
7ki1_N,QVQLQESGGGLVQPGGSLRLSCAASGFTFSNYKMNWVRQAPGKGLEWVSDISQSGASISYTGSVKGRFTISRDNAKNTLYLQMNSLKPEDTAVYYCARCPAPFTRDCFDVTSTTYAYRGQGTQVTVSS,D:\InSynBio-AI-Research\Antibody_Engineer_Suite\data\vhh_master_predicted_structures\7ki1_N.pdb,Autonomous_Human_VH,Database_A
7nfr_B,QVQLQESGGGLVQPGGSLRLSCAASGFTFSNYYMSWVRQAPGEGREWVSSINRDGSNTYYADSVKGRFTIARDNVKNTLYLLMDSLKSDDTAVYYCTKGSNWPYDNWGQGTQVTVSS,D:\InSynBio-AI-Research\Antibody_Engineer_Suite\data\vhh_master_predicted_structures\7nfr_B.pdb,Autonomous_Human_VH,Database_A
2vyr_E,EVQLLESGGGLVQPGGSLRLSCAASGFTFEEYAMLWVRQAPGKGLEWVSGINARGYTTYYADSVKGRFTISRDNSKNTLYLQMNSLRTEDTAVYYCAKPWYPFMASKGSEFDYWGQGTLVTVSS,D:\InSynBio-AI-Research\Antibody_Engineer_Suite\data\vhh_master_predicted_structures\2vyr_E.pdb,Autonomous_Human_VH,Database_A
7d5u_D,QVQLQESGGGLVQPGGSLRLSCAASGFTFSSAIMTWVRQAPGKGREWVSTIGSDGSITTYADSVKGRFTISRDNARNTLYLQMNSLKPEDTAVYYCTSAGRRGPGTQVTVSS,D:\InSynBio-AI-Research\Antibody_Engineer_Suite\data\vhh_master_predicted_structures\7d5u_D.pdb,Autonomous_Human_VH,Database_A
5dmj_E,EVQLLESGGGLVQPGGSLRLSCAASGFTFRDYEMWWVRQAPGKGLERVSAINPQGTRTYYADSVMGRFTISRDNSKNTLYLQMNSLRAEDTAVYYCAKLPFTFDDWGQGTLVTVSS,D:\InSynBio-AI-Research\Antibody_Engineer_Suite\data\vhh_master_predicted_structures\5dmj_E.pdb,Autonomous_Human_VH,Database_A
7m74_H,EVQLVESGGGLVQPGGSLRLSCAASGFNIYYYSIHWVRQAPGKGLEWVASIYPYSGSTSYADSVKGRFTISADTSKNTAYLQMNSLRAEDTAVYYCARYYPYFISYYSKMEAMDYWGQGTLVTVSS,D:\InSynBio-AI-Research\Antibody_Engineer_Suite\data\vhh_master_predicted_structures\7m74_H.pdb,Autonomous_Human_VH,Database_A
7whi_D,EVQLVESGGGLVQPGGSLRLSCAASDSSFYDYEMSWVRQVPGKTPEWIGSMYPSGRTYINPSLKSLVTISRDNSENMLYLQMNSLRAEDTAMYYCVSNWASGSTGDYWGQGTLVTVSS,D:\InSynBio-AI-Research\Antibody_Engineer_Suite\data\vhh_master_predicted_structures\7whi_D.pdb,Autonomous_Human_VH,Database_A
7whi_G,EVQLVESGGGLVQPGGSLRLSCAASDFYFDYYEMSWVRQAPGQGLEWVSTISGLGGATYYADSVKGRFTISRDNSKNTLYLQMNSLRAEDTALYYCATRSPFGDYAFSYWGQGTLVTVSS,D:\InSynBio-AI-Research\Antibody_Engineer_Suite\data\vhh_master_predicted_structures\7whi_G.pdb,Autonomous_Human_VH,Database_A
3p9w_F,EVQLVESGGGLVQPGGSLRLSCAASGFNIKDTYIGWVRRAPGKGEELVARIYPTNGYTRYADSVKGRFTISADTSKNTAYLQMNSLRAEDTAVYYCYYHYYGWHPGYGLSYSSGQGTLVTVSS,D:\InSynBio-AI-Research\Antibody_Engineer_Suite\data\vhh_master_predicted_structures\3p9w_F.pdb,Autonomous_Human_VH,Database_A
7azb_B,EVQLQASGGGFVQPGGSLRLSCAASGSSSWLDGMGWFRQAPGKEREFVSAISGQDNYASYYADSVKGRFTISRDNSKNTVYLQMNSLRAEDTATYYCAPQRSIYQSHKPIYWGQGTQVTVSS,D:\InSynBio-AI-Research\Antibody_Engineer_Suite\data\vhh_master_predicted_structures\7azb_B.pdb,Autonomous_Human_VH,Database_A
3b9v_A,EVQLVESGGGLVQPGGSLRLSCAASGFNIKDTYIGWVRRAPGKGEEWVASIYPTNGYTRYADSVKGRFTISADTSKNTAYLQMNSLRAEDTAVYYCARWGGDGFYAMDYWGQGTLVTVSS,D:\InSynBio-AI-Research\Antibody_Engineer_Suite\data\vhh_master_predicted_structures\3b9v_A.pdb,Autonomous_Human_VH,Database_A
7d8b_B,EVQLVESGGGLVQPGGSLRLSSAISGFSISSTSIDWVRQAPGKGLEWVARISPSSGSTSYADSVKGRFTISADTSKNTVYLQMNSLRAEDTAVYYTGRVAKALNSRSPSFVVNTYSSIGFDYRGQGTLVTVSS,D:\InSynBio-AI-Research\Antibody_Engineer_Suite\data\vhh_master_predicted_structures\7d8b_B.pdb,Autonomous_Human_VH,Database_A
1ohq_B,EVQLLESGGGLVQPGGSLRLSCAASGFRISDEDMGWVRQAPGKGLEWVSSIYGPSGSTYYADSVKGRFTISRDNSKNTLYLQMNSLRAEDTAVYYCASALEPLSEPLGFWGQGTLVTVSS,D:\InSynBio-AI-Research\Antibody_Engineer_Suite\data\vhh_master_predicted_structures\1ohq_B.pdb,Autonomous_Human_VH,Database_A
4kfz_D,EVQLLESGGGLVQPGGSLRLSCAASGFSFSHSPMNWVRQAPGKGLEWVSYISYNSSSIYYADSVKGRFTISRDNSKNTLYLQMNSLRAEDTAVYYCARGLTESLELTADWFDYWGQGTLVTVSS,D:\InSynBio-AI-Research\Antibody_Engineer_Suite\data\vhh_master_predicted_structures\4kfz_D.pdb,Autonomous_Human_VH,Database_A
5tsj_1,EVQLLESGGGLVQPGGSLRLSCAASGFTFSTYMMSWVRQAPGKGLEWVSSIEGSGSKTYYADSVKGRFTISRDNSKNTLYLQMNSLRAEDTAVYYCAKRDSSFGFDYWGQGTLVTVSS,D:\InSynBio-AI-Research\Antibody_Engineer_Suite\data\vhh_master_predicted_structures\5tsj_1.pdb,Autonomous_Human_VH,Database_A
5whz_H,EVRLVESGGGLVKPGGSLRLSCSASGFDFDNAWMTWVRQPPGKGLEWVGRITGPGEGWSVDYAESVKGRFTISRDNTKNTLYLEMNNVRTEDTGYYFCARTGKYYDFWSGYPPGEEYFQDWGQGTLVIVSS,D:\InSynBio-AI-Research\Antibody_Engineer_Suite\data\vhh_master_predicted_structures\5whz_H.pdb,Autonomous_Human_VH,Database_A
3qyc_A,QVQLVESGGGLIKPGGSLRLSCAASGVRLSAYDMAWVRQAPGKGLEWVSAISSSGGSTYYADSVKGRFTISRDNSKNTVYLQMNSLRAEDTAVYYCVTLPDLCPGDNCTYPDASWGQGTMVTVSS,D:\InSynBio-AI-Research\Antibody_Engineer_Suite\data\vhh_master_predicted_structures\3qyc_A.pdb,Autonomous_Human_VH,Database_A
6j7w_B,EVQLVESGGGLVQPGGSLRLSCAASGFTVSSYGMSWVRQAPGKGPEWVSGIRGSDGSTYYADSVKGRFTISRDNSKNTLYLQMNSLRAEDTAVYYCAKQGENDGPFDHRGQGTLVTVS,D:\InSynBio-AI-Research\Antibody_Engineer_Suite\data\vhh_master_predicted_structures\6j7w_B.pdb,Autonomous_Human_VH,Database_A
6o89_H,QVQLVQSGAEVVKPGASVKVSCKASGYTFTSYYIHWVRQAPGQGLEWIGSIYPGNVNTNYAQKFQGRATLTVDTSISTAYMELSRLRSDDTAVYYCTRSHYGLDWNFDVWGKGTTVTVSS,D:\InSynBio-AI-Research\Antibody_Engineer_Suite\data\vhh_master_predicted_structures\6o89_H.pdb,Autonomous_Human_VH,Database_A
3zhd_B,EVQLVESGGGLVQPGGSLRLSCAASGFTFSSYAMGWVRQAPGKGPEVVSLISGSGGSTWYDDSVKGRFTISRDNSKNTLYLQMNSLRAEDTAVYYCARHAPSTEAPDYWGQGTLVTVSS,D:\InSynBio-AI-Research\Antibody_Engineer_Suite\data\vhh_master_predicted_structures\3zhd_B.pdb,Autonomous_Human_VH,Database_A
7obf_A,EVQLLESGGGLVQPGGSLRLSCAASGFRISDEDMGWVRQAPGKGLEWVSSIYGPSGSTYYADSVKGRFTISRDNSKNTLYLQMNSLRAEDTAVYYCASALEPLSEPLGFWGQGTLVTVSS,D:\InSynBio-AI-Research\Antibody_Engineer_Suite\data\vhh_master_predicted_structures\7obf_A.pdb,Autonomous_Human_VH,Database_A
7zf4_H,QVQLVESGGGVVQPGRSLRLSCAASGFTFRTYAVHWVRQAPGKGPEWVAVISYDGSNKYYADSVKGRFTLSRDTSKNTLYLQMNSLRAEDTAVYYCASRGDTVTTGDAFDIWGQGTMVTVSS,D:\InSynBio-AI-Research\Antibody_Engineer_Suite\data\vhh_master_predicted_structures\7zf4_H.pdb,Autonomous_Human_VH,Database_A
7vne_U,EVQLVESGGGLVQPGGSLRLSCAASDSSFYDYEMSWVRQAPGKAQEWIGSMYPSGRTYINPSLKSLVTISRDNSKNTLYLQLNSLRAEDTAMYYCVSNWASGSTGDYWGQGTLVTVSS,D:\InSynBio-AI-Research\Antibody_Engineer_Suite\data\vhh_master_predicted_structures\7vne_U.pdb,Autonomous_Human_VH,Database_A
6jsz_D,VQLQESGGGLVQPGGSLRLSCAASGFTFSSAIMTWVRQAPGKGREWVSTIGSDGSITTYADSVKGRFTISRDNARNTLYLQMNSLKPEDTAVYYCTSAGRRGPGTQVTVSS,D:\InSynBio-AI-Research\Antibody_Engineer_Suite\data\vhh_master_predicted_structures\6jsz_D.pdb,Autonomous_Human_VH,Database_A
7kn6_H,QVQLVESGGGLIQPGGSLRLSCAASGFTVSSNYMSWVRQAPGKGLEWVSVIYSGGSTFYADSVKGRFTISRDNSKSTLYLQMNSLRVEDTAVYYCARDFGDFYFDYWGQGTLVTVSS,D:\InSynBio-AI-Research\Antibody_Engineer_Suite\data\vhh_master_predicted_structures\7kn6_H.pdb,Autonomous_Human_VH,Database_A
6zcz_H,EVQLVESGGGVVQPGRSLRLSCAASAFTFSSYDMHWVRQAPGKGLEWVAVISYDGSNKYYADSVKGRFTISRDNSKNTLYLQMNSLRAEDTAVYYCAKDGGKLWVYYFDYWGQGTLVTVSS,D:\InSynBio-AI-Research\Antibody_Engineer_Suite\data\vhh_master_predicted_structures\6zcz_H.pdb,Autonomous_Human_VH,Database_A
7f1g_D,QVQLQESGGGLVQPGGSLRLSCAASGFTFSSAIMTWVRQAPGKGREWVSTIGSDGSITTYADSVKGRFTISRDNARNTLYLQMNSLKPEDTAVYYCTSAGRRGPGTQVTVSS,D:\InSynBio-AI-Research\Antibody_Engineer_Suite\data\vhh_master_predicted_structures\7f1g_D.pdb,Autonomous_Human_VH,Database_A
7eow_B,EVQLVESGGGLVQPGGSLRLSCAASGRTFSYNPMGWFRQAPGKGRELVAAISRTGGSTYYPDSVEGRFTISRDNAKRMVYLQMNSLRAEDTAVYYCAAAGVRAEDGRVRTLPSEYTFWGQGTQVTVSS,D:\InSynBio-AI-Research\Antibody_Engineer_Suite\data\vhh_master_predicted_structures\7eow_B.pdb,Autonomous_Human_VH,Database_A
7d6y_B,EVQLVESGGGLVQPGGSLRLSSAISGFSISSTSIDWVRQAPGKGLEWVARISPSSGSTSYADSVKGRFTISADTSKNTVYLQMNSLRAEDTAVYYTGRVAKDLNSSSPSFVVNTYSSFGFDYRGQGTLVTVSS,D:\InSynBio-AI-Research\Antibody_Engineer_Suite\data\vhh_master_predicted_structures\7d6y_B.pdb,Autonomous_Human_VH,Database_A
5m2j_D,QVQLVESGGGLVQPGGSLRLSCAASGFTFSNYWMYWVRQAPGKGLEWVSEINTNGLITKYPDSVKGRFTISRDNAKNTLYLQMNSLKPEDTALYYCARSPSGFNRGQGTQVTVSS,D:\InSynBio-AI-Research\Antibody_Engineer_Suite\data\vhh_master_predicted_structures\5m2j_D.pdb,Autonomous_Human_VH,Database_A
1t2j_A,QVQLQESGGGLVQPGGSLRLSCAASGFTFSNSAMSWVRQAPGKGLEWVSSISGSGGNTYSADSVKGRFTISRDNAKNSLYLQMNSLRAEDTAVYYCARDWYGMDVWGQGTTVTVSS,D:\InSynBio-AI-Research\Antibody_Engineer_Suite\data\vhh_master_predicted_structures\1t2j_A.pdb,Autonomous_Human_VH,Database_A
7d5b_D,QVQLQESGGGLVQPGGSLRLSCAASGFTFSSAIMTWVRQAPGKGREWVSTIGSDGSITTYADSVKGRFTISRDNARNTLYLQMNSLKPEDTAVYYCTSAGRRGPGTQVTVSS,D:\InSynBio-AI-Research\Antibody_Engineer_Suite\data\vhh_master_predicted_structures\7d5b_D.pdb,Autonomous_Human_VH,Database_A
