cohort_id,pdb,chain,entry_name,target,heavy_species,engineered,germline_family,germline_best_match,germline_identity,v_seq_hash,CDR1_len,CDR2_len,CDR3_len,cdr3_len_kabat,k37,k44,k45,k47,k18,k50,k68,k89,k94,hallmark_motif_db,hm_recomputed
autonomous_human_vh_v1_0_2026-05-14,8hix,N,GPR21_m5_Gs,guanine nucleotide-binding protein g(s) subunit alphaisoforms short  | guanine nucleotide-binding protein g(i)/g(s)/g(t) subunitbeta-1,homo sapiens,True,IGHV3,IGHV3-23,0.8367,90dc4e3d7b0c,10,17,19,19,V,G,L,W,L,D,T,V,R,VGLW,VGLW
autonomous_human_vh_v1_0_2026-05-14,7wy5,N,ADGRL3/Gq complex,engineered mini g alpha q subunit | guanine nucleotide-binding protein g(i)/g(s)/g(t) subunitbeta-1,homo sapiens,True,IGHV3,IGHV3-23,0.8367,a02c374db11e,10,17,19,19,V,G,L,W,L,D,T,V,R,VGLW,VGLW
autonomous_human_vh_v1_0_2026-05-14,8dlx,H,Cryo-EM structure of SARS-CoV-2 Epsilon (B.1.429) spike protein in complex with VH ab6,spike glycoprotein | spike glycoprotein,homo sapiens,True,IGHV3,IGHV3-7,0.5258,e499106f547d,10,16,11,11,V,G,L,W,L,N,T,I,R,VGLW,VGLW
autonomous_human_vh_v1_0_2026-05-14,8di5,H,Cryo-EM structure of SARS-CoV-2 Beta (B.1.351) spike protein in complex with VH domain F6 (focused refinement of RBD and VH F6),spike glycoprotein,homo sapiens,True,IGHV3,IGHV3-7,0.4742,3984faea28cb,10,16,10,10,V,A,L,W,L,N,T,T,R,VALW,VALW
autonomous_human_vh_v1_0_2026-05-14,7xtp,C,eIF4E in Complex with a Disulphide-Free Autonomous VH Domain,eukaryotic translation initiation factor 4e,homo sapiens,True,IGHV3,IGHV3-23,0.8163,27d96b306125,10,17,24,24,V,G,L,W,L,R,T,V,R,VGLW,VGLW
autonomous_human_vh_v1_0_2026-05-14,4u3x,A,Structure of a human VH antibody domain binding to the cleft of hen egg lysozyme,lysozyme c,homo sapiens,True,IGHV3,IGHV3-23,0.898,50b95d3277ab,10,17,12,12,V,G,L,W,L,S,T,V,K,VGLW,VGLW
autonomous_human_vh_v1_0_2026-05-14,7vnd,D,"Structure of the SARS-CoV-2 spike glycoprotein in complex with a human single domain antibody n3113 (UUD-state, state 2)",spike glycoprotein,homo sapiens,True,IGHV3,IGHV3-23,0.4433,18d5179d4ad0,10,16,10,10,V,A,L,W,L,S,T,M,S,VALW,VALW
autonomous_human_vh_v1_0_2026-05-14,7omn,A,Anti-EphA1 JD1-1 VH domain,NA,homo sapiens,True,IGHV3,IGHV3-66,0.7959,81a53beb27e5,10,17,16,16,V,G,E,L,L,R,T,V,R,VGEL,VGEL
autonomous_human_vh_v1_0_2026-05-14,7jkb,B,2xVH Fab,NA,homo sapiens,True,IGHV3,IGHV3-23,0.8673,24d732a69185,10,17,16,16,V,G,L,W,L,A,T,V,T,VGLW,VGLW
autonomous_human_vh_v1_0_2026-05-14,7jkb,A,2xVH Fab,NA,homo sapiens,True,IGHV3,IGHV3-23,0.8878,8e2004922440,10,17,11,11,V,G,L,W,L,S,T,V,S,VGLW,VGLW
autonomous_human_vh_v1_0_2026-05-14,3upc,A,A general strategy for the generation of human antibody variable domains with increased aggregation resistance,NA,homo sapiens,True,IGHV3,IGHV3-23,0.0729,fb65651bd9c8,10,17,7,7,V,G,L,W,L,A,T,V,K,VGLW,VGLW
autonomous_human_vh_v1_0_2026-05-14,7dv4,H,Crystal structure of anti-CTLA-4 VH domain in complex with human CTLA-4,cytotoxic t-lymphocyte protein 4,homo sapiens,True,IGHV3,IGHV3-66,0.4845,5d3abb5ddb59,10,16,11,11,V,G,L,W,L,V,T,V,R,VGLW,VGLW
autonomous_human_vh_v1_0_2026-05-14,7ooi,A,Anti-EphA1 JD1 VH domain,NA,homo sapiens,True,IGHV3,IGHV3-66,0.7959,dbcc400af022,10,17,16,16,V,G,E,L,L,R,T,V,R,VGEL,VGEL
autonomous_human_vh_v1_0_2026-05-14,5n88,A,Crystal structure of antibody bound to viral protein,pc4 and sfrs1-interacting protein,homo sapiens,True,IGHV3,IGHV3-23,0.8776,43ab299a62a7,10,17,18,18,V,G,L,W,L,Y,T,V,R,VGLW,VGLW
autonomous_human_vh_v1_0_2026-05-14,5fv2,A,Crystal structure of hVEGF in complex with VH domain antibody,vascular endothelial growth factor,homo sapiens,True,IGHV3,IGHV3-23,0.9082,7feedf72f68e,10,17,7,7,V,G,L,W,L,E,T,V,K,VGLW,VGLW
autonomous_human_vh_v1_0_2026-05-14,7jwb,D,SARS CoV2 Spike ectodomain with engineered trimerized VH binder,spike glycoprotein | spike glycoprotein,homo sapiens,True,IGHV3,IGHV3-7,0.3265,667b650f9803,12,17,16,16,V,G,E,L,L,R,T,V,R,VGEL,VGEL
autonomous_human_vh_v1_0_2026-05-14,7nfr,B,Fujian capmidlink domain in complex with Nb8194,polymerase basic protein 2,homo sapiens,True,IGHV3,IGHV3-66,0.8061,1f186e021a84,10,17,8,8,V,G,R,W,L,S,T,V,K,VGRW,VGRW
autonomous_human_vh_v1_0_2026-05-14,2vyr,E,Structure of human MDM4 N-terminal domain bound to a single domain  antibody,mdm4 protein,homo sapiens,True,IGHV3,IGHV3-23,0.898,8a0127097787,10,17,15,15,V,G,L,W,L,G,T,V,K,VGLW,VGLW
autonomous_human_vh_v1_0_2026-05-14,5dmj,E,Structure of the extracellular domain of the CD40 in complex with 3H56-5 DAB,tumor necrosis factor receptor superfamily member 5,homo sapiens,True,IGHV3,IGHV3-23,0.8878,79daa0a8be00,10,17,7,7,V,G,L,R,L,A,T,V,K,VGLR,VGLR
autonomous_human_vh_v1_0_2026-05-14,7m74,H,ATP-bound AMP-activated protein kinase,5'-amp-activated protein kinase catalytic subunit alpha-1,homo sapiens,True,IGHV3,IGHV3-66,0.8163,c200335b5041,10,17,17,17,V,G,L,W,L,S,T,V,R,VGLW,VGLW
autonomous_human_vh_v1_0_2026-05-14,7whi,D,"The state 2 complex structure of Omicron spike with Bn03 (2-up RBD, 4 nanobodies)",spike glycoprotein,homo sapiens,True,IGHV3,IGHV3-23,0.4124,e558473887b6,10,16,10,10,V,T,P,W,L,S,T,M,S,VTPW,VTPW
autonomous_human_vh_v1_0_2026-05-14,7whi,G,"The state 2 complex structure of Omicron spike with Bn03 (2-up RBD, 4 nanobodies)",spike glycoprotein,homo sapiens,True,IGHV3,IGHV3-23,0.8776,f621d761e0b5,10,17,11,11,V,G,L,W,L,T,T,L,T,VGLW,VGLW
autonomous_human_vh_v1_0_2026-05-14,3p9w,F,Crystal structure of an engineered human autonomous VH Domain in complex with VEGF,vascular endothelial growth factor a,homo sapiens,True,IGHV3,IGHV3-23,0.7449,e4f3e2cbd408,10,17,14,14,V,G,E,L,L,R,T,V,Y,VGEL,VGEL
autonomous_human_vh_v1_0_2026-05-14,3b9v,A,Crystal Structure of an Autonomous VH Domain,NA,homo sapiens,True,IGHV3,IGHV3-23,0.7653,bfa62117d184,10,17,11,11,V,G,E,W,L,S,T,V,R,VGEW,VGEW
autonomous_human_vh_v1_0_2026-05-14,7d8b,B,Engineering Disulphide-Free Autonomous Antibody VH Domains to modulate intracellular pathways,eukaryotic translation initiation factor 4e,homo sapiens,True,IGHV3,IGHV3-23,0.7959,0b3d8e5159d4,10,17,24,24,V,G,L,W,L,R,T,V,R,VGLW,VGLW
autonomous_human_vh_v1_0_2026-05-14,4kfz,D,Crystal structure of LMO2 and anti-LMO2 VH complex,lmo-2,homo sapiens,True,IGHV3,IGHV3-23,0.8776,52a49469718a,10,17,15,15,V,G,L,W,L,Y,T,V,R,VGLW,VGLW
autonomous_human_vh_v1_0_2026-05-14,5tsj,1,Thermus thermophilus V/A-ATPase bound to VH dAbs,v-type atpase subunit g | v-type atp synthase subunit e,homo sapiens,True,IGHV3,IGHV3-23,0.9388,5376ab40ef60,10,17,9,9,V,G,L,W,L,S,T,V,K,VGLW,VGLW
autonomous_human_vh_v1_0_2026-05-14,5whz,H,PGDM1400-10E8v4 CODV Fab,NA,homo sapiens,True,IGHV3,IGHV3-66,0.449,bd1bd83cfc7b,10,19,20,20,V,G,L,W,L,R,T,Y,R,VGLW,VGLW
autonomous_human_vh_v1_0_2026-05-14,3qyc,A,Structure of a dimeric anti-HER2 single domain antibody,NA,homo sapiens,True,IGHV3,IGHV3-23,0.8571,0d85fc236976,10,17,16,16,V,G,L,W,L,A,T,V,T,VGLW,VGLW
autonomous_human_vh_v1_0_2026-05-14,6j7w,B,Crystal Structure of Human BCMA in complex with UniAb(TM) VH,tumor necrosis factor receptor superfamily member 17,homo sapiens,True,IGHV3,IGHV3-23,0.9286,14f2a02dca04,10,17,10,10,V,G,P,W,L,G,T,V,K,VGPW,VGPW
autonomous_human_vh_v1_0_2026-05-14,6o89,H,Anti-CD28xCD3 CODV Fab,NA,homo sapiens,True,IGHV3,IGHV1-69,0.7755,47704d69659f,10,17,11,11,V,G,L,W,V,S,T,V,R,VGLW,VGLW
autonomous_human_vh_v1_0_2026-05-14,3zhd,B,The crystal structure of single domain antibody 8-4 scaffold.,NA,homo sapiens,True,IGHV3,IGHV3-23,0.9184,37199a4a784f,10,17,10,10,V,G,P,V,L,L,T,V,R,VGPV,VGPV
autonomous_human_vh_v1_0_2026-05-14,7vne,U,Structure of the SARS-CoV-2 spike glycoprotein in complex with a human single domain antibody n3113.1 (UUU-state),spike glycoprotein,homo sapiens,True,IGHV3,IGHV3-23,0.4227,5ab293a75252,10,16,10,10,V,A,Q,W,L,S,T,M,S,VAQW,VAQW
autonomous_human_vh_v1_0_2026-05-14,7n4n,D,BACE-2 in complex with ligand 36,beta-secretase 2,homo sapiens,True,IGHV3,IGHV3-66,0.8367,0015512de3fb,10,17,3,3,V,G,R,W,L,T,T,V,S,VGRW,VGRW
autonomous_human_vh_v1_0_2026-05-14,7d6y,B,eIF4E in Complex with a Disulphide-Free Autonomous VH Domain,eukaryotic translation initiation factor 4e,homo sapiens,True,IGHV3,IGHV3-23,0.7959,65723da407ba,10,17,24,24,V,G,L,W,L,R,T,V,R,VGLW,VGLW
autonomous_human_vh_v1_0_2026-05-14,1t2j,A,Crystal structure of a Human VH domain,NA,homo sapiens,True,IGHV3,IGHV3-23,0.898,26fcd1b35fdf,10,17,7,7,V,G,L,W,L,S,T,V,R,VGLW,VGLW
