Name,Sequence,Target,Clinical_Phase,CDR3_Length_aa,CDR2_Fold,Classification,Human_Identity_pct,In_Paper_Table1
131I-GMIB-Anti-HER2-VHH1,EVQLVESGGGLVQPGGSLRLSCAASGFTFSSYAMSWVRQAPGKGLEWVSAISGSGGSTYYADSVKGRFTISRDNAKNTLYLQMNSLRAEDTAVYYCAAYDIYGDGAMDYWGQGTLVTVSS,HER2,Phase 1,,,,,N
68-GaNOTA-Anti-HER2 VHH1,EVQLVESGGGLVQPGGSLRLSCAASGFTFSSYAMSWVRQAPGKGLEWVSAISGSGGSTYYADSVKGRFTISRDNAKNTLYLQMNSLRAEDTAVYYCAAYDIYGDGAMDYWGQGTLVTVSS,,Phase 2,,,,,N
ALX-0171,DVQLVESGGGLVQAGGSLSISCAASGGSLSNYVLGWFRQAPGKEREFVAAINWRGDITIGPPNVEGRFTISRDNAKNTGYLQMNSLAPDDTAVYYCGAGTPLNPGAYIYDWSYDYWGRGTQVTVSS,RSV_F,Phase 2b,,,,,N
Brivekimig1,DVQLVESGGGVVQPGGSLRLSCAASGRTFSSIYAKGWFRQAPGKEREFVAAISRSGRSTSYADSVKGRFTISRDNSKNTVYLQMNSLRPEDTALYYCAAVGGATTVTASEWDYWGQGTLVTVSS,TNF x OX40L,Phase 2,16,H2-10-1,Class 2,85.0,Y
Brivekimig2,EVQLVESGGGVVQPGGSLRLSCAASGFTFRSFGMSWVRQAPGKGPEWVSSISGSGSDTLYADSVKGRFTISRDNSKNTLYLQMNSLRPEDTALYYCTIGGSLSRSSQGTLVTVSS,TNF x OX40L,Phase 2,8,H2-10-1,Class 1,92.5,Y
CD20 VHH CAR-T,EVQLVESGGGLVQPGGSLRLSCAASGFTFSSYAMSWVRQAPGKGLEWVSAISGSGGSTYYADSVKGRFTISRDNAKNTLYLQMNSLRAEDTAVYYCAAYDIYGDGAMDYWGQGTLVTVSS,,Phase 1/2,,,,,N
CD33 VHH CAR-T,EVQLVESGGGLVQPGGSLRLSCAASGFTFSSYAMSWVRQAPGKGLEWVSAISGSGGSTYYADSVKGRFTISRDNAKNTLYLQMNSLRAEDTAVYYCAAYDIYGDGAMDYWGQGTLVTVSS,,Preclinical/Phase 1,,,,,N
Caplacizumab,EVQLVESGGGLVQPGGSLRLSCAASGRTFSYNPMGWFRQAPGKGRELVAAISRTGGSTYYPDSVEGRFTISRDNAKRMVYLQMNSLRAEDTAVYYCAAAGVRAEDGRVRTLPSEYTFWGQGTQVTVSS,vWF,Approved (EU/US),21,H2-10-1,Class 3,87.5,Y
Ciltacabtagene autoleucel (cilta-cel),QVKLEESGGGLVQAGRSLRLSCAASEHTFSSHVMGWFRQAPGKERESVAVIGWRDISTSYADSVKGRFTISRDNAKKTLYLQMNSLKPEDTAVYYCAARRIDAADFDSWGQGTQVTVSS,,Approved,,,,,N
Enristomig,EVQLLESGGGEVQPGGSLRLSCAASGGIFAIKPISWYRQAPGKQREWVSTTTSSGATNYAESVKGRFTISRDNAKNTLYLQMSSLRAEDTAVYYCNVFEYWGQGTLVTVKP,PD-L1 x 4-1BB,Phase 1/2,5,H2-9-1,Class 1,87.5,Y
Envafolimab,QVQLVESGGGLVQPGGSLRLSCAASGKMSSRRCMAWFRQAPGKERERVAKLLTTSGSTYLADSVKGRFTISRDNSKNTVYLQMNSLRAEDTAVYYCAADSFEDPTCTLVTSSGAFQYWGQGTLVTVSS,PD-L1,Approved (CN) / Disc (US),21,H2-10-1,Class 2,88.8,Y
Erfonrilimab,QVQLVESGGGLVQPGGSLRLSCAASGKMSSRRCMAWFRQAPGKERERVAKLLTTSGSTYLADSVKGRFTISRDNSKNTVYLQMNSLRAEDTAVYYCAADSFEDPTCTLVTSSGAFQYWGQGTLVTVSS,PD-L1 x CTLA-4,Phase 2,21,H2-10-1,Class 2,88.8,Y
Gefurulimab,EVQLVESGGGLVKPGGSLRLSCAASGRPVSNYAAAWFRQAPGKEREFVSAINWQKTATYADSVKGRFTISRDNAKNSLYLQMNSLRAEDTAVYYCAAVFRVVAPKTQYDYDYWGQGTLVTVSS,C5 x HSA,Phase 3,17,H2-9-1,Class 2,90.0,Y
Gocatamig1,EVQLVESGGGLVQPGGSLKLSCAASGFTFNKYAINWVRQAPGKGLEWVARIRSKYNNYATYYADQVKDRFTISRDDSKNTAYLQMNNLKTEDTAVYYCVRHANFGNSYISYWAYWGQGTLVTVSS,,Phase I/II,,,,,N
Gocatamig2,EVQLVESGGGLVQPGGSLTLSCAASSSSVSLLSLAWYRQAPGKKRELVAGISDDGSIVYMDSVKGRFTISRDNAKNSVYLQMNSLRAEDTAVYYCYAYSWITRSPYWGQGTLVTVSS,DLL3/CD3?,Phase 1,11,H2-9-1,Class 3,86.2,Y
Gontivimab,DVQLVESGGGLVQAGGSLSISCAASGGSLSNYVLGWFRQAPGKEREFVAAINWRGDITIGPPNVEGRFTISRDNAKNTGYLQMNSLAPDDTAVYYCGAGTPLNPGAYIYDWSYDYWGRGTQVTVSS,,Phase II,,,,,N
HER2 VHH CAR-T,EVQLVESGGGLVQPGGSLRLSCAASGFTFSSYAMSWVRQAPGKGLEWVSAISGSGGSTYYADSVKGRFTISRDNAKNTLYLQMNSLRAEDTAVYYCAAYDIYGDGAMDYWGQGTLVTVSS,,Phase 1,,,,,N
Isecarosmab,DVQLVESGGGVVQPGGSLRLSCAASGRTVSSYAMGWFRQAPGKEREFVAGISRSAERTYYVDSLKGRFTISRDNSKNTVYLQMNSLRPEDTALYYCAADLDPNRIFSREEYAYWGQGTLVTVSS,CD123 x CD33,Preclinical/Early,17,H2-10-1,Class 2,85.0,Y
LCAR-B38M,QVKLEESGGGLVQAGRSLRLSCAASEHTFSSHVMGWFRQAPGKERESVAVIGWRDISTSYADSVKGRFTISRDNAKKTLYLQMNSLKPEDTAVYYCAARRIDAADFDSWGQGTQVTVSS,,Approved,,,,,N
Letolizumab,EVQLLESGGGLVQPGGSLRLSCAASGFTFNWELMGWARQAPGKGLEWVSGIEGPGDVTYYADSVKGRFTISRDNSKNTLYLQMNSLRAEDTAVYYCVKVGKDAKSDYRGQGTLVTVSS,CD40L,Discontinued/Stalled,11,H2-10-1,Class 1,96.2,Y
Nb V565,EVQLVESGGGLVQPGGSLRLSCAASGFTFSDYWMYWVRQAPGKGLEWVSEINTNGLITKYPDSVKGRFTISRDNAKNTLYLQMNSLRPEDTAVYYCARSPSGFNRGQGTLVTVSS,,Phase 2,,,,,N
Ozekibart,,DR5 (TNFRSF10B),Phase 1,16,H2-10-1,Class 2,88.8,Y
Ozoralizumab,EVQLVESGGGLVQPGGSLRLSCAASGFTFSDYWMYWVRQAPGKGLEWVSEINTNGLITKYPDSVKGRFTISRDNAKNTLYLQMNSLRPEDTAVYYCARSPSGFNRGQGTLVTVSS,TNFα x TNFα x HSA,Approved (JP),8,H2-10-1,Class 1,92.5,Y
PD-L1 VHH CAR-T,QVQLVESGGGLVQPGGSLRLSCAASGKMSSRRCMAWFRQAPGKERERVAKLLTTSGSTYLADSVKGRFTISRDNSKNTVYLQMNSLRAEDTAVYYCAADSFEDPTCTLVTSSGAFQYWGQGTLVTVSS,,Preclinical/Phase 1,,,,,N
Podentamig1,EVQLVESGGGLVQPGRSLTLSCAASTNIFSISPYGWYRQAPGKQRELVAAIHGTSTLYADSVKGRFTISRDNAKNSIYLQMNSLRPEDTALYYCNKVPWGDYHPGNVYWGQGTQVTVSS,BCMA x CD3 x HSA,Phase 1,14,unknown,Class 3,85.0,Y
Podentamig2,EVQLVESGGGLVQPGGSLKLSCAASGFTFNKYAINWVRQAPGKGLEWVARIRSKYNNYATYYADQVKDRFTISRDDSKNTAYLQMNNLKTEDTAVYYCVRHANFGNSYISYWAYWGQGTLVTVSS,,Phase I,,,,,N
Porustobart,EVQLVESGGGLIQPGGSLRLSCAVSGFTVSKNYMSWVRQAPGKGLEWVSVVYSGGSKTYADSVKGRFTISRDNSKNTLYLQMNSLRAEDTAVYYCARAVPHSPSSFDIWGQGTMVTVSS,CTLA-4,Phase 1,13,H2-9-1,Class 1,97.5,Y
Produvofusp,QVQLVESGGGLVKPGGSLRLSCAASGRTFSSYAMGWFRQAPGKEREFVSAISGSGGSTYYADSVKGRFTISRDNAKNSLYLQMNSLRAEDTAVYYCAADLGDGSWVDYVNAEPYEYDYWGQGTLVTVSS,,tbc,,,,,N
Pumitamig2,EVQLQESGGGLVQPGGSLRLSCAASGFTFSSYWMYWLRQAPGKGLEWVSSINSDSSSTYYRDSVKGRFTISRDNAKNTLYLQMNSLKSEDTAVYYCAKDPGGYAKGQGTQVTVSS,,tbc,,,,,N
Rimteravimab,DVQLVESGGGLVQPGGSLRLSCAASGRTFSEYAMGWFRQAPGKEREFVATISWSGGATYYTDSVKGRFTISRDNAKNTVYLQMNSLRPEDTAVYYCAAAGLGTVVSEWDYDYDYWGQGTLVTVSS,SARS-CoV-2 RBD,Stalled,18,H2-10-1,Class 2,86.2,Y
Simridarlimab,QVQLQESGPGLVKPSETLSLTCTVSGGSIEHYYWSWIRQPPGKGLEWIGYIYYSGSTNYNPSLKSRVTISVDTSKNQFSLKLSSVTAADTAVYYCARGKTGSAAWGQGTLVTVSS,,Phase II,,,,,N
Sonelokimab (M1095),DVQLVESGGGLVQPGGSLRLSCAASGRTFSSYVVGWFRQAPGKEREFIGAISGSGESIYYAVSEKGRFTISRDNSKNTLYLQMNSLRPEDTAVYYCTADQEFGYLRFGRSEYWGQGTLVTVSS,,Phase 3,,,,,N
Sonelokimab1,DVQLVESGGGLVQPGGSLRLSCAASGRTFSSYVVGWFRQAPGKEREFIGAISGSGESIYYAVSEKGRFTISRDNSKNTLYLQMNSLRPEDTAVYYCTADQEFGYLRFGRSEYWGQGTLVTVSS,IL-17A/F x HSA,Phase 3,16,H2-10-1,Class 2,85.0,Y
Sonelokimab2,EVQLVESGGGLVQPGGSLRLSCAASGRTYDAMGWLRQAPGKEREFVAAISGSGDDTYYADSVKGRFTISRDNSKNTLYLQMNSLRPEDTAVYYCATRRGLYYVWDANDYENWGQGTLVTVSS,IL-17A/F x HSA,Phase 3,17,H2-10-1,Class 2,91.2,Y
Tarperprumig,QVQLVESGGGLVKPGGSLRLSCAASGRPVSNYAAAWFRQAPGKEREFVSAINWQKTATYADSVKGRFTISRDNAKNSLYLQMNSLRAEDTAVYYCAAVFRVVAPKTQYDYDYWGQGTLVTVSS,Properdin,Phase 1,17,H2-9-1,Class 2,90.0,Y
Tixentamig,EVQLVESGGGLVQPGGSLKLSCAASGFTFSTYAMNWVRQASGKGLEWVGRIRSKYNNYATYYADSVKDRFTISRDDSKNTAYLQMNSLKTEDTAVYYCTRHGNFGNSYVSWFAYWGQGTLVTVSS,,tbc,,,,,N
VHH-ADC (HER2-MMAE),EVQLVESGGGLVQPGGSLRLSCAASGFTFSSYAMSWVRQAPGKGLEWVSAISGSGGSTYYADSVKGRFTISRDNAKNTLYLQMNSLRAEDTAVYYCAAYDIYGDGAMDYWGQGTLVTVSS,,Preclinical,,,,,N
VHH-Cell Therapy (VHH-T cell engager),EVQLVESGGGLVQPGGSLKLSCAASGFTFNKYAINWVRQAPGKGLEWVARIRSKYNNYATYYADQVKDRFTISRDDSKNTAYLQMNNLKTEDTAVYYCVRHANFGNSYISYWAYWGQGTLVTVSS,,Preclinical/Phase 1,,,,,N
Vobarilizumab,EVQLVESGGGLVQPGGSLRLSCAASGSVFKINVMAWYRQAPGKGRELVAGIISGGSTSYADSVKGRFTISRDNAKNTLYLQMNSLRPEDTAVYYCAFITTESDYDLGRRYWGQGTLVTVSS,IL-6R x HSA,Discontinued,15,H2-9-1,Class 3,90.0,Y
