antibody_id,arm_id,subset,pdb_path,pdb_exists,pI,GRAVY,instability_index,net_charge_pH7,hydro_patch_max9,charge_patch_max7,agg_motifs,deamidation_sites,isomerization_sites,cmc_flags,cmc_status,vh_vl_angle_deg,interface_n_pairs,interface_mean_dist_A,interface_min_dist_A,vernier_sasa_total,structure_errors
Amostomig,Arm1,23_three_arm,D:\InSynBio-AI-Research\Antibody_Engineer_Suite\data\design_rules\igg_like_23_three_arm_igfold_fab\Amostomig_Arm1.pdb,1,7.13,-0.306,44.7,0.3,0.778,4.0,2,4,4,instability_high (44.7); hydro_patch_high (0.78),PASS,7.3267723292148075,3994,3.9714085224168887,0.1107294112443924,,Dual-scheme numbering failed: ANARCI non-gap residue count mismatch (got=134; expected=232)
Amostomig,Arm2,23_three_arm,D:\InSynBio-AI-Research\Antibody_Engineer_Suite\data\design_rules\igg_like_23_three_arm_igfold_fab\Amostomig_Arm2.pdb,1,8.07,-0.206,41.8,2.4,0.778,4.0,0,5,3,instability_high (41.8); hydro_patch_high (0.78),PASS,39.52846187925233,4326,4.008553554743185,0.19328248500823975,,Dual-scheme numbering failed: ANARCI non-gap residue count mismatch (got=122; expected=220)
Anbenitamab,Arm1,23_three_arm,D:\InSynBio-AI-Research\Antibody_Engineer_Suite\data\design_rules\igg_like_23_three_arm_igfold_fab\Anbenitamab_Arm1.pdb,1,8.59,-0.296,45.6,5.2,0.778,3.0,0,4,2,pI_out_of_range (8.59); instability_high (45.6); hydro_patch_high (0.78),PASS,68.63154186096912,4617,4.075574542879541,0.1413293033838272,,Dual-scheme numbering failed: ANARCI non-gap residue count mismatch (got=119; expected=217)
Anbenitamab,Arm2,23_three_arm,D:\InSynBio-AI-Research\Antibody_Engineer_Suite\data\design_rules\igg_like_23_three_arm_igfold_fab\Anbenitamab_Arm2.pdb,1,8.69,-0.304,46.7,6.3,0.778,3.0,0,4,4,pI_out_of_range (8.69); instability_high (46.7); hydro_patch_high (0.78),PASS,85.75883818592392,5087,4.0638145412606,0.2021830976009369,,Dual-scheme numbering failed: ANARCI non-gap residue count mismatch (got=120; expected=218)
Davutamig,Arm1,23_three_arm,D:\InSynBio-AI-Research\Antibody_Engineer_Suite\data\design_rules\igg_like_23_three_arm_igfold_fab\Davutamig_Arm1.pdb,1,7.12,-0.309,50.5,0.2,0.778,3.0,0,5,3,instability_high (50.5); hydro_patch_high (0.78),PASS,44.602144019815036,6039,4.046203531898037,0.1324349343776703,,Dual-scheme numbering failed: ANARCI non-gap residue count mismatch (got=121; expected=219)
Davutamig,Arm2,23_three_arm,D:\InSynBio-AI-Research\Antibody_Engineer_Suite\data\design_rules\igg_like_23_three_arm_igfold_fab\Davutamig_Arm2.pdb,1,8.46,-0.211,50.8,4.3,0.778,3.0,0,3,4,instability_high (50.8); hydro_patch_high (0.78),PASS,43.0798497505702,5904,4.0550232141490525,0.21402333676815033,,Dual-scheme numbering failed: ANARCI non-gap residue count mismatch (got=117; expected=215)
Emicizumab,Arm1,23_three_arm,D:\InSynBio-AI-Research\Antibody_Engineer_Suite\data\design_rules\igg_like_23_three_arm_igfold_fab\Emicizumab_Arm1.pdb,1,6.6,-0.448,49.2,-0.9,0.778,3.1,0,2,2,instability_high (49.2); hydro_patch_high (0.78),PASS,33.182375446489644,4962,4.069781039880269,0.16524524986743927,,Dual-scheme numbering failed: ANARCI non-gap residue count mismatch (got=119; expected=217)
Emicizumab,Arm2,23_three_arm,D:\InSynBio-AI-Research\Antibody_Engineer_Suite\data\design_rules\igg_like_23_three_arm_igfold_fab\Emicizumab_Arm2.pdb,1,8.78,-0.403,52.2,7.0,0.778,3.0,0,4,2,pI_out_of_range (8.78); instability_high (52.2); hydro_patch_high (0.78),PASS,29.166686687972685,4334,4.0925713237580545,0.1605272740125656,,Dual-scheme numbering failed: ANARCI non-gap residue count mismatch (got=123; expected=221)
Etentamig,Arm1,23_three_arm,D:\InSynBio-AI-Research\Antibody_Engineer_Suite\data\design_rules\igg_like_23_three_arm_igfold_fab\Etentamig_Arm1.pdb,1,8.71,-0.298,47.5,6.2,0.778,3.0,0,5,4,pI_out_of_range (8.71); instability_high (47.5); hydro_patch_high (0.78),PASS,18.37114132026616,4885,4.08628740952469,0.16074176132678986,,Dual-scheme numbering failed: ANARCI non-gap residue count mismatch (got=123; expected=221)
Etentamig,Arm2,23_three_arm,D:\InSynBio-AI-Research\Antibody_Engineer_Suite\data\design_rules\igg_like_23_three_arm_igfold_fab\Etentamig_Arm2.pdb,1,8.6,-0.332,47.4,5.2,0.778,3.0,0,4,5,pI_out_of_range (8.60); instability_high (47.4); hydro_patch_high (0.78),PASS,26.467294886962225,5353,4.032812084663998,0.12567774951457977,,Dual-scheme numbering failed: ANARCI non-gap residue count mismatch (got=119; expected=217)
Marlotamig,Arm1,23_three_arm,D:\InSynBio-AI-Research\Antibody_Engineer_Suite\data\design_rules\igg_like_23_three_arm_igfold_fab\Marlotamig_Arm1.pdb,1,8.26,-0.255,44.4,3.1,0.778,3.0,0,2,4,instability_high (44.4); hydro_patch_high (0.78),PASS,6.761400399684994,4941,4.072883572877212,0.11616392433643341,,Dual-scheme numbering failed: ANARCI non-gap residue count mismatch (got=121; expected=219)
Marlotamig,Arm2,23_three_arm,D:\InSynBio-AI-Research\Antibody_Engineer_Suite\data\design_rules\igg_like_23_three_arm_igfold_fab\Marlotamig_Arm2.pdb,1,8.77,-0.269,45.9,7.1,0.778,3.0,0,2,2,pI_out_of_range (8.77); instability_high (45.9); hydro_patch_high (0.78),PASS,16.69972785443549,4063,4.074292916871836,0.09470973908901215,,Dual-scheme numbering failed: ANARCI non-gap residue count mismatch (got=122; expected=220)
Navicixizumab,Arm1,23_three_arm,D:\InSynBio-AI-Research\Antibody_Engineer_Suite\data\design_rules\igg_like_23_three_arm_igfold_fab\Navicixizumab_Arm1.pdb,1,8.24,-0.326,41.8,3.1,0.778,3.0,0,2,3,instability_high (41.8); hydro_patch_high (0.78),PASS,9.274838365856366,4929,4.073103202796326,0.09487856924533844,,Dual-scheme numbering failed: ANARCI non-gap residue count mismatch (got=119; expected=217)
Navicixizumab,Arm2,23_three_arm,D:\InSynBio-AI-Research\Antibody_Engineer_Suite\data\design_rules\igg_like_23_three_arm_igfold_fab\Navicixizumab_Arm2.pdb,1,8.42,-0.341,48.0,4.2,0.778,4.0,0,3,3,instability_high (48.0); hydro_patch_high (0.78),PASS,12.793833102884733,4448,4.066369301687734,0.1744706928730011,,Dual-scheme numbering failed: ANARCI non-gap residue count mismatch (got=121; expected=219)
Nezastomig,Arm1,23_three_arm,D:\InSynBio-AI-Research\Antibody_Engineer_Suite\data\design_rules\igg_like_23_three_arm_igfold_fab\Nezastomig_Arm1.pdb,1,8.58,-0.303,50.2,5.2,0.778,3.0,0,3,4,pI_out_of_range (8.58); instability_high (50.2); hydro_patch_high (0.78),PASS,10.856139126809255,4414,3.9941708795196433,0.05808641389012337,,Dual-scheme numbering failed: ANARCI non-gap residue count mismatch (got=124; expected=222)
Nezastomig,Arm2,23_three_arm,D:\InSynBio-AI-Research\Antibody_Engineer_Suite\data\design_rules\igg_like_23_three_arm_igfold_fab\Nezastomig_Arm2.pdb,1,8.77,-0.269,45.9,7.1,0.778,3.0,0,2,2,pI_out_of_range (8.77); instability_high (45.9); hydro_patch_high (0.78),PASS,16.69972785443549,4063,4.074292916871836,0.09470973908901215,,Dual-scheme numbering failed: ANARCI non-gap residue count mismatch (got=122; expected=220)
Odronextamab,Arm1,23_three_arm,D:\InSynBio-AI-Research\Antibody_Engineer_Suite\data\design_rules\igg_like_23_three_arm_igfold_fab\Odronextamab_Arm1.pdb,1,8.44,-0.271,51.8,4.5,0.778,3.0,0,4,4,instability_high (51.8); hydro_patch_high (0.78),PASS,20.44972389371992,4923,3.996714643119677,0.08997727185487747,,Dual-scheme numbering failed: ANARCI non-gap residue count mismatch (got=127; expected=225)
Odronextamab,Arm2,23_three_arm,D:\InSynBio-AI-Research\Antibody_Engineer_Suite\data\design_rules\igg_like_23_three_arm_igfold_fab\Odronextamab_Arm2.pdb,1,8.58,-0.268,49.2,5.4,0.778,3.0,0,5,3,pI_out_of_range (8.58); instability_high (49.2); hydro_patch_high (0.78),PASS,29.780239141522237,4847,4.049084465322295,0.19370879232883453,,Dual-scheme numbering failed: ANARCI non-gap residue count mismatch (got=123; expected=221)
Pamvatamig,Arm1,23_three_arm,D:\InSynBio-AI-Research\Antibody_Engineer_Suite\data\design_rules\igg_like_23_three_arm_igfold_fab\Pamvatamig_Arm1.pdb,1,8.56,-0.3,47.0,5.0,0.778,3.0,0,2,2,pI_out_of_range (8.56); instability_high (47.0); hydro_patch_high (0.78),PASS,58.829760955382724,4100,4.063653040258813,0.13625362515449524,,Dual-scheme numbering failed: ANARCI non-gap residue count mismatch (got=123; expected=221)
Pamvatamig,Arm2,23_three_arm,D:\InSynBio-AI-Research\Antibody_Engineer_Suite\data\design_rules\igg_like_23_three_arm_igfold_fab\Pamvatamig_Arm2.pdb,1,8.78,-0.336,48.5,7.2,0.778,3.0,0,2,2,pI_out_of_range (8.78); instability_high (48.5); hydro_patch_high (0.78),PASS,60.24189776982725,4390,4.072841966671874,0.16164788603782654,,Dual-scheme numbering failed: ANARCI non-gap residue count mismatch (got=122; expected=220)
Peluntamig,Arm1,23_three_arm,D:\InSynBio-AI-Research\Antibody_Engineer_Suite\data\design_rules\igg_like_23_three_arm_igfold_fab\Peluntamig_Arm1.pdb,1,8.02,-0.306,48.7,2.4,0.778,3.0,0,2,3,instability_high (48.7); hydro_patch_high (0.78),PASS,82.96268796803619,4472,4.057326979092255,0.14354802668094635,,Dual-scheme numbering failed: ANARCI non-gap residue count mismatch (got=114; expected=212)
Peluntamig,Arm2,23_three_arm,D:\InSynBio-AI-Research\Antibody_Engineer_Suite\data\design_rules\igg_like_23_three_arm_igfold_fab\Peluntamig_Arm2.pdb,1,8.78,-0.427,48.4,7.4,0.778,3.0,0,2,3,pI_out_of_range (8.78); instability_high (48.4); hydro_patch_high (0.78),PASS,80.26918160051525,4284,4.065599260323859,0.16466332972049713,,Dual-scheme numbering failed: ANARCI non-gap residue count mismatch (got=118; expected=216)
Petosemtamab,Arm1,23_three_arm,D:\InSynBio-AI-Research\Antibody_Engineer_Suite\data\design_rules\igg_like_23_three_arm_igfold_fab\Petosemtamab_Arm1.pdb,1,8.44,-0.288,47.1,4.2,0.778,3.0,0,2,3,instability_high (47.1); hydro_patch_high (0.78),PASS,82.720122227964,5230,4.060392837057595,0.13071352243423462,,Dual-scheme numbering failed: ANARCI non-gap residue count mismatch (got=120; expected=218)
Petosemtamab,Arm2,23_three_arm,D:\InSynBio-AI-Research\Antibody_Engineer_Suite\data\design_rules\igg_like_23_three_arm_igfold_fab\Petosemtamab_Arm2.pdb,1,8.37,-0.313,44.0,4.1,0.778,3.0,0,3,3,instability_high (44.0); hydro_patch_high (0.78),PASS,82.67552937110133,3795,4.023148029618991,0.1313849687576294,,Dual-scheme numbering failed: ANARCI non-gap residue count mismatch (got=127; expected=225)
Rezetamig,Arm1,23_three_arm,D:\InSynBio-AI-Research\Antibody_Engineer_Suite\data\design_rules\igg_like_23_three_arm_igfold_fab\Rezetamig_Arm1.pdb,1,8.81,-0.289,48.1,7.3,0.778,3.0,0,5,4,pI_out_of_range (8.81); instability_high (48.1); hydro_patch_high (0.78),PASS,23.514148119488254,4718,4.056914143398184,0.06002495437860489,,Dual-scheme numbering failed: ANARCI non-gap residue count mismatch (got=123; expected=221)
Rezetamig,Arm2,23_three_arm,D:\InSynBio-AI-Research\Antibody_Engineer_Suite\data\design_rules\igg_like_23_three_arm_igfold_fab\Rezetamig_Arm2.pdb,1,8.45,-0.328,48.1,4.1,0.778,3.0,0,2,4,instability_high (48.1); hydro_patch_high (0.78),PASS,37.49874953912878,4864,4.036017029287413,0.151845321059227,,Dual-scheme numbering failed: ANARCI non-gap residue count mismatch (got=118; expected=216)
Runimotamab,Arm1,23_three_arm,D:\InSynBio-AI-Research\Antibody_Engineer_Suite\data\design_rules\igg_like_23_three_arm_igfold_fab\Runimotamab_Arm1.pdb,1,8.69,-0.304,46.7,6.3,0.778,3.0,0,4,4,pI_out_of_range (8.69); instability_high (46.7); hydro_patch_high (0.78),PASS,85.75883818592392,5087,4.0638145412606,0.2021830976009369,,Dual-scheme numbering failed: ANARCI non-gap residue count mismatch (got=120; expected=218)
Runimotamab,Arm2,23_three_arm,D:\InSynBio-AI-Research\Antibody_Engineer_Suite\data\design_rules\igg_like_23_three_arm_igfold_fab\Runimotamab_Arm2.pdb,1,8.55,-0.353,44.0,5.3,0.778,3.0,0,2,4,pI_out_of_range (8.55); instability_high (44.0); hydro_patch_high (0.78),PASS,62.76277578666331,3821,4.105197313233832,0.12008406221866608,,Dual-scheme numbering failed: ANARCI non-gap residue count mismatch (got=119; expected=217)
Safimestomig,Arm1,23_three_arm,D:\InSynBio-AI-Research\Antibody_Engineer_Suite\data\design_rules\igg_like_23_three_arm_igfold_fab\Safimestomig_Arm1.pdb,1,8.84,-0.342,43.3,8.2,0.778,3.0,1,2,2,pI_out_of_range (8.84); instability_high (43.3); hydro_patch_high (0.78),PASS,28.902566115148243,3804,4.014539764756735,0.1094760149717331,,Dual-scheme numbering failed: ANARCI non-gap residue count mismatch (got=124; expected=222)
Safimestomig,Arm2,23_three_arm,D:\InSynBio-AI-Research\Antibody_Engineer_Suite\data\design_rules\igg_like_23_three_arm_igfold_fab\Safimestomig_Arm2.pdb,1,8.43,-0.333,46.0,4.3,0.778,3.0,1,2,2,instability_high (46.0); hydro_patch_high (0.78),PASS,61.818142848451465,3266,4.1246825963013665,0.16451460123062134,,Dual-scheme numbering failed: ANARCI non-gap residue count mismatch (got=119; expected=217)
Simridarlimab,Arm1,23_three_arm,D:\InSynBio-AI-Research\Antibody_Engineer_Suite\data\design_rules\igg_like_23_three_arm_igfold_fab\Simridarlimab_Arm1.pdb,1,8.96,-0.239,46.9,9.1,0.778,3.0,0,2,2,pI_out_of_range (8.96); instability_high (46.9); hydro_patch_high (0.78),PASS,49.238252984918944,4044,4.092162762080798,0.08655045926570892,,Dual-scheme numbering failed: ANARCI non-gap residue count mismatch (got=115; expected=213)
Simridarlimab,Arm2,23_three_arm,D:\InSynBio-AI-Research\Antibody_Engineer_Suite\data\design_rules\igg_like_23_three_arm_igfold_fab\Simridarlimab_Arm2.pdb,1,8.81,-0.193,49.6,7.1,0.778,3.0,0,5,4,pI_out_of_range (8.81); instability_high (49.6); hydro_patch_high (0.78),PASS,4.979902947744498,6665,4.0015305824697505,0.03916621580719948,,Dual-scheme numbering failed: ANARCI non-gap residue count mismatch (got=132; expected=230)
Surovatamig,Arm1,23_three_arm,D:\InSynBio-AI-Research\Antibody_Engineer_Suite\data\design_rules\igg_like_23_three_arm_igfold_fab\Surovatamig_Arm1.pdb,1,8.71,-0.298,47.5,6.2,0.778,3.0,0,5,4,pI_out_of_range (8.71); instability_high (47.5); hydro_patch_high (0.78),PASS,18.37114132026616,4885,4.08628740952469,0.16074176132678986,,Dual-scheme numbering failed: ANARCI non-gap residue count mismatch (got=123; expected=221)
Surovatamig,Arm2,23_three_arm,D:\InSynBio-AI-Research\Antibody_Engineer_Suite\data\design_rules\igg_like_23_three_arm_igfold_fab\Surovatamig_Arm2.pdb,1,8.6,-0.257,46.5,5.1,0.778,3.0,0,3,3,pI_out_of_range (8.60); instability_high (46.5); hydro_patch_high (0.78),PASS,86.41341862312068,4725,4.045127521290587,0.06865841150283813,,Dual-scheme numbering failed: ANARCI non-gap residue count mismatch (got=116; expected=214)
Tepoditamab,Arm1,23_three_arm,D:\InSynBio-AI-Research\Antibody_Engineer_Suite\data\design_rules\igg_like_23_three_arm_igfold_fab\Tepoditamab_Arm1.pdb,1,8.78,-0.317,50.2,7.1,0.778,3.0,0,2,2,pI_out_of_range (8.78); instability_high (50.2); hydro_patch_high (0.78),PASS,34.21354198064529,5625,4.037145762963008,0.066317118704319,,Dual-scheme numbering failed: ANARCI non-gap residue count mismatch (got=118; expected=216)
Tepoditamab,Arm2,23_three_arm,D:\InSynBio-AI-Research\Antibody_Engineer_Suite\data\design_rules\igg_like_23_three_arm_igfold_fab\Tepoditamab_Arm2.pdb,1,9.04,-0.322,51.4,10.1,0.778,3.0,0,4,3,pI_out_of_range (9.04); instability_high (51.4); hydro_patch_high (0.78),PASS,27.890801925916918,5731,4.0722993951610365,0.047169871628284454,,Dual-scheme numbering failed: ANARCI non-gap residue count mismatch (got=118; expected=216)
Ubamatamab,Arm1,23_three_arm,D:\InSynBio-AI-Research\Antibody_Engineer_Suite\data\design_rules\igg_like_23_three_arm_igfold_fab\Ubamatamab_Arm1.pdb,1,9.04,-0.257,49.4,10.0,0.778,3.0,0,4,3,pI_out_of_range (9.04); instability_high (49.4); hydro_patch_high (0.78),PASS,25.90404170367735,6661,4.02500599157408,0.1848805993795395,,Dual-scheme numbering failed: ANARCI non-gap residue count mismatch (got=117; expected=215)
Ubamatamab,Arm2,23_three_arm,D:\InSynBio-AI-Research\Antibody_Engineer_Suite\data\design_rules\igg_like_23_three_arm_igfold_fab\Ubamatamab_Arm2.pdb,1,8.78,-0.32,49.8,7.3,0.778,3.0,0,5,3,pI_out_of_range (8.78); instability_high (49.8); hydro_patch_high (0.78),PASS,2.1077709491096766,6257,4.000623682901387,0.0838690772652626,,Dual-scheme numbering failed: ANARCI non-gap residue count mismatch (got=124; expected=222)
Velinotamig,Arm1,23_three_arm,D:\InSynBio-AI-Research\Antibody_Engineer_Suite\data\design_rules\igg_like_23_three_arm_igfold_fab\Velinotamig_Arm1.pdb,1,9.23,-0.295,47.8,13.2,0.889,3.0,0,4,4,pI_out_of_range (9.23); instability_high (47.8); hydro_patch_high (0.89),PASS,33.81140260911009,6627,4.021231205302369,0.13170427083969116,,Dual-scheme numbering failed: ANARCI non-gap residue count mismatch (got=118; expected=216)
Velinotamig,Arm2,23_three_arm,D:\InSynBio-AI-Research\Antibody_Engineer_Suite\data\design_rules\igg_like_23_three_arm_igfold_fab\Velinotamig_Arm2.pdb,1,8.93,-0.364,46.2,9.2,0.778,3.0,0,2,2,pI_out_of_range (8.93); instability_high (46.2); hydro_patch_high (0.78),PASS,69.40819382763405,5422,4.041296729661315,0.13524074852466583,,Dual-scheme numbering failed: ANARCI non-gap residue count mismatch (got=121; expected=219)
Vonsetamig,Arm1,23_three_arm,D:\InSynBio-AI-Research\Antibody_Engineer_Suite\data\design_rules\igg_like_23_three_arm_igfold_fab\Vonsetamig_Arm1.pdb,1,7.98,-0.309,49.2,2.1,0.778,3.0,0,3,4,instability_high (49.2); hydro_patch_high (0.78),PASS,13.84112328194938,3311,4.090386232464744,0.23121647536754608,,Dual-scheme numbering failed: ANARCI non-gap residue count mismatch (got=125; expected=223)
Vonsetamig,Arm2,23_three_arm,D:\InSynBio-AI-Research\Antibody_Engineer_Suite\data\design_rules\igg_like_23_three_arm_igfold_fab\Vonsetamig_Arm2.pdb,1,8.68,-0.296,50.4,6.2,0.778,3.0,0,5,3,pI_out_of_range (8.68); instability_high (50.4); hydro_patch_high (0.78),PASS,6.3101136790105,6103,3.9896247873179025,0.12322725355625153,,Dual-scheme numbering failed: ANARCI non-gap residue count mismatch (got=124; expected=222)
Zenocutuzumab,Arm1,23_three_arm,D:\InSynBio-AI-Research\Antibody_Engineer_Suite\data\design_rules\igg_like_23_three_arm_igfold_fab\Zenocutuzumab_Arm1.pdb,1,8.95,-0.364,48.5,9.3,0.778,3.0,0,3,2,pI_out_of_range (8.95); instability_high (48.5); hydro_patch_high (0.78),PASS,42.11711740031749,3735,4.09413940478887,0.12445461750030518,,Dual-scheme numbering failed: ANARCI non-gap residue count mismatch (got=124; expected=222)
Zenocutuzumab,Arm2,23_three_arm,D:\InSynBio-AI-Research\Antibody_Engineer_Suite\data\design_rules\igg_like_23_three_arm_igfold_fab\Zenocutuzumab_Arm2.pdb,1,8.77,-0.289,49.7,7.0,0.778,3.0,0,2,3,pI_out_of_range (8.77); instability_high (49.7); hydro_patch_high (0.78),PASS,88.14556807868658,5084,4.048249979085125,0.135576531291008,,Dual-scheme numbering failed: ANARCI non-gap residue count mismatch (got=121; expected=219)
Zifibancimig,Arm1,23_three_arm,D:\InSynBio-AI-Research\Antibody_Engineer_Suite\data\design_rules\igg_like_23_three_arm_igfold_fab\Zifibancimig_Arm1.pdb,1,6.81,-0.358,45.5,-0.6,0.778,4.0,0,4,4,instability_high (45.5); hydro_patch_high (0.78),PASS,66.2820072749692,4692,4.049111496383488,0.17474836111068726,,Dual-scheme numbering failed: ANARCI non-gap residue count mismatch (got=115; expected=213)
Zifibancimig,Arm2,23_three_arm,D:\InSynBio-AI-Research\Antibody_Engineer_Suite\data\design_rules\igg_like_23_three_arm_igfold_fab\Zifibancimig_Arm2.pdb,1,6.81,-0.358,45.5,-0.6,0.778,4.0,0,4,4,instability_high (45.5); hydro_patch_high (0.78),PASS,66.2820072749692,4692,4.049111496383488,0.17474836111068726,,Dual-scheme numbering failed: ANARCI non-gap residue count mismatch (got=115; expected=213)
Acasunlimab,H1L1,50_four_arm,D:\InSynBio-AI-Research\Antibody_Engineer_Suite\data\design_rules\igg_like_50_four_arm_igfold_fab\Acasunlimab_H1L1.pdb,1,7.71,-0.267,47.5,1.4,0.778,4.0,1,3,5,instability_high (47.5); hydro_patch_high (0.78),PASS,40.88833995710352,5208,4.05412068522938,0.1614496111869812,,Dual-scheme numbering failed: ANARCI non-gap residue count mismatch (got=121; expected=219)
Acasunlimab,H1L2,50_four_arm,D:\InSynBio-AI-Research\Antibody_Engineer_Suite\data\design_rules\igg_like_50_four_arm_igfold_fab\Acasunlimab_H1L2.pdb,1,8.28,-0.197,51.2,3.3,0.778,3.0,0,2,4,instability_high (51.2); hydro_patch_high (0.78),PASS,33.437215032726115,4545,4.032910548540435,0.1071866899728775,,Dual-scheme numbering failed: ANARCI non-gap residue count mismatch (got=121; expected=219)
Acasunlimab,H2L1,50_four_arm,D:\InSynBio-AI-Research\Antibody_Engineer_Suite\data\design_rules\igg_like_50_four_arm_igfold_fab\Acasunlimab_H2L1.pdb,1,7.16,-0.251,46.2,0.3,0.778,4.0,1,4,4,instability_high (46.2); hydro_patch_high (0.78),PASS,51.21633748567719,5448,4.0476479076987255,0.13413839042186737,,Dual-scheme numbering failed: ANARCI non-gap residue count mismatch (got=117; expected=215)
Acasunlimab,H2L2,50_four_arm,D:\InSynBio-AI-Research\Antibody_Engineer_Suite\data\design_rules\igg_like_50_four_arm_igfold_fab\Acasunlimab_H2L2.pdb,1,8.03,-0.18,50.0,2.2,0.778,3.0,0,3,3,instability_high (50.0); hydro_patch_high (0.78),PASS,52.37905585654034,5043,4.047644518862441,0.17057839035987854,,Dual-scheme numbering failed: ANARCI non-gap residue count mismatch (got=117; expected=215)
Acimtamig,H1L1,50_four_arm,D:\InSynBio-AI-Research\Antibody_Engineer_Suite\data\design_rules\igg_like_50_four_arm_igfold_fab\Acimtamig_H1L1.pdb,1,8.43,-0.323,48.4,4.3,0.778,3.0,1,3,2,instability_high (48.4); hydro_patch_high (0.78),PASS,40.02465343062605,4797,4.054450355983349,0.15427649021148682,,Dual-scheme numbering failed: ANARCI non-gap residue count mismatch (got=120; expected=218)
Acimtamig,H1L2,50_four_arm,D:\InSynBio-AI-Research\Antibody_Engineer_Suite\data\design_rules\igg_like_50_four_arm_igfold_fab\Acimtamig_H1L2.pdb,1,8.42,-0.321,44.0,4.2,0.778,3.0,0,2,2,instability_high (44.0); hydro_patch_high (0.78),PASS,66.18291469972093,4205,4.056382045261426,0.15916728973388672,,Dual-scheme numbering failed: ANARCI non-gap residue count mismatch (got=120; expected=218)
Acimtamig,H2L1,50_four_arm,D:\InSynBio-AI-Research\Antibody_Engineer_Suite\data\design_rules\igg_like_50_four_arm_igfold_fab\Acimtamig_H2L1.pdb,1,8.67,-0.401,45.6,6.4,0.778,3.0,1,4,3,pI_out_of_range (8.67); instability_high (45.6); hydro_patch_high (0.78),PASS,37.016710461941905,4655,4.069989171348179,0.09887868911027908,,Dual-scheme numbering failed: ANARCI non-gap residue count mismatch (got=123; expected=221)
Acimtamig,H2L2,50_four_arm,D:\InSynBio-AI-Research\Antibody_Engineer_Suite\data\design_rules\igg_like_50_four_arm_igfold_fab\Acimtamig_H2L2.pdb,1,8.66,-0.399,41.2,6.3,0.778,3.0,0,3,3,pI_out_of_range (8.66); instability_high (41.2); hydro_patch_high (0.78),PASS,62.84081726635361,4410,4.016264903422153,0.1575087159872055,,Dual-scheme numbering failed: ANARCI non-gap residue count mismatch (got=123; expected=221)
Alnuctamab,Arm1,50_four_arm,D:\InSynBio-AI-Research\Antibody_Engineer_Suite\data\design_rules\igg_like_50_four_arm_igfold_fab\Alnuctamab_Arm1.pdb,1,7.69,-0.272,43.7,1.2,0.778,3.0,0,4,3,instability_high (43.7); hydro_patch_high (0.78),PASS,28.434407545317743,4980,4.056134132035731,0.2588530480861664,,Dual-scheme numbering failed: ANARCI non-gap residue count mismatch (got=116; expected=214)
Alnuctamab,Arm2_cross,50_four_arm,D:\InSynBio-AI-Research\Antibody_Engineer_Suite\data\design_rules\igg_like_50_four_arm_igfold_fab\Alnuctamab_Arm2_cross.pdb,1,8.89,-0.236,43.1,8.2,0.778,4.0,0,4,4,pI_out_of_range (8.89); instability_high (43.1); hydro_patch_high (0.78),PASS,,,,,,
Amivantamab,H1L1,50_four_arm,D:\InSynBio-AI-Research\Antibody_Engineer_Suite\data\design_rules\igg_like_50_four_arm_igfold_fab\Amivantamab_H1L1.pdb,1,8.43,-0.256,47.3,4.1,0.778,3.0,0,5,5,instability_high (47.3); hydro_patch_high (0.78),PASS,27.107404617025452,3856,4.043265540328503,0.07602547109127045,,Dual-scheme numbering failed: ANARCI non-gap residue count mismatch (got=125; expected=223)
Amivantamab,H1L2,50_four_arm,D:\InSynBio-AI-Research\Antibody_Engineer_Suite\data\design_rules\igg_like_50_four_arm_igfold_fab\Amivantamab_H1L2.pdb,1,8.8,-0.237,44.6,7.2,0.778,3.0,0,5,5,pI_out_of_range (8.80); instability_high (44.6); hydro_patch_high (0.78),PASS,24.697399342478235,4150,4.019185316499902,0.16852916777133942,,Dual-scheme numbering failed: ANARCI non-gap residue count mismatch (got=125; expected=223)
Amivantamab,H2L1,50_four_arm,D:\InSynBio-AI-Research\Antibody_Engineer_Suite\data\design_rules\igg_like_50_four_arm_igfold_fab\Amivantamab_H2L1.pdb,1,8.25,-0.295,45.6,3.1,0.778,3.0,0,4,2,instability_high (45.6); hydro_patch_high (0.78),PASS,83.80806231691248,4123,4.063004742714842,0.1843693107366562,,Dual-scheme numbering failed: ANARCI non-gap residue count mismatch (got=119; expected=217)
Amivantamab,H2L2,50_four_arm,D:\InSynBio-AI-Research\Antibody_Engineer_Suite\data\design_rules\igg_like_50_four_arm_igfold_fab\Amivantamab_H2L2.pdb,1,8.7,-0.276,42.9,6.2,0.778,3.0,0,4,2,pI_out_of_range (8.70); instability_high (42.9); hydro_patch_high (0.78),PASS,88.65164841901561,4669,4.096391894286227,0.133768230676651,,Dual-scheme numbering failed: ANARCI non-gap residue count mismatch (got=119; expected=217)
Bafisontamab,H1L1,50_four_arm,D:\InSynBio-AI-Research\Antibody_Engineer_Suite\data\design_rules\igg_like_50_four_arm_igfold_fab\Bafisontamab_H1L1.pdb,1,7.65,-0.259,42.3,1.3,0.778,3.0,0,2,2,instability_high (42.3); hydro_patch_high (0.78),PASS,55.95541698759309,5083,4.059467182298902,0.1893307864665985,,Dual-scheme numbering failed: ANARCI non-gap residue count mismatch (got=119; expected=217)
Bafisontamab,H1L2,50_four_arm,D:\InSynBio-AI-Research\Antibody_Engineer_Suite\data\design_rules\igg_like_50_four_arm_igfold_fab\Bafisontamab_H1L2.pdb,1,8.8,-0.239,42.8,7.1,0.778,3.0,0,3,2,pI_out_of_range (8.80); instability_high (42.8); hydro_patch_high (0.78),PASS,54.858787110276246,4831,4.070161297810231,0.0439547635614872,,Dual-scheme numbering failed: ANARCI non-gap residue count mismatch (got=119; expected=217)
Bafisontamab,H2L1,50_four_arm,D:\InSynBio-AI-Research\Antibody_Engineer_Suite\data\design_rules\igg_like_50_four_arm_igfold_fab\Bafisontamab_H2L1.pdb,1,8.01,-0.295,43.9,2.2,0.778,3.0,0,3,2,instability_high (43.9); hydro_patch_high (0.78),PASS,37.72682140240124,5764,4.039400690437953,0.16361229121685028,,Dual-scheme numbering failed: ANARCI non-gap residue count mismatch (got=117; expected=215)
Bafisontamab,H2L2,50_four_arm,D:\InSynBio-AI-Research\Antibody_Engineer_Suite\data\design_rules\igg_like_50_four_arm_igfold_fab\Bafisontamab_H2L2.pdb,1,8.87,-0.275,44.4,8.0,0.778,3.0,0,4,2,pI_out_of_range (8.87); instability_high (44.4); hydro_patch_high (0.78),PASS,53.925920200038746,5614,4.066533873515679,0.09486821293830872,,Dual-scheme numbering failed: ANARCI non-gap residue count mismatch (got=117; expected=215)
Bexatamig,H1L1,50_four_arm,D:\InSynBio-AI-Research\Antibody_Engineer_Suite\data\design_rules\igg_like_50_four_arm_igfold_fab\Bexatamig_H1L1.pdb,1,8.55,-0.355,41.9,5.2,0.778,3.0,0,2,3,pI_out_of_range (8.55); instability_high (41.9); hydro_patch_high (0.78),PASS,39.102674892725574,4331,4.056406519175938,0.12290263175964355,,Dual-scheme numbering failed: ANARCI non-gap residue count mismatch (got=120; expected=218)
Bexatamig,H1L2,50_four_arm,D:\InSynBio-AI-Research\Antibody_Engineer_Suite\data\design_rules\igg_like_50_four_arm_igfold_fab\Bexatamig_H1L2.pdb,1,9.06,-0.335,44.3,11.3,0.778,3.0,1,2,2,pI_out_of_range (9.06); instability_high (44.3); hydro_patch_high (0.78),PASS,79.93679857873758,3689,4.048524705204433,0.15946485102176666,,Dual-scheme numbering failed: ANARCI non-gap residue count mismatch (got=120; expected=218)
Bexatamig,H2L1,50_four_arm,D:\InSynBio-AI-Research\Antibody_Engineer_Suite\data\design_rules\igg_like_50_four_arm_igfold_fab\Bexatamig_H2L1.pdb,1,8.22,-0.394,42.1,3.0,0.778,3.0,0,2,3,instability_high (42.1); hydro_patch_high (0.78),PASS,20.684547261558016,4630,4.033734953753385,0.06912309676408768,,Dual-scheme numbering failed: ANARCI non-gap residue count mismatch (got=120; expected=218)
Bexatamig,H2L2,50_four_arm,D:\InSynBio-AI-Research\Antibody_Engineer_Suite\data\design_rules\igg_like_50_four_arm_igfold_fab\Bexatamig_H2L2.pdb,1,8.92,-0.375,44.4,9.1,0.778,3.0,1,2,2,pI_out_of_range (8.92); instability_high (44.4); hydro_patch_high (0.78),PASS,70.02798838819639,3985,4.03782806143402,0.0798245221376419,,Dual-scheme numbering failed: ANARCI non-gap residue count mismatch (got=120; expected=218)
Blinatumomab,H1L1,50_four_arm,D:\InSynBio-AI-Research\Antibody_Engineer_Suite\data\design_rules\igg_like_50_four_arm_igfold_fab\Blinatumomab_H1L1.pdb,1,7.11,-0.366,47.6,0.2,0.778,3.0,0,3,6,instability_high (47.6); hydro_patch_high (0.78),PASS,17.900925077839286,4924,4.017096801098132,0.07803244143724442,,Dual-scheme numbering failed: ANARCI non-gap residue count mismatch (got=124; expected=222)
Blinatumomab,H1L2,50_four_arm,D:\InSynBio-AI-Research\Antibody_Engineer_Suite\data\design_rules\igg_like_50_four_arm_igfold_fab\Blinatumomab_H1L2.pdb,1,8.67,-0.382,47.9,6.0,0.778,3.0,0,3,4,pI_out_of_range (8.67); instability_high (47.9); hydro_patch_high (0.78),PASS,6.719426525690719,4360,4.087089353780739,0.12884891033172607,,Dual-scheme numbering failed: ANARCI non-gap residue count mismatch (got=124; expected=222)
Blinatumomab,H2L1,50_four_arm,D:\InSynBio-AI-Research\Antibody_Engineer_Suite\data\design_rules\igg_like_50_four_arm_igfold_fab\Blinatumomab_H2L1.pdb,1,7.97,-0.416,49.8,2.4,0.778,3.0,0,2,5,instability_high (49.8); hydro_patch_high (0.78),PASS,42.02700446891692,4151,4.0858025342707744,0.1471395641565323,,Dual-scheme numbering failed: ANARCI non-gap residue count mismatch (got=118; expected=216)
Blinatumomab,H2L2,50_four_arm,D:\InSynBio-AI-Research\Antibody_Engineer_Suite\data\design_rules\igg_like_50_four_arm_igfold_fab\Blinatumomab_H2L2.pdb,1,8.79,-0.433,50.1,8.2,0.778,3.0,0,2,3,pI_out_of_range (8.79); instability_high (50.1); hydro_patch_high (0.78),PASS,69.77893341596085,6527,4.03105391732673,0.12998764216899872,,Dual-scheme numbering failed: ANARCI non-gap residue count mismatch (got=118; expected=216)
Cevostamab,H1L1,50_four_arm,D:\InSynBio-AI-Research\Antibody_Engineer_Suite\data\design_rules\igg_like_50_four_arm_igfold_fab\Cevostamab_H1L1.pdb,1,8.69,-0.272,43.6,6.4,0.778,3.0,1,3,2,pI_out_of_range (8.69); instability_high (43.6); hydro_patch_high (0.78),PASS,68.73070691995376,4485,4.061870868108943,0.16157087683677673,,Dual-scheme numbering failed: ANARCI non-gap residue count mismatch (got=120; expected=218)
Cevostamab,H1L2,50_four_arm,D:\InSynBio-AI-Research\Antibody_Engineer_Suite\data\design_rules\igg_like_50_four_arm_igfold_fab\Cevostamab_H1L2.pdb,1,8.95,-0.268,43.5,9.3,0.778,3.0,1,4,3,pI_out_of_range (8.95); instability_high (43.5); hydro_patch_high (0.78),PASS,15.991162751283232,4379,4.03030143850789,0.03456896170973778,,Dual-scheme numbering failed: ANARCI non-gap residue count mismatch (got=120; expected=218)
Cevostamab,H2L1,50_four_arm,D:\InSynBio-AI-Research\Antibody_Engineer_Suite\data\design_rules\igg_like_50_four_arm_igfold_fab\Cevostamab_H2L1.pdb,1,8.55,-0.367,44.2,5.3,0.778,3.0,1,2,3,pI_out_of_range (8.55); instability_high (44.2); hydro_patch_high (0.78),PASS,45.88275674529305,3376,4.096399978414837,0.12012521177530289,,Dual-scheme numbering failed: ANARCI non-gap residue count mismatch (got=119; expected=217)
Cevostamab,H2L2,50_four_arm,D:\InSynBio-AI-Research\Antibody_Engineer_Suite\data\design_rules\igg_like_50_four_arm_igfold_fab\Cevostamab_H2L2.pdb,1,8.84,-0.362,44.1,8.2,0.778,3.0,1,3,4,pI_out_of_range (8.84); instability_high (44.1); hydro_patch_high (0.78),PASS,65.68693768842517,8823,4.030669921062859,0.06791164726018906,,Dual-scheme numbering failed: ANARCI non-gap residue count mismatch (got=119; expected=217)
Cibisatamab,Arm1,50_four_arm,D:\InSynBio-AI-Research\Antibody_Engineer_Suite\data\design_rules\igg_like_50_four_arm_igfold_fab\Cibisatamab_Arm1.pdb,1,8.66,-0.31,43.3,6.1,0.778,3.0,0,2,2,pI_out_of_range (8.66); instability_high (43.3); hydro_patch_high (0.78),PASS,65.72015119447364,6031,4.01017751060453,0.1424815058708191,,Dual-scheme numbering failed: ANARCI non-gap residue count mismatch (got=121; expected=219)
Cibisatamab,Arm2_cross,50_four_arm,D:\InSynBio-AI-Research\Antibody_Engineer_Suite\data\design_rules\igg_like_50_four_arm_igfold_fab\Cibisatamab_Arm2_cross.pdb,1,8.01,-0.252,42.4,2.0,0.778,4.0,0,2,2,instability_high (42.4); hydro_patch_high (0.78),PASS,,,,,,
Ciduvectamig,H1L1,50_four_arm,D:\InSynBio-AI-Research\Antibody_Engineer_Suite\data\design_rules\igg_like_50_four_arm_igfold_fab\Ciduvectamig_H1L1.pdb,1,8.46,-0.264,51.5,4.2,0.778,3.0,0,5,3,instability_high (51.5); hydro_patch_high (0.78),PASS,15.674912841345883,6325,4.0342500118909435,0.03449631854891777,,Dual-scheme numbering failed: ANARCI non-gap residue count mismatch (got=118; expected=216)
Ciduvectamig,H1L2,50_four_arm,D:\InSynBio-AI-Research\Antibody_Engineer_Suite\data\design_rules\igg_like_50_four_arm_igfold_fab\Ciduvectamig_H1L2.pdb,1,8.71,-0.237,49.0,6.4,0.778,3.0,0,5,3,pI_out_of_range (8.71); instability_high (49.0); hydro_patch_high (0.78),PASS,45.27403680748072,3584,4.08572713693843,0.13591893017292023,,Dual-scheme numbering failed: ANARCI non-gap residue count mismatch (got=118; expected=216)
Ciduvectamig,H2L1,50_four_arm,D:\InSynBio-AI-Research\Antibody_Engineer_Suite\data\design_rules\igg_like_50_four_arm_igfold_fab\Ciduvectamig_H2L1.pdb,1,8.89,-0.336,53.7,8.0,0.778,3.0,0,3,3,pI_out_of_range (8.89); instability_high (53.7); hydro_patch_high (0.78),PASS,66.84770693061135,5847,4.076170891779236,0.10110373049974442,,Dual-scheme numbering failed: ANARCI non-gap residue count mismatch (got=120; expected=218)
Ciduvectamig,H2L2,50_four_arm,D:\InSynBio-AI-Research\Antibody_Engineer_Suite\data\design_rules\igg_like_50_four_arm_igfold_fab\Ciduvectamig_H2L2.pdb,1,9.04,-0.309,51.2,10.2,0.778,3.0,0,3,3,pI_out_of_range (9.04); instability_high (51.2); hydro_patch_high (0.78),PASS,56.199789810974075,3553,4.100469577174175,0.13378340005874634,,Dual-scheme numbering failed: ANARCI non-gap residue count mismatch (got=120; expected=218)
Cizutamig,H1L1,50_four_arm,D:\InSynBio-AI-Research\Antibody_Engineer_Suite\data\design_rules\igg_like_50_four_arm_igfold_fab\Cizutamig_H1L1.pdb,1,8.43,-0.314,43.2,4.2,0.778,3.0,0,2,2,instability_high (43.2); hydro_patch_high (0.78),PASS,46.84813831543683,4914,4.057678796431893,0.07097184658050537,,Dual-scheme numbering failed: ANARCI non-gap residue count mismatch (got=121; expected=219)
Cizutamig,H1L2,50_four_arm,D:\InSynBio-AI-Research\Antibody_Engineer_Suite\data\design_rules\igg_like_50_four_arm_igfold_fab\Cizutamig_H1L2.pdb,1,8.76,-0.349,46.1,7.2,0.778,3.0,1,2,3,pI_out_of_range (8.76); instability_high (46.1); hydro_patch_high (0.78),PASS,11.480150052819196,4255,4.042033641457901,0.11276990175247192,,Dual-scheme numbering failed: ANARCI non-gap residue count mismatch (got=121; expected=219)
Cizutamig,H2L1,50_four_arm,D:\InSynBio-AI-Research\Antibody_Engineer_Suite\data\design_rules\igg_like_50_four_arm_igfold_fab\Cizutamig_H2L1.pdb,1,8.43,-0.327,40.3,4.2,0.778,3.0,0,2,2,instability_high (40.3); hydro_patch_high (0.78),PASS,67.29734845459642,4745,4.094721402341782,0.1419329047203064,,Dual-scheme numbering failed: ANARCI non-gap residue count mismatch (got=119; expected=217)
Cizutamig,H2L2,50_four_arm,D:\InSynBio-AI-Research\Antibody_Engineer_Suite\data\design_rules\igg_like_50_four_arm_igfold_fab\Cizutamig_H2L2.pdb,1,8.76,-0.361,43.1,7.2,0.778,3.0,1,2,3,pI_out_of_range (8.76); instability_high (43.1); hydro_patch_high (0.78),PASS,12.468406623956955,4180,4.028204844459377,0.15017294883728027,,Dual-scheme numbering failed: ANARCI non-gap residue count mismatch (got=119; expected=217)
Clesitamig,H1L1,50_four_arm,D:\InSynBio-AI-Research\Antibody_Engineer_Suite\data\design_rules\igg_like_50_four_arm_igfold_fab\Clesitamig_H1L1.pdb,1,7.07,-0.227,40.4,0.1,0.778,3.0,0,3,2,instability_high (40.4); hydro_patch_high (0.78),PASS,39.79468149465848,4291,4.060421183289966,0.13688308000564575,,Dual-scheme numbering failed: ANARCI non-gap residue count mismatch (got=119; expected=217)
Clesitamig,H1L2,50_four_arm,D:\InSynBio-AI-Research\Antibody_Engineer_Suite\data\design_rules\igg_like_50_four_arm_igfold_fab\Clesitamig_H1L2.pdb,1,8.58,-0.265,39.7,5.4,0.778,3.0,0,2,2,pI_out_of_range (8.58); hydro_patch_high (0.78),PASS,21.044129504645152,4099,4.029110790380146,0.21240757405757904,,Dual-scheme numbering failed: ANARCI non-gap residue count mismatch (got=119; expected=217)
Clesitamig,H2L1,50_four_arm,D:\InSynBio-AI-Research\Antibody_Engineer_Suite\data\design_rules\igg_like_50_four_arm_igfold_fab\Clesitamig_H2L1.pdb,1,7.63,-0.258,47.5,1.3,0.778,3.0,0,5,3,instability_high (47.5); hydro_patch_high (0.78),PASS,42.91999144767651,3322,4.106403767280296,0.18586799502372742,,Dual-scheme numbering failed: ANARCI non-gap residue count mismatch (got=128; expected=226)
Clesitamig,H2L2,50_four_arm,D:\InSynBio-AI-Research\Antibody_Engineer_Suite\data\design_rules\igg_like_50_four_arm_igfold_fab\Clesitamig_H2L2.pdb,1,8.68,-0.295,46.8,6.6,0.778,3.0,0,4,3,pI_out_of_range (8.68); instability_high (46.8); hydro_patch_high (0.78),PASS,86.56825573507648,4568,4.057200462924362,0.06129425764083862,,Dual-scheme numbering failed: ANARCI non-gap residue count mismatch (got=128; expected=226)
Denecimig,H1L1,50_four_arm,D:\InSynBio-AI-Research\Antibody_Engineer_Suite\data\design_rules\igg_like_50_four_arm_igfold_fab\Denecimig_H1L1.pdb,1,9.02,-0.284,45.5,10.3,0.778,3.0,0,4,3,pI_out_of_range (9.02); instability_high (45.5); hydro_patch_high (0.78),PASS,55.32228188518009,4918,4.065068431948461,0.12042007595300674,,Dual-scheme numbering failed: ANARCI non-gap residue count mismatch (got=122; expected=220)
Denecimig,H1L2,50_four_arm,D:\InSynBio-AI-Research\Antibody_Engineer_Suite\data\design_rules\igg_like_50_four_arm_igfold_fab\Denecimig_H1L2.pdb,1,8.81,-0.284,47.9,7.3,0.778,3.0,0,4,4,pI_out_of_range (8.81); instability_high (47.9); hydro_patch_high (0.78),PASS,31.018662216836212,4514,4.0126353855670365,0.07022830098867416,,Dual-scheme numbering failed: ANARCI non-gap residue count mismatch (got=122; expected=220)
Denecimig,H2L1,50_four_arm,D:\InSynBio-AI-Research\Antibody_Engineer_Suite\data\design_rules\igg_like_50_four_arm_igfold_fab\Denecimig_H2L1.pdb,1,8.57,-0.296,46.5,5.3,0.778,3.0,1,3,3,pI_out_of_range (8.57); instability_high (46.5); hydro_patch_high (0.78),PASS,75.15961337064576,4925,4.079308593221911,0.09352543950080872,,Dual-scheme numbering failed: ANARCI non-gap residue count mismatch (got=120; expected=218)
Denecimig,H2L2,50_four_arm,D:\InSynBio-AI-Research\Antibody_Engineer_Suite\data\design_rules\igg_like_50_four_arm_igfold_fab\Denecimig_H2L2.pdb,1,8.04,-0.296,48.8,2.3,0.778,3.0,1,3,4,instability_high (48.8); hydro_patch_high (0.78),PASS,27.207666576247362,4946,4.050457944721011,0.18655803799629211,,Dual-scheme numbering failed: ANARCI non-gap residue count mismatch (got=120; expected=218)
Dilpacimab,H1L1,50_four_arm,D:\InSynBio-AI-Research\Antibody_Engineer_Suite\data\design_rules\igg_like_50_four_arm_igfold_fab\Dilpacimab_H1L1.pdb,1,8.27,-0.322,45.0,3.1,0.778,3.0,0,5,5,instability_high (45.0); hydro_patch_high (0.78),PASS,48.22851552127621,6039,4.040771302105695,0.10879829525947571,,Dual-scheme numbering failed: ANARCI non-gap residue count mismatch (got=118; expected=216)
Dilpacimab,H1L2,50_four_arm,D:\InSynBio-AI-Research\Antibody_Engineer_Suite\data\design_rules\igg_like_50_four_arm_igfold_fab\Dilpacimab_H1L2.pdb,1,8.58,-0.275,44.8,5.2,0.778,3.0,1,5,4,pI_out_of_range (8.58); instability_high (44.8); hydro_patch_high (0.78),PASS,8.600885896901206,6080,4.0079156858479035,0.14411476254463196,,Dual-scheme numbering failed: ANARCI non-gap residue count mismatch (got=118; expected=216)
Dilpacimab,H2L1,50_four_arm,D:\InSynBio-AI-Research\Antibody_Engineer_Suite\data\design_rules\igg_like_50_four_arm_igfold_fab\Dilpacimab_H2L1.pdb,1,7.68,-0.349,44.5,1.3,0.778,3.0,0,3,3,instability_high (44.5); hydro_patch_high (0.78),PASS,52.27773127870252,4024,4.038571112380221,0.18084783852100372,,Dual-scheme numbering failed: ANARCI non-gap residue count mismatch (got=123; expected=221)
Dilpacimab,H2L2,50_four_arm,D:\InSynBio-AI-Research\Antibody_Engineer_Suite\data\design_rules\igg_like_50_four_arm_igfold_fab\Dilpacimab_H2L2.pdb,1,8.26,-0.303,44.4,3.4,0.778,3.0,1,3,2,instability_high (44.4); hydro_patch_high (0.78),PASS,61.321752958308615,3408,4.057003824331223,0.18710961937904358,,Dual-scheme numbering failed: ANARCI non-gap residue count mismatch (got=123; expected=221)
Elranatamab,H1L1,50_four_arm,D:\InSynBio-AI-Research\Antibody_Engineer_Suite\data\design_rules\igg_like_50_four_arm_igfold_fab\Elranatamab_H1L1.pdb,1,8.46,-0.236,46.8,4.1,0.778,3.0,0,4,2,instability_high (46.8); hydro_patch_high (0.78),PASS,43.71762452340869,5328,4.042550530792229,0.09319285303354263,,Dual-scheme numbering failed: ANARCI non-gap residue count mismatch (got=115; expected=213)
Elranatamab,H1L2,50_four_arm,D:\InSynBio-AI-Research\Antibody_Engineer_Suite\data\design_rules\igg_like_50_four_arm_igfold_fab\Elranatamab_H1L2.pdb,1,8.7,-0.245,46.7,6.1,0.778,3.0,0,4,3,pI_out_of_range (8.70); instability_high (46.7); hydro_patch_high (0.78),PASS,21.108140573876323,3868,4.022157702739718,0.1332596093416214,,Dual-scheme numbering failed: ANARCI non-gap residue count mismatch (got=115; expected=213)
Elranatamab,H2L1,50_four_arm,D:\InSynBio-AI-Research\Antibody_Engineer_Suite\data\design_rules\igg_like_50_four_arm_igfold_fab\Elranatamab_H2L1.pdb,1,8.7,-0.327,46.6,6.2,0.778,3.0,0,4,2,pI_out_of_range (8.70); instability_high (46.6); hydro_patch_high (0.78),PASS,30.745560224208134,4368,4.0888231760836025,0.19325371086597443,,Dual-scheme numbering failed: ANARCI non-gap residue count mismatch (got=121; expected=219)
Elranatamab,H2L2,50_four_arm,D:\InSynBio-AI-Research\Antibody_Engineer_Suite\data\design_rules\igg_like_50_four_arm_igfold_fab\Elranatamab_H2L2.pdb,1,8.87,-0.335,46.5,8.2,0.778,3.0,0,4,3,pI_out_of_range (8.87); instability_high (46.5); hydro_patch_high (0.78),PASS,8.587941855804502,4003,4.059519181896334,0.10527074337005615,,Dual-scheme numbering failed: ANARCI non-gap residue count mismatch (got=121; expected=219)
Epcoritamab,H1L1,50_four_arm,D:\InSynBio-AI-Research\Antibody_Engineer_Suite\data\design_rules\igg_like_50_four_arm_igfold_fab\Epcoritamab_H1L1.pdb,1,8.97,-0.221,43.6,9.2,0.778,3.0,0,3,4,pI_out_of_range (8.97); instability_high (43.6); hydro_patch_high (0.78),PASS,61.19037010106668,3586,4.08596432531806,0.10700914263725281,,Dual-scheme numbering failed: ANARCI non-gap residue count mismatch (got=125; expected=223)
Epcoritamab,H1L2,50_four_arm,D:\InSynBio-AI-Research\Antibody_Engineer_Suite\data\design_rules\igg_like_50_four_arm_igfold_fab\Epcoritamab_H1L2.pdb,1,8.88,-0.31,47.6,8.2,0.778,3.0,0,3,4,pI_out_of_range (8.88); instability_high (47.6); hydro_patch_high (0.78),PASS,37.01429911753292,3085,4.09387002605519,0.18003903329372406,,Dual-scheme numbering failed: ANARCI non-gap residue count mismatch (got=125; expected=223)
Epcoritamab,H2L1,50_four_arm,D:\InSynBio-AI-Research\Antibody_Engineer_Suite\data\design_rules\igg_like_50_four_arm_igfold_fab\Epcoritamab_H2L1.pdb,1,8.46,-0.207,43.7,4.3,0.778,3.0,0,5,3,instability_high (43.7); hydro_patch_high (0.78),PASS,18.144362278286142,3718,4.071339559385679,0.18651804327964783,,Dual-scheme numbering failed: ANARCI non-gap residue count mismatch (got=122; expected=220)
Epcoritamab,H2L2,50_four_arm,D:\InSynBio-AI-Research\Antibody_Engineer_Suite\data\design_rules\igg_like_50_four_arm_igfold_fab\Epcoritamab_H2L2.pdb,1,8.28,-0.297,47.8,3.3,0.778,3.0,0,5,3,instability_high (47.8); hydro_patch_high (0.78),PASS,44.364229627392774,4558,4.110945889405333,0.15215139091014862,,Dual-scheme numbering failed: ANARCI non-gap residue count mismatch (got=122; expected=220)
Fanastomig,H1L1,50_four_arm,D:\InSynBio-AI-Research\Antibody_Engineer_Suite\data\design_rules\igg_like_50_four_arm_igfold_fab\Fanastomig_H1L1.pdb,1,7.12,-0.287,52.6,0.2,0.778,3.0,0,2,3,instability_high (52.6); hydro_patch_high (0.78),PASS,63.40729123072652,3498,4.075810812573009,0.19445571303367615,,Dual-scheme numbering failed: ANARCI non-gap residue count mismatch (got=113; expected=211)
Fanastomig,H1L2,50_four_arm,D:\InSynBio-AI-Research\Antibody_Engineer_Suite\data\design_rules\igg_like_50_four_arm_igfold_fab\Fanastomig_H1L2.pdb,1,7.16,-0.325,48.6,0.3,0.778,3.0,0,2,2,instability_high (48.6); hydro_patch_high (0.78),PASS,50.923950547830195,3898,4.0919265087836685,0.10640065371990204,,Dual-scheme numbering failed: ANARCI non-gap residue count mismatch (got=113; expected=211)
Fanastomig,H2L1,50_four_arm,D:\InSynBio-AI-Research\Antibody_Engineer_Suite\data\design_rules\igg_like_50_four_arm_igfold_fab\Fanastomig_H2L1.pdb,1,8.27,-0.282,50.4,3.3,0.778,3.0,0,4,3,instability_high (50.4); hydro_patch_high (0.78),PASS,73.51327838066656,5434,4.017813178572427,0.07268431782722473,,Dual-scheme numbering failed: ANARCI non-gap residue count mismatch (got=121; expected=219)
Fanastomig,H2L2,50_four_arm,D:\InSynBio-AI-Research\Antibody_Engineer_Suite\data\design_rules\igg_like_50_four_arm_igfold_fab\Fanastomig_H2L2.pdb,1,8.26,-0.32,46.4,3.4,0.778,3.0,0,4,2,instability_high (46.4); hydro_patch_high (0.78),PASS,32.68635218690182,4930,4.0278089427960895,0.21361888945102692,,Dual-scheme numbering failed: ANARCI non-gap residue count mismatch (got=121; expected=219)
Faricimab,H1L1,50_four_arm,D:\InSynBio-AI-Research\Antibody_Engineer_Suite\data\design_rules\igg_like_50_four_arm_igfold_fab\Faricimab_H1L1.pdb,1,8.03,-0.299,44.7,2.4,0.778,3.0,1,3,2,instability_high (44.7); hydro_patch_high (0.78),PASS,63.45353698789231,3547,4.046829236288437,0.14730626344680786,,Dual-scheme numbering failed: ANARCI non-gap residue count mismatch (got=123; expected=221)
Faricimab,H1L2,50_four_arm,D:\InSynBio-AI-Research\Antibody_Engineer_Suite\data\design_rules\igg_like_50_four_arm_igfold_fab\Faricimab_H1L2.pdb,1,6.79,-0.32,43.8,-0.5,0.778,4.0,1,4,4,instability_high (43.8); hydro_patch_high (0.78),PASS,34.32951509611269,3775,4.055186960301785,0.1566779464483261,,Dual-scheme numbering failed: ANARCI non-gap residue count mismatch (got=123; expected=221)
Faricimab,H2L1,50_four_arm,D:\InSynBio-AI-Research\Antibody_Engineer_Suite\data\design_rules\igg_like_50_four_arm_igfold_fab\Faricimab_H2L1.pdb,1,8.66,-0.348,48.0,6.2,0.778,3.0,1,3,3,pI_out_of_range (8.66); instability_high (48.0); hydro_patch_high (0.78),PASS,16.47299383266365,4100,3.9998425278064453,0.18000249564647675,,Dual-scheme numbering failed: ANARCI non-gap residue count mismatch (got=129; expected=227)
Faricimab,H2L2,50_four_arm,D:\InSynBio-AI-Research\Antibody_Engineer_Suite\data\design_rules\igg_like_50_four_arm_igfold_fab\Faricimab_H2L2.pdb,1,8.25,-0.368,47.0,3.3,0.778,4.0,1,4,5,instability_high (47.0); hydro_patch_high (0.78),PASS,70.48931048435779,4158,4.038102069238631,0.1391691118478775,,Dual-scheme numbering failed: ANARCI non-gap residue count mismatch (got=129; expected=227)
Fazpilodemab,H1L1,50_four_arm,D:\InSynBio-AI-Research\Antibody_Engineer_Suite\data\design_rules\igg_like_50_four_arm_igfold_fab\Fazpilodemab_H1L1.pdb,1,6.03,-0.281,42.1,-2.8,0.778,3.0,0,4,3,instability_high (42.1); hydro_patch_high (0.78),PASS,23.420075303733622,5349,4.0634643547551645,0.11448145657777786,,Dual-scheme numbering failed: ANARCI non-gap residue count mismatch (got=120; expected=218)
Fazpilodemab,H1L2,50_four_arm,D:\InSynBio-AI-Research\Antibody_Engineer_Suite\data\design_rules\igg_like_50_four_arm_igfold_fab\Fazpilodemab_H1L2.pdb,1,7.68,-0.228,42.6,1.2,0.778,3.0,0,4,2,instability_high (42.6); hydro_patch_high (0.78),PASS,83.11000152683489,4993,4.058688177188456,0.0810493677854538,,Dual-scheme numbering failed: ANARCI non-gap residue count mismatch (got=120; expected=218)
Fazpilodemab,H2L1,50_four_arm,D:\InSynBio-AI-Research\Antibody_Engineer_Suite\data\design_rules\igg_like_50_four_arm_igfold_fab\Fazpilodemab_H2L1.pdb,1,5.4,-0.311,42.8,-5.9,0.778,3.0,0,3,5,pI_out_of_range (5.40); instability_high (42.8); hydro_patch_high (0.78),PASS,25.311842035543947,4326,4.037114583718515,0.25048157572746277,,Dual-scheme numbering failed: ANARCI non-gap residue count mismatch (got=116; expected=214)
Fazpilodemab,H2L2,50_four_arm,D:\InSynBio-AI-Research\Antibody_Engineer_Suite\data\design_rules\igg_like_50_four_arm_igfold_fab\Fazpilodemab_H2L2.pdb,1,6.16,-0.257,43.3,-1.9,0.778,3.0,0,3,4,instability_high (43.3); hydro_patch_high (0.78),PASS,84.2136058308424,5131,4.060523071017568,0.15700317919254303,,Dual-scheme numbering failed: ANARCI non-gap residue count mismatch (got=116; expected=214)
Fidasimtamab,H1L1,50_four_arm,D:\InSynBio-AI-Research\Antibody_Engineer_Suite\data\design_rules\igg_like_50_four_arm_igfold_fab\Fidasimtamab_H1L1.pdb,1,8.7,-0.265,47.9,6.3,0.778,3.0,0,4,4,pI_out_of_range (8.70); instability_high (47.9); hydro_patch_high (0.78),PASS,74.97652343481701,4819,4.065998811302817,0.1124187484383583,,Dual-scheme numbering failed: ANARCI non-gap residue count mismatch (got=120; expected=218)
Fidasimtamab,H1L2,50_four_arm,D:\InSynBio-AI-Research\Antibody_Engineer_Suite\data\design_rules\igg_like_50_four_arm_igfold_fab\Fidasimtamab_H1L2.pdb,1,8.69,-0.304,46.7,6.3,0.778,3.0,0,4,4,pI_out_of_range (8.69); instability_high (46.7); hydro_patch_high (0.78),PASS,85.75883818592392,5087,4.0638145412606,0.2021830976009369,,Dual-scheme numbering failed: ANARCI non-gap residue count mismatch (got=120; expected=218)
Fidasimtamab,H2L1,50_four_arm,D:\InSynBio-AI-Research\Antibody_Engineer_Suite\data\design_rules\igg_like_50_four_arm_igfold_fab\Fidasimtamab_H2L1.pdb,1,8.7,-0.265,47.9,6.3,0.778,3.0,0,4,4,pI_out_of_range (8.70); instability_high (47.9); hydro_patch_high (0.78),PASS,74.97652343481701,4819,4.065998811302817,0.1124187484383583,,Dual-scheme numbering failed: ANARCI non-gap residue count mismatch (got=120; expected=218)
Fidasimtamab,H2L2,50_four_arm,D:\InSynBio-AI-Research\Antibody_Engineer_Suite\data\design_rules\igg_like_50_four_arm_igfold_fab\Fidasimtamab_H2L2.pdb,1,8.69,-0.304,46.7,6.3,0.778,3.0,0,4,4,pI_out_of_range (8.69); instability_high (46.7); hydro_patch_high (0.78),PASS,85.75883818592392,5087,4.0638145412606,0.2021830976009369,,Dual-scheme numbering failed: ANARCI non-gap residue count mismatch (got=120; expected=218)
Forimtamig,Arm1,50_four_arm,D:\InSynBio-AI-Research\Antibody_Engineer_Suite\data\design_rules\igg_like_50_four_arm_igfold_fab\Forimtamig_Arm1.pdb,1,8.8,-0.27,47.3,7.1,0.778,3.0,0,2,2,pI_out_of_range (8.80); instability_high (47.3); hydro_patch_high (0.78),PASS,27.430665173094802,4232,4.069797325799708,0.14879818260669708,,Dual-scheme numbering failed: ANARCI non-gap residue count mismatch (got=118; expected=216)
Forimtamig,Arm2_cross,50_four_arm,D:\InSynBio-AI-Research\Antibody_Engineer_Suite\data\design_rules\igg_like_50_four_arm_igfold_fab\Forimtamig_Arm2_cross.pdb,1,8.87,-0.249,45.4,8.2,0.778,4.0,0,3,4,pI_out_of_range (8.87); instability_high (45.4); hydro_patch_high (0.78),PASS,,,,,,
Glofitamab,Arm1,50_four_arm,D:\InSynBio-AI-Research\Antibody_Engineer_Suite\data\design_rules\igg_like_50_four_arm_igfold_fab\Glofitamab_Arm1.pdb,1,8.89,-0.236,43.3,8.2,0.778,4.0,0,4,4,pI_out_of_range (8.89); instability_high (43.3); hydro_patch_high (0.78),PASS,86.22503019069917,3648,4.0853891191161695,0.2170947641134262,,Dual-scheme numbering failed: ANARCI non-gap residue count mismatch (got=125; expected=223)
Glofitamab,Arm2_cross,50_four_arm,D:\InSynBio-AI-Research\Antibody_Engineer_Suite\data\design_rules\igg_like_50_four_arm_igfold_fab\Glofitamab_Arm2_cross.pdb,1,8.42,-0.245,42.5,4.1,0.778,3.0,4,4,4,instability_high (42.5); hydro_patch_high (0.78),PASS,,,,,,
Gremubamab,H1L1,50_four_arm,D:\InSynBio-AI-Research\Antibody_Engineer_Suite\data\design_rules\igg_like_50_four_arm_igfold_fab\Gremubamab_H1L1.pdb,1,8.27,-0.275,49.0,3.2,0.778,3.0,0,4,2,instability_high (49.0); hydro_patch_high (0.78),PASS,9.902645308168015,5107,4.082647867007603,0.1229507327079773,,Dual-scheme numbering failed: ANARCI non-gap residue count mismatch (got=124; expected=222)
Gremubamab,H1L2,50_four_arm,D:\InSynBio-AI-Research\Antibody_Engineer_Suite\data\design_rules\igg_like_50_four_arm_igfold_fab\Gremubamab_H1L2.pdb,1,8.42,-0.275,48.9,4.3,0.778,3.0,0,4,2,instability_high (48.9); hydro_patch_high (0.78),PASS,24.302414219972942,5095,4.062952513676262,0.12536761164665222,,Dual-scheme numbering failed: ANARCI non-gap residue count mismatch (got=124; expected=222)
Gremubamab,H2L1,50_four_arm,D:\InSynBio-AI-Research\Antibody_Engineer_Suite\data\design_rules\igg_like_50_four_arm_igfold_fab\Gremubamab_H2L1.pdb,1,8.75,-0.284,46.2,7.1,0.778,3.0,0,2,2,pI_out_of_range (8.75); instability_high (46.2); hydro_patch_high (0.78),PASS,11.579252259847621,4657,4.049506241915437,0.042544275522232056,,Dual-scheme numbering failed: ANARCI non-gap residue count mismatch (got=119; expected=217)
Gremubamab,H2L2,50_four_arm,D:\InSynBio-AI-Research\Antibody_Engineer_Suite\data\design_rules\igg_like_50_four_arm_igfold_fab\Gremubamab_H2L2.pdb,1,8.82,-0.284,46.1,8.2,0.778,3.0,0,2,2,pI_out_of_range (8.82); instability_high (46.1); hydro_patch_high (0.78),PASS,31.4168882904816,4749,4.0228012091218,0.07368861883878708,,Dual-scheme numbering failed: ANARCI non-gap residue count mismatch (got=119; expected=217)
Ivicentamab,H1L1,50_four_arm,D:\InSynBio-AI-Research\Antibody_Engineer_Suite\data\design_rules\igg_like_50_four_arm_igfold_fab\Ivicentamab_H1L1.pdb,1,8.27,-0.218,45.6,3.1,0.778,3.0,1,4,3,instability_high (45.6); hydro_patch_high (0.78),PASS,45.32380004675749,4475,4.050928606360213,0.12342583388090134,,Dual-scheme numbering failed: ANARCI non-gap residue count mismatch (got=120; expected=218)
Ivicentamab,H1L2,50_four_arm,D:\InSynBio-AI-Research\Antibody_Engineer_Suite\data\design_rules\igg_like_50_four_arm_igfold_fab\Ivicentamab_H1L2.pdb,1,8.44,-0.274,45.7,4.2,0.778,3.0,0,5,2,instability_high (45.7); hydro_patch_high (0.78),PASS,46.987909828242515,4960,4.03202627651011,0.12695665657520294,,Dual-scheme numbering failed: ANARCI non-gap residue count mismatch (got=120; expected=218)
Ivicentamab,H2L1,50_four_arm,D:\InSynBio-AI-Research\Antibody_Engineer_Suite\data\design_rules\igg_like_50_four_arm_igfold_fab\Ivicentamab_H2L1.pdb,1,8.28,-0.226,42.8,3.1,0.778,3.0,1,4,3,instability_high (42.8); hydro_patch_high (0.78),PASS,44.59290262520855,4729,4.042332227767115,0.13484066724777222,,Dual-scheme numbering failed: ANARCI non-gap residue count mismatch (got=119; expected=217)
Ivicentamab,H2L2,50_four_arm,D:\InSynBio-AI-Research\Antibody_Engineer_Suite\data\design_rules\igg_like_50_four_arm_igfold_fab\Ivicentamab_H2L2.pdb,1,8.45,-0.283,42.9,4.2,0.778,3.0,0,5,2,instability_high (42.9); hydro_patch_high (0.78),PASS,32.57519351172222,4751,4.044422052495313,0.1410922408103943,,Dual-scheme numbering failed: ANARCI non-gap residue count mismatch (got=119; expected=217)
Linclatamig,H1L1,50_four_arm,D:\InSynBio-AI-Research\Antibody_Engineer_Suite\data\design_rules\igg_like_50_four_arm_igfold_fab\Linclatamig_H1L1.pdb,1,8.59,-0.253,44.7,5.1,0.778,3.0,0,3,3,pI_out_of_range (8.59); instability_high (44.7); hydro_patch_high (0.78),PASS,77.39566587687706,4522,4.0829201913255035,0.1899080127477646,,Dual-scheme numbering failed: ANARCI non-gap residue count mismatch (got=112; expected=210)
Linclatamig,H1L2,50_four_arm,D:\InSynBio-AI-Research\Antibody_Engineer_Suite\data\design_rules\igg_like_50_four_arm_igfold_fab\Linclatamig_H1L2.pdb,1,8.29,-0.221,45.1,3.1,0.778,3.0,1,4,4,instability_high (45.1); hydro_patch_high (0.78),PASS,17.851515073068377,4619,4.071452337978658,0.21055416762828827,,Dual-scheme numbering failed: ANARCI non-gap residue count mismatch (got=112; expected=210)
Linclatamig,H2L1,50_four_arm,D:\InSynBio-AI-Research\Antibody_Engineer_Suite\data\design_rules\igg_like_50_four_arm_igfold_fab\Linclatamig_H2L1.pdb,1,8.75,-0.383,42.6,7.2,0.778,3.0,0,2,3,pI_out_of_range (8.75); instability_high (42.6); hydro_patch_high (0.78),PASS,48.50720399029452,3174,4.103272432012902,0.05849815905094147,,Dual-scheme numbering failed: ANARCI non-gap residue count mismatch (got=119; expected=217)
Linclatamig,H2L2,50_four_arm,D:\InSynBio-AI-Research\Antibody_Engineer_Suite\data\design_rules\igg_like_50_four_arm_igfold_fab\Linclatamig_H2L2.pdb,1,8.55,-0.351,43.0,5.2,0.778,3.0,1,3,4,pI_out_of_range (8.55); instability_high (43.0); hydro_patch_high (0.78),PASS,14.874666458662128,4218,4.044138118983409,0.04428330436348915,,Dual-scheme numbering failed: ANARCI non-gap residue count mismatch (got=119; expected=217)
Lomvastomig,Arm1,50_four_arm,D:\InSynBio-AI-Research\Antibody_Engineer_Suite\data\design_rules\igg_like_50_four_arm_igfold_fab\Lomvastomig_Arm1.pdb,1,6.61,-0.243,44.8,-0.8,0.778,3.0,0,5,5,instability_high (44.8); hydro_patch_high (0.78),PASS,25.273619074201193,4622,4.069567068922986,0.19171042740345,,Dual-scheme numbering failed: ANARCI non-gap residue count mismatch (got=120; expected=218)
Lomvastomig,Arm2_cross,50_four_arm,D:\InSynBio-AI-Research\Antibody_Engineer_Suite\data\design_rules\igg_like_50_four_arm_igfold_fab\Lomvastomig_Arm2_cross.pdb,1,8.26,-0.28,48.7,3.3,0.778,3.0,1,3,2,instability_high (48.7); hydro_patch_high (0.78),PASS,,,,,,
Lutikizumab,H1L1,50_four_arm,D:\InSynBio-AI-Research\Antibody_Engineer_Suite\data\design_rules\igg_like_50_four_arm_igfold_fab\Lutikizumab_H1L1.pdb,1,8.7,-0.28,45.6,6.4,0.778,3.0,0,3,5,pI_out_of_range (8.70); instability_high (45.6); hydro_patch_high (0.78),PASS,83.47720716674614,5598,4.06736444687408,0.17023813724517822,,Dual-scheme numbering failed: ANARCI non-gap residue count mismatch (got=119; expected=217)
Lutikizumab,H1L2,50_four_arm,D:\InSynBio-AI-Research\Antibody_Engineer_Suite\data\design_rules\igg_like_50_four_arm_igfold_fab\Lutikizumab_H1L2.pdb,1,8.6,-0.271,46.7,5.3,0.778,3.0,0,3,4,pI_out_of_range (8.60); instability_high (46.7); hydro_patch_high (0.78),PASS,73.62997095251313,5187,4.061070750217392,0.07996336370706558,,Dual-scheme numbering failed: ANARCI non-gap residue count mismatch (got=119; expected=217)
Lutikizumab,H2L1,50_four_arm,D:\InSynBio-AI-Research\Antibody_Engineer_Suite\data\design_rules\igg_like_50_four_arm_igfold_fab\Lutikizumab_H2L1.pdb,1,8.97,-0.231,48.1,9.4,0.778,3.0,0,3,5,pI_out_of_range (8.97); instability_high (48.1); hydro_patch_high (0.78),PASS,41.03599510925583,5081,4.0683299204368994,0.1938580870628357,,Dual-scheme numbering failed: ANARCI non-gap residue count mismatch (got=122; expected=220)
Lutikizumab,H2L2,50_four_arm,D:\InSynBio-AI-Research\Antibody_Engineer_Suite\data\design_rules\igg_like_50_four_arm_igfold_fab\Lutikizumab_H2L2.pdb,1,8.9,-0.222,49.2,8.3,0.778,3.0,0,3,4,pI_out_of_range (8.90); instability_high (49.2); hydro_patch_high (0.78),PASS,42.87765603569079,4879,4.061156977825675,0.14042089879512787,,Dual-scheme numbering failed: ANARCI non-gap residue count mismatch (got=122; expected=220)
Mosunetuzumab,H1L1,50_four_arm,D:\InSynBio-AI-Research\Antibody_Engineer_Suite\data\design_rules\igg_like_50_four_arm_igfold_fab\Mosunetuzumab_H1L1.pdb,1,8.66,-0.35,42.6,6.2,0.778,3.0,1,3,5,pI_out_of_range (8.66); instability_high (42.6); hydro_patch_high (0.78),PASS,16.164056885796466,4160,4.0639612947730575,0.05938051640987396,,Dual-scheme numbering failed: ANARCI non-gap residue count mismatch (got=119; expected=217)
Mosunetuzumab,H1L2,50_four_arm,D:\InSynBio-AI-Research\Antibody_Engineer_Suite\data\design_rules\igg_like_50_four_arm_igfold_fab\Mosunetuzumab_H1L2.pdb,1,8.55,-0.362,45.6,5.3,0.778,3.0,0,2,4,pI_out_of_range (8.55); instability_high (45.6); hydro_patch_high (0.78),PASS,43.46138543215891,5198,4.073984643034771,0.16150827705860138,,Dual-scheme numbering failed: ANARCI non-gap residue count mismatch (got=119; expected=217)
Mosunetuzumab,H2L1,50_four_arm,D:\InSynBio-AI-Research\Antibody_Engineer_Suite\data\design_rules\igg_like_50_four_arm_igfold_fab\Mosunetuzumab_H2L1.pdb,1,8.86,-0.293,41.7,8.2,0.778,3.0,1,6,3,pI_out_of_range (8.86); instability_high (41.7); hydro_patch_high (0.78),PASS,7.600233915454978,5011,4.052688021545613,0.18617461621761322,,Dual-scheme numbering failed: ANARCI non-gap residue count mismatch (got=122; expected=220)
Mosunetuzumab,H2L2,50_four_arm,D:\InSynBio-AI-Research\Antibody_Engineer_Suite\data\design_rules\igg_like_50_four_arm_igfold_fab\Mosunetuzumab_H2L2.pdb,1,8.78,-0.303,44.6,7.3,0.778,3.0,0,5,2,pI_out_of_range (8.78); instability_high (44.6); hydro_patch_high (0.78),PASS,19.190674225611026,4901,4.058565103469751,0.09590160101652145,,Dual-scheme numbering failed: ANARCI non-gap residue count mismatch (got=122; expected=220)
Obrixtamig,H1L1,50_four_arm,D:\InSynBio-AI-Research\Antibody_Engineer_Suite\data\design_rules\igg_like_50_four_arm_igfold_fab\Obrixtamig_H1L1.pdb,1,8.85,-0.267,45.3,8.2,0.778,3.0,2,2,3,pI_out_of_range (8.85); instability_high (45.3); hydro_patch_high (0.78),PASS,27.67682808094078,4578,4.0434031237588774,0.1036003977060318,,Dual-scheme numbering failed: ANARCI non-gap residue count mismatch (got=124; expected=222)
Obrixtamig,H1L2,50_four_arm,D:\InSynBio-AI-Research\Antibody_Engineer_Suite\data\design_rules\igg_like_50_four_arm_igfold_fab\Obrixtamig_H1L2.pdb,1,8.79,-0.211,41.6,7.1,0.778,4.0,1,2,2,pI_out_of_range (8.79); instability_high (41.6); hydro_patch_high (0.78),PASS,44.91174278175259,3569,4.099598608285736,0.15110960602760315,,Dual-scheme numbering failed: ANARCI non-gap residue count mismatch (got=124; expected=222)
Obrixtamig,H2L1,50_four_arm,D:\InSynBio-AI-Research\Antibody_Engineer_Suite\data\design_rules\igg_like_50_four_arm_igfold_fab\Obrixtamig_H2L1.pdb,1,8.85,-0.302,46.4,8.3,0.778,3.0,1,3,5,pI_out_of_range (8.85); instability_high (46.4); hydro_patch_high (0.78),PASS,36.785346681968825,4012,4.039285259582467,0.04099978506565094,,Dual-scheme numbering failed: ANARCI non-gap residue count mismatch (got=125; expected=223)
Obrixtamig,H2L2,50_four_arm,D:\InSynBio-AI-Research\Antibody_Engineer_Suite\data\design_rules\igg_like_50_four_arm_igfold_fab\Obrixtamig_H2L2.pdb,1,8.79,-0.245,42.6,7.2,0.778,4.0,0,3,4,pI_out_of_range (8.79); instability_high (42.6); hydro_patch_high (0.78),PASS,64.57936981358345,3651,4.09755499816027,0.15069544315338135,,Dual-scheme numbering failed: ANARCI non-gap residue count mismatch (got=125; expected=223)
Remtolumab,H1L1,50_four_arm,D:\InSynBio-AI-Research\Antibody_Engineer_Suite\data\design_rules\igg_like_50_four_arm_igfold_fab\Remtolumab_H1L1.pdb,1,8.58,-0.279,48.8,5.3,0.778,3.0,0,5,3,pI_out_of_range (8.58); instability_high (48.8); hydro_patch_high (0.78),PASS,51.581037539353545,5573,4.0217341718742095,0.09289834648370743,,Dual-scheme numbering failed: ANARCI non-gap residue count mismatch (got=121; expected=219)
Remtolumab,H1L2,50_four_arm,D:\InSynBio-AI-Research\Antibody_Engineer_Suite\data\design_rules\igg_like_50_four_arm_igfold_fab\Remtolumab_H1L2.pdb,1,6.34,-0.317,46.6,-2.4,0.778,3.0,0,6,4,instability_high (46.6); hydro_patch_high (0.78),PASS,46.70781259930881,4605,4.03427044209528,0.1802164912223816,,Dual-scheme numbering failed: ANARCI non-gap residue count mismatch (got=121; expected=219)
Remtolumab,H2L1,50_four_arm,D:\InSynBio-AI-Research\Antibody_Engineer_Suite\data\design_rules\igg_like_50_four_arm_igfold_fab\Remtolumab_H2L1.pdb,1,8.27,-0.323,43.9,3.2,0.778,3.0,0,3,3,instability_high (43.9); hydro_patch_high (0.78),PASS,85.02685348504674,4716,4.005206237035996,0.1618054360151291,,Dual-scheme numbering failed: ANARCI non-gap residue count mismatch (got=126; expected=224)
Remtolumab,H2L2,50_four_arm,D:\InSynBio-AI-Research\Antibody_Engineer_Suite\data\design_rules\igg_like_50_four_arm_igfold_fab\Remtolumab_H2L2.pdb,1,5.94,-0.361,41.8,-4.5,0.778,3.0,0,4,4,instability_high (41.8); hydro_patch_high (0.78),PASS,16.617177306115863,4377,4.0226430528292045,0.23633167147636414,,Dual-scheme numbering failed: ANARCI non-gap residue count mismatch (got=126; expected=224)
Reozalimab,H1L1,50_four_arm,D:\InSynBio-AI-Research\Antibody_Engineer_Suite\data\design_rules\igg_like_50_four_arm_igfold_fab\Reozalimab_H1L1.pdb,1,8.45,-0.222,49.6,4.2,0.778,3.0,0,2,2,instability_high (49.6); hydro_patch_high (0.78),PASS,89.09465869079254,4985,4.08666664819309,0.0859941765666008,,Dual-scheme numbering failed: ANARCI non-gap residue count mismatch (got=120; expected=218)
Reozalimab,H1L2,50_four_arm,D:\InSynBio-AI-Research\Antibody_Engineer_Suite\data\design_rules\igg_like_50_four_arm_igfold_fab\Reozalimab_H1L2.pdb,1,8.02,-0.248,48.6,2.1,0.778,4.0,0,3,3,instability_high (48.6); hydro_patch_high (0.78),PASS,31.795392272696137,3842,4.0387327421441555,0.22302883863449097,,Dual-scheme numbering failed: ANARCI non-gap residue count mismatch (got=120; expected=218)
Reozalimab,H2L1,50_four_arm,D:\InSynBio-AI-Research\Antibody_Engineer_Suite\data\design_rules\igg_like_50_four_arm_igfold_fab\Reozalimab_H2L1.pdb,1,8.79,-0.246,51.6,7.1,0.778,3.0,0,2,2,pI_out_of_range (8.79); instability_high (51.6); hydro_patch_high (0.78),PASS,34.00173214236562,4913,4.050866449376305,0.05426834151148796,,Dual-scheme numbering failed: ANARCI non-gap residue count mismatch (got=123; expected=221)
Reozalimab,H2L2,50_four_arm,D:\InSynBio-AI-Research\Antibody_Engineer_Suite\data\design_rules\igg_like_50_four_arm_igfold_fab\Reozalimab_H2L2.pdb,1,8.57,-0.272,50.7,5.0,0.778,4.0,0,3,3,pI_out_of_range (8.57); instability_high (50.7); hydro_patch_high (0.78),PASS,42.625862339893494,4462,4.010957716715875,0.10192640125751495,,Dual-scheme numbering failed: ANARCI non-gap residue count mismatch (got=123; expected=221)
Rilvegostomig,H1L1,50_four_arm,D:\InSynBio-AI-Research\Antibody_Engineer_Suite\data\design_rules\igg_like_50_four_arm_igfold_fab\Rilvegostomig_H1L1.pdb,1,8.69,-0.305,46.6,6.4,0.778,3.0,1,5,3,pI_out_of_range (8.69); instability_high (46.6); hydro_patch_high (0.78),PASS,29.704582088900104,3668,4.077019214279907,0.13709138333797455,,Dual-scheme numbering failed: ANARCI non-gap residue count mismatch (got=122; expected=220)
Rilvegostomig,H1L2,50_four_arm,D:\InSynBio-AI-Research\Antibody_Engineer_Suite\data\design_rules\igg_like_50_four_arm_igfold_fab\Rilvegostomig_H1L2.pdb,1,8.29,-0.288,52.0,3.2,0.778,4.0,0,5,3,instability_high (52.0); hydro_patch_high (0.78),PASS,36.10504949794753,4344,4.025092915735729,0.14378120005130768,,Dual-scheme numbering failed: ANARCI non-gap residue count mismatch (got=122; expected=220)
Rilvegostomig,H2L1,50_four_arm,D:\InSynBio-AI-Research\Antibody_Engineer_Suite\data\design_rules\igg_like_50_four_arm_igfold_fab\Rilvegostomig_H2L1.pdb,1,8.88,-0.276,47.9,8.4,0.778,3.0,1,4,3,pI_out_of_range (8.88); instability_high (47.9); hydro_patch_high (0.78),PASS,30.898676486081246,2952,4.062892367479763,0.1580316424369812,,Dual-scheme numbering failed: ANARCI non-gap residue count mismatch (got=121; expected=219)
Rilvegostomig,H2L2,50_four_arm,D:\InSynBio-AI-Research\Antibody_Engineer_Suite\data\design_rules\igg_like_50_four_arm_igfold_fab\Rilvegostomig_H2L2.pdb,1,8.6,-0.26,53.4,5.2,0.778,4.0,0,4,3,pI_out_of_range (8.60); instability_high (53.4); hydro_patch_high (0.78),PASS,19.786890203470357,4390,4.060896436915222,0.16247454285621643,,Dual-scheme numbering failed: ANARCI non-gap residue count mismatch (got=121; expected=219)
Romilkimab,H1L1,50_four_arm,D:\InSynBio-AI-Research\Antibody_Engineer_Suite\data\design_rules\igg_like_50_four_arm_igfold_fab\Romilkimab_H1L1.pdb,1,6.28,-0.285,48.9,-1.8,0.778,3.0,1,2,8,instability_high (48.9); hydro_patch_high (0.78),PASS,10.950083930882691,4500,4.066751291301008,0.22388175129890442,,Dual-scheme numbering failed: ANARCI non-gap residue count mismatch (got=118; expected=216)
Romilkimab,H1L2,50_four_arm,D:\InSynBio-AI-Research\Antibody_Engineer_Suite\data\design_rules\igg_like_50_four_arm_igfold_fab\Romilkimab_H1L2.pdb,1,7.2,-0.225,45.9,0.4,0.778,3.0,0,2,6,instability_high (45.9); hydro_patch_high (0.78),PASS,67.17657103289793,4716,4.102666872189204,0.18067941069602966,,Dual-scheme numbering failed: ANARCI non-gap residue count mismatch (got=118; expected=216)
Romilkimab,H2L1,50_four_arm,D:\InSynBio-AI-Research\Antibody_Engineer_Suite\data\design_rules\igg_like_50_four_arm_igfold_fab\Romilkimab_H2L1.pdb,1,7.12,-0.356,52.5,0.2,0.778,3.0,1,2,7,instability_high (52.5); hydro_patch_high (0.78),PASS,37.86631860218876,6677,4.027634445878579,0.12878619134426117,,Dual-scheme numbering failed: ANARCI non-gap residue count mismatch (got=123; expected=221)
Romilkimab,H2L2,50_four_arm,D:\InSynBio-AI-Research\Antibody_Engineer_Suite\data\design_rules\igg_like_50_four_arm_igfold_fab\Romilkimab_H2L2.pdb,1,8.02,-0.297,49.6,2.4,0.778,3.0,0,2,5,instability_high (49.6); hydro_patch_high (0.78),PASS,40.89694594315608,6182,4.038773539472801,0.0770062804222107,,Dual-scheme numbering failed: ANARCI non-gap residue count mismatch (got=123; expected=221)
Sabestomig,H1L1,50_four_arm,D:\InSynBio-AI-Research\Antibody_Engineer_Suite\data\design_rules\igg_like_50_four_arm_igfold_fab\Sabestomig_H1L1.pdb,1,8.69,-0.305,46.6,6.4,0.778,3.0,1,5,3,pI_out_of_range (8.69); instability_high (46.6); hydro_patch_high (0.78),PASS,29.704582088900104,3668,4.077019214279907,0.13709138333797455,,Dual-scheme numbering failed: ANARCI non-gap residue count mismatch (got=122; expected=220)
Sabestomig,H1L2,50_four_arm,D:\InSynBio-AI-Research\Antibody_Engineer_Suite\data\design_rules\igg_like_50_four_arm_igfold_fab\Sabestomig_H1L2.pdb,1,8.27,-0.301,46.9,3.4,0.778,4.0,2,6,4,instability_high (46.9); hydro_patch_high (0.78),PASS,30.02659115435005,4725,4.0419658289410085,0.2268083542585373,,Dual-scheme numbering failed: ANARCI non-gap residue count mismatch (got=122; expected=220)
Sabestomig,H2L1,50_four_arm,D:\InSynBio-AI-Research\Antibody_Engineer_Suite\data\design_rules\igg_like_50_four_arm_igfold_fab\Sabestomig_H2L1.pdb,1,8.79,-0.289,44.6,7.3,0.778,3.0,1,4,3,pI_out_of_range (8.79); instability_high (44.6); hydro_patch_high (0.78),PASS,27.69204077163684,3199,4.0457545257914225,0.14083659648895264,,Dual-scheme numbering failed: ANARCI non-gap residue count mismatch (got=122; expected=220)
Sabestomig,H2L2,50_four_arm,D:\InSynBio-AI-Research\Antibody_Engineer_Suite\data\design_rules\igg_like_50_four_arm_igfold_fab\Sabestomig_H2L2.pdb,1,8.44,-0.286,44.9,4.3,0.778,4.0,2,5,4,instability_high (44.9); hydro_patch_high (0.78),PASS,23.643135464001748,4736,4.0985535468493355,0.1772511750459671,,Dual-scheme numbering failed: ANARCI non-gap residue count mismatch (got=122; expected=220)
Spevatamig,H1L1,50_four_arm,D:\InSynBio-AI-Research\Antibody_Engineer_Suite\data\design_rules\igg_like_50_four_arm_igfold_fab\Spevatamig_H1L1.pdb,1,8.02,-0.307,47.8,2.4,0.778,3.0,0,2,3,instability_high (47.8); hydro_patch_high (0.78),PASS,81.4846813749701,4474,4.077666104289646,0.2221936732530594,,Dual-scheme numbering failed: ANARCI non-gap residue count mismatch (got=114; expected=212)
Spevatamig,H1L2,50_four_arm,D:\InSynBio-AI-Research\Antibody_Engineer_Suite\data\design_rules\igg_like_50_four_arm_igfold_fab\Spevatamig_H1L2.pdb,1,8.25,-0.323,44.7,3.2,0.778,3.0,1,3,3,instability_high (44.7); hydro_patch_high (0.78),PASS,19.772320064723406,4076,4.057527968191007,0.19588042795658112,,Dual-scheme numbering failed: ANARCI non-gap residue count mismatch (got=114; expected=212)
Spevatamig,H2L1,50_four_arm,D:\InSynBio-AI-Research\Antibody_Engineer_Suite\data\design_rules\igg_like_50_four_arm_igfold_fab\Spevatamig_H2L1.pdb,1,8.7,-0.253,47.6,6.4,0.778,3.0,0,5,3,pI_out_of_range (8.70); instability_high (47.6); hydro_patch_high (0.78),PASS,71.81546227791951,4743,4.082055524531991,0.20059187710285187,,Dual-scheme numbering failed: ANARCI non-gap residue count mismatch (got=119; expected=217)
Spevatamig,H2L2,50_four_arm,D:\InSynBio-AI-Research\Antibody_Engineer_Suite\data\design_rules\igg_like_50_four_arm_igfold_fab\Spevatamig_H2L2.pdb,1,8.78,-0.27,44.5,7.2,0.778,3.0,1,6,3,pI_out_of_range (8.78); instability_high (44.5); hydro_patch_high (0.78),PASS,11.449760041317138,4185,4.075186666732347,0.19948673248291016,,Dual-scheme numbering failed: ANARCI non-gap residue count mismatch (got=119; expected=217)
Sutacimig,H1L1,50_four_arm,D:\InSynBio-AI-Research\Antibody_Engineer_Suite\data\design_rules\igg_like_50_four_arm_igfold_fab\Sutacimig_H1L1.pdb,1,8.69,-0.277,40.9,6.2,0.778,3.0,0,4,3,pI_out_of_range (8.69); instability_high (40.9); hydro_patch_high (0.78),PASS,60.32448988937711,3681,4.0918471365858045,0.2160417139530182,,Dual-scheme numbering failed: ANARCI non-gap residue count mismatch (got=122; expected=220)
Sutacimig,H1L2,50_four_arm,D:\InSynBio-AI-Research\Antibody_Engineer_Suite\data\design_rules\igg_like_50_four_arm_igfold_fab\Sutacimig_H1L2.pdb,1,9.1,-0.302,43.2,11.3,0.778,3.0,0,3,3,pI_out_of_range (9.10); instability_high (43.2); hydro_patch_high (0.78),PASS,5.725075075553885,4660,4.030062411384938,0.04315194860100746,,Dual-scheme numbering failed: ANARCI non-gap residue count mismatch (got=122; expected=220)
Sutacimig,H2L1,50_four_arm,D:\InSynBio-AI-Research\Antibody_Engineer_Suite\data\design_rules\igg_like_50_four_arm_igfold_fab\Sutacimig_H2L1.pdb,1,8.47,-0.227,45.2,4.3,0.778,3.0,0,4,3,instability_high (45.2); hydro_patch_high (0.78),PASS,87.32771311699523,4578,4.039874596698529,0.1499166190624237,,Dual-scheme numbering failed: ANARCI non-gap residue count mismatch (got=114; expected=212)
Sutacimig,H2L2,50_four_arm,D:\InSynBio-AI-Research\Antibody_Engineer_Suite\data\design_rules\igg_like_50_four_arm_igfold_fab\Sutacimig_H2L2.pdb,1,9.0,-0.253,47.6,9.4,0.778,3.0,0,3,3,pI_out_of_range (9.00); instability_high (47.6); hydro_patch_high (0.78),PASS,6.2699487089347645,4461,4.071937097948825,0.1431010663509369,,Dual-scheme numbering failed: ANARCI non-gap residue count mismatch (got=114; expected=212)
Talquetamab,H1L1,50_four_arm,D:\InSynBio-AI-Research\Antibody_Engineer_Suite\data\design_rules\igg_like_50_four_arm_igfold_fab\Talquetamab_H1L1.pdb,1,9.06,-0.358,41.9,11.1,0.778,3.0,0,3,2,pI_out_of_range (9.06); instability_high (41.9); hydro_patch_high (0.78),PASS,73.76024295964866,5867,4.059303506131592,0.1372513324022293,,Dual-scheme numbering failed: ANARCI non-gap residue count mismatch (got=118; expected=216)
Talquetamab,H1L2,50_four_arm,D:\InSynBio-AI-Research\Antibody_Engineer_Suite\data\design_rules\igg_like_50_four_arm_igfold_fab\Talquetamab_H1L2.pdb,1,8.97,-0.247,42.3,9.0,0.778,4.0,0,3,2,pI_out_of_range (8.97); instability_high (42.3); hydro_patch_high (0.78),PASS,28.524973169444618,3963,4.04693916063539,0.09233087301254272,,Dual-scheme numbering failed: ANARCI non-gap residue count mismatch (got=118; expected=216)
Talquetamab,H2L1,50_four_arm,D:\InSynBio-AI-Research\Antibody_Engineer_Suite\data\design_rules\igg_like_50_four_arm_igfold_fab\Talquetamab_H2L1.pdb,1,9.17,-0.362,43.8,13.3,0.778,3.0,0,5,3,pI_out_of_range (9.17); instability_high (43.8); hydro_patch_high (0.78),PASS,36.92220203482612,3653,4.0391471353623345,0.2483104020357132,,Dual-scheme numbering failed: ANARCI non-gap residue count mismatch (got=125; expected=223)
Talquetamab,H2L2,50_four_arm,D:\InSynBio-AI-Research\Antibody_Engineer_Suite\data\design_rules\igg_like_50_four_arm_igfold_fab\Talquetamab_H2L2.pdb,1,9.1,-0.253,44.1,11.2,0.778,4.0,0,5,3,pI_out_of_range (9.10); instability_high (44.1); hydro_patch_high (0.78),PASS,89.40135650803744,4006,4.08033583131327,0.16100309789180756,,Dual-scheme numbering failed: ANARCI non-gap residue count mismatch (got=125; expected=223)
Tecaginlimab,H1L1,50_four_arm,D:\InSynBio-AI-Research\Antibody_Engineer_Suite\data\design_rules\igg_like_50_four_arm_igfold_fab\Tecaginlimab_H1L1.pdb,1,8.66,-0.348,45.6,6.3,0.778,3.0,1,3,2,pI_out_of_range (8.66); instability_high (45.6); hydro_patch_high (0.78),PASS,44.06287477598472,4142,4.068359622421969,0.08254672586917877,,Dual-scheme numbering failed: ANARCI non-gap residue count mismatch (got=122; expected=220)
Tecaginlimab,H1L2,50_four_arm,D:\InSynBio-AI-Research\Antibody_Engineer_Suite\data\design_rules\igg_like_50_four_arm_igfold_fab\Tecaginlimab_H1L2.pdb,1,8.42,-0.284,48.8,4.3,0.778,3.0,0,3,2,instability_high (48.8); hydro_patch_high (0.78),PASS,80.5589481245628,6133,4.049847122052748,0.0746723935008049,,Dual-scheme numbering failed: ANARCI non-gap residue count mismatch (got=122; expected=220)
Tecaginlimab,H2L1,50_four_arm,D:\InSynBio-AI-Research\Antibody_Engineer_Suite\data\design_rules\igg_like_50_four_arm_igfold_fab\Tecaginlimab_H2L1.pdb,1,8.43,-0.244,46.7,4.2,0.778,3.0,1,3,3,instability_high (46.7); hydro_patch_high (0.78),PASS,57.95714022450229,5124,4.016363982682157,0.18227988481521606,,Dual-scheme numbering failed: ANARCI non-gap residue count mismatch (got=117; expected=215)
Tecaginlimab,H2L2,50_four_arm,D:\InSynBio-AI-Research\Antibody_Engineer_Suite\data\design_rules\igg_like_50_four_arm_igfold_fab\Tecaginlimab_H2L2.pdb,1,8.03,-0.18,50.0,2.2,0.778,3.0,0,3,3,instability_high (50.0); hydro_patch_high (0.78),PASS,52.37905585654034,5043,4.047644518862441,0.17057839035987854,,Dual-scheme numbering failed: ANARCI non-gap residue count mismatch (got=117; expected=215)
Teclistamab,H1L1,50_four_arm,D:\InSynBio-AI-Research\Antibody_Engineer_Suite\data\design_rules\igg_like_50_four_arm_igfold_fab\Teclistamab_H1L1.pdb,1,7.65,-0.21,42.8,1.3,0.778,3.0,1,3,5,instability_high (42.8); hydro_patch_high (0.78),PASS,18.856837306221745,4910,4.062079769487371,0.16323256492614746,,Dual-scheme numbering failed: ANARCI non-gap residue count mismatch (got=121; expected=219)
Teclistamab,H1L2,50_four_arm,D:\InSynBio-AI-Research\Antibody_Engineer_Suite\data\design_rules\igg_like_50_four_arm_igfold_fab\Teclistamab_H1L2.pdb,1,8.8,-0.185,42.5,7.1,0.778,4.0,0,2,3,pI_out_of_range (8.80); instability_high (42.5); hydro_patch_high (0.78),PASS,50.377727322452316,3119,4.124843206431055,0.03698612377047539,,Dual-scheme numbering failed: ANARCI non-gap residue count mismatch (got=121; expected=219)
Teclistamab,H2L1,50_four_arm,D:\InSynBio-AI-Research\Antibody_Engineer_Suite\data\design_rules\igg_like_50_four_arm_igfold_fab\Teclistamab_H2L1.pdb,1,8.58,-0.278,44.3,5.4,0.778,3.0,1,6,5,pI_out_of_range (8.58); instability_high (44.3); hydro_patch_high (0.78),PASS,22.125969348886358,4063,4.070533004994249,0.06670816987752914,,Dual-scheme numbering failed: ANARCI non-gap residue count mismatch (got=125; expected=223)
Teclistamab,H2L2,50_four_arm,D:\InSynBio-AI-Research\Antibody_Engineer_Suite\data\design_rules\igg_like_50_four_arm_igfold_fab\Teclistamab_H2L2.pdb,1,9.1,-0.253,44.1,11.2,0.778,4.0,0,5,3,pI_out_of_range (9.10); instability_high (44.1); hydro_patch_high (0.78),PASS,89.40135650803744,4006,4.08033583131327,0.16100309789180756,,Dual-scheme numbering failed: ANARCI non-gap residue count mismatch (got=125; expected=223)
Tilatamig,H1L1,50_four_arm,D:\InSynBio-AI-Research\Antibody_Engineer_Suite\data\design_rules\igg_like_50_four_arm_igfold_fab\Tilatamig_H1L1.pdb,1,8.86,-0.345,42.8,8.3,0.778,3.0,0,3,2,pI_out_of_range (8.86); instability_high (42.8); hydro_patch_high (0.78),PASS,87.08508481064982,4766,4.051355322097519,0.10577762871980667,,Dual-scheme numbering failed: ANARCI non-gap residue count mismatch (got=116; expected=214)
Tilatamig,H1L2,50_four_arm,D:\InSynBio-AI-Research\Antibody_Engineer_Suite\data\design_rules\igg_like_50_four_arm_igfold_fab\Tilatamig_H1L2.pdb,1,8.57,-0.368,44.6,5.3,0.778,4.0,0,3,2,pI_out_of_range (8.57); instability_high (44.6); hydro_patch_high (0.78),PASS,60.937436569709035,3350,4.092186449035321,0.09468935430049896,,Dual-scheme numbering failed: ANARCI non-gap residue count mismatch (got=116; expected=214)
Tilatamig,H2L1,50_four_arm,D:\InSynBio-AI-Research\Antibody_Engineer_Suite\data\design_rules\igg_like_50_four_arm_igfold_fab\Tilatamig_H2L1.pdb,1,8.88,-0.25,46.9,8.1,0.889,3.0,0,2,2,pI_out_of_range (8.88); instability_high (46.9); hydro_patch_high (0.89),PASS,30.267431068169802,5064,4.078179828957886,0.15048561990261078,,Dual-scheme numbering failed: ANARCI non-gap residue count mismatch (got=124; expected=222)
Tilatamig,H2L2,50_four_arm,D:\InSynBio-AI-Research\Antibody_Engineer_Suite\data\design_rules\igg_like_50_four_arm_igfold_fab\Tilatamig_H2L2.pdb,1,8.58,-0.273,48.7,5.1,0.889,4.0,0,2,2,pI_out_of_range (8.58); instability_high (48.7); hydro_patch_high (0.89),PASS,30.333669170506344,4159,3.98318344534557,0.14390937983989716,,Dual-scheme numbering failed: ANARCI non-gap residue count mismatch (got=124; expected=222)
Tilrekimig1,H1L1,50_four_arm,D:\InSynBio-AI-Research\Antibody_Engineer_Suite\data\design_rules\igg_like_50_four_arm_igfold_fab\Tilrekimig1_H1L1.pdb,1,7.69,-0.287,47.2,1.3,0.778,3.0,0,4,3,instability_high (47.2); hydro_patch_high (0.78),PASS,12.749315960239974,4129,4.061087398950238,0.13871604204177856,,Dual-scheme numbering failed: ANARCI non-gap residue count mismatch (got=118; expected=216)
Tilrekimig1,H1L2,50_four_arm,D:\InSynBio-AI-Research\Antibody_Engineer_Suite\data\design_rules\igg_like_50_four_arm_igfold_fab\Tilrekimig1_H1L2.pdb,1,7.08,-0.316,51.7,0.1,0.778,4.0,0,4,4,instability_high (51.7); hydro_patch_high (0.78),PASS,20.278323020104676,4145,4.073494944553388,0.16769608855247498,,Dual-scheme numbering failed: ANARCI non-gap residue count mismatch (got=118; expected=216)
Tilrekimig1,H2L1,50_four_arm,D:\InSynBio-AI-Research\Antibody_Engineer_Suite\data\design_rules\igg_like_50_four_arm_igfold_fab\Tilrekimig1_H2L1.pdb,1,7.7,-0.348,44.1,1.4,0.778,3.0,2,2,2,instability_high (44.1); hydro_patch_high (0.78),PASS,13.183552305289341,4811,4.05427140763592,0.10135100036859512,,Dual-scheme numbering failed: ANARCI non-gap residue count mismatch (got=121; expected=219)
Tilrekimig1,H2L2,50_four_arm,D:\InSynBio-AI-Research\Antibody_Engineer_Suite\data\design_rules\igg_like_50_four_arm_igfold_fab\Tilrekimig1_H2L2.pdb,1,7.13,-0.376,48.5,0.2,0.778,4.0,2,2,3,instability_high (48.5); hydro_patch_high (0.78),PASS,38.82265800458666,5069,4.023249063945379,0.17671722173690796,,Dual-scheme numbering failed: ANARCI non-gap residue count mismatch (got=121; expected=219)
Tobemstomig,Arm1,50_four_arm,D:\InSynBio-AI-Research\Antibody_Engineer_Suite\data\design_rules\igg_like_50_four_arm_igfold_fab\Tobemstomig_Arm1.pdb,1,6.61,-0.243,44.8,-0.8,0.778,3.0,0,5,5,instability_high (44.8); hydro_patch_high (0.78),PASS,25.273619074201193,4622,4.069567068922986,0.19171042740345,,Dual-scheme numbering failed: ANARCI non-gap residue count mismatch (got=120; expected=218)
Tobemstomig,Arm2_cross,50_four_arm,D:\InSynBio-AI-Research\Antibody_Engineer_Suite\data\design_rules\igg_like_50_four_arm_igfold_fab\Tobemstomig_Arm2_cross.pdb,1,7.67,-0.25,46.5,1.1,0.778,3.0,0,3,4,instability_high (46.5); hydro_patch_high (0.78),PASS,,,,,,
Trontinemab,Arm1,50_four_arm,D:\InSynBio-AI-Research\Antibody_Engineer_Suite\data\design_rules\igg_like_50_four_arm_igfold_fab\Trontinemab_Arm1.pdb,1,8.96,-0.244,47.6,9.1,0.778,3.0,0,4,3,pI_out_of_range (8.96); instability_high (47.6); hydro_patch_high (0.78),PASS,18.086455790389387,4267,4.024749126000741,0.21259838342666626,,Dual-scheme numbering failed: ANARCI non-gap residue count mismatch (got=126; expected=224)
Trontinemab,Arm2_cross,50_four_arm,D:\InSynBio-AI-Research\Antibody_Engineer_Suite\data\design_rules\igg_like_50_four_arm_igfold_fab\Trontinemab_Arm2_cross.pdb,1,8.87,-0.254,44.6,8.1,0.778,3.0,0,2,2,pI_out_of_range (8.87); instability_high (44.6); hydro_patch_high (0.78),PASS,,,,,,
Vanucizumab,H1L1,50_four_arm,D:\InSynBio-AI-Research\Antibody_Engineer_Suite\data\design_rules\igg_like_50_four_arm_igfold_fab\Vanucizumab_H1L1.pdb,1,8.25,-0.386,47.6,3.3,0.778,4.0,1,4,5,instability_high (47.6); hydro_patch_high (0.78),PASS,69.56176720037608,4029,4.047214456138516,0.16917750239372253,,Dual-scheme numbering failed: ANARCI non-gap residue count mismatch (got=129; expected=227)
Vanucizumab,H1L2,50_four_arm,D:\InSynBio-AI-Research\Antibody_Engineer_Suite\data\design_rules\igg_like_50_four_arm_igfold_fab\Vanucizumab_H1L2.pdb,1,8.66,-0.352,47.9,6.2,0.778,3.0,1,3,3,pI_out_of_range (8.66); instability_high (47.9); hydro_patch_high (0.78),PASS,24.18442876761237,4125,4.005961865798842,0.09533576667308807,,Dual-scheme numbering failed: ANARCI non-gap residue count mismatch (got=129; expected=227)
Vanucizumab,H2L1,50_four_arm,D:\InSynBio-AI-Research\Antibody_Engineer_Suite\data\design_rules\igg_like_50_four_arm_igfold_fab\Vanucizumab_H2L1.pdb,1,7.22,-0.337,44.0,0.5,0.778,4.0,1,4,4,instability_high (44.0); hydro_patch_high (0.78),PASS,28.478600061929846,4521,4.038645706040019,0.1291743516921997,,Dual-scheme numbering failed: ANARCI non-gap residue count mismatch (got=123; expected=221)
Vanucizumab,H2L2,50_four_arm,D:\InSynBio-AI-Research\Antibody_Engineer_Suite\data\design_rules\igg_like_50_four_arm_igfold_fab\Vanucizumab_H2L2.pdb,1,8.26,-0.303,44.4,3.4,0.778,3.0,1,3,2,instability_high (44.4); hydro_patch_high (0.78),PASS,61.321752958308615,3408,4.057003824331223,0.18710961937904358,,Dual-scheme numbering failed: ANARCI non-gap residue count mismatch (got=123; expected=221)
Vixtimotamab,H1L1,50_four_arm,D:\InSynBio-AI-Research\Antibody_Engineer_Suite\data\design_rules\igg_like_50_four_arm_igfold_fab\Vixtimotamab_H1L1.pdb,1,8.96,-0.309,43.9,9.0,0.778,3.0,0,3,2,pI_out_of_range (8.96); instability_high (43.9); hydro_patch_high (0.78),PASS,27.551033871874385,4605,4.006847126136417,0.18790152668952942,,Dual-scheme numbering failed: ANARCI non-gap residue count mismatch (got=122; expected=220)
Vixtimotamab,H1L2,50_four_arm,D:\InSynBio-AI-Research\Antibody_Engineer_Suite\data\design_rules\igg_like_50_four_arm_igfold_fab\Vixtimotamab_H1L2.pdb,1,8.46,-0.332,43.1,4.0,0.778,4.0,0,3,3,instability_high (43.1); hydro_patch_high (0.78),PASS,29.97888043938813,4079,4.05865287078042,0.10277630388736725,,Dual-scheme numbering failed: ANARCI non-gap residue count mismatch (got=122; expected=220)
Vixtimotamab,H2L1,50_four_arm,D:\InSynBio-AI-Research\Antibody_Engineer_Suite\data\design_rules\igg_like_50_four_arm_igfold_fab\Vixtimotamab_H2L1.pdb,1,9.07,-0.293,46.1,11.2,0.778,3.0,0,5,4,pI_out_of_range (9.07); instability_high (46.1); hydro_patch_high (0.78),PASS,25.40945173820828,5068,4.049957969530621,0.114756278693676,,Dual-scheme numbering failed: ANARCI non-gap residue count mismatch (got=125; expected=223)
Vixtimotamab,H2L2,50_four_arm,D:\InSynBio-AI-Research\Antibody_Engineer_Suite\data\design_rules\igg_like_50_four_arm_igfold_fab\Vixtimotamab_H2L2.pdb,1,8.69,-0.316,45.2,6.2,0.778,4.0,0,5,5,pI_out_of_range (8.69); instability_high (45.2); hydro_patch_high (0.78),PASS,58.778586518551265,4179,4.045256876338463,0.1410178393125534,,Dual-scheme numbering failed: ANARCI non-gap residue count mismatch (got=125; expected=223)
Volrustomig,H1L1,50_four_arm,D:\InSynBio-AI-Research\Antibody_Engineer_Suite\data\design_rules\igg_like_50_four_arm_igfold_fab\Volrustomig_H1L1.pdb,1,8.76,-0.305,50.1,7.1,0.778,3.0,2,5,4,pI_out_of_range (8.76); instability_high (50.1); hydro_patch_high (0.78),PASS,20.468187147917405,4123,4.036740630207534,0.1051952987909317,,Dual-scheme numbering failed: ANARCI non-gap residue count mismatch (got=125; expected=223)
Volrustomig,H1L2,50_four_arm,D:\InSynBio-AI-Research\Antibody_Engineer_Suite\data\design_rules\igg_like_50_four_arm_igfold_fab\Volrustomig_H1L2.pdb,1,8.94,-0.318,46.5,9.3,0.778,3.0,3,4,4,pI_out_of_range (8.94); instability_high (46.5); hydro_patch_high (0.78),PASS,84.35733600422212,3247,4.097229437333873,0.2822197377681732,,Dual-scheme numbering failed: ANARCI non-gap residue count mismatch (got=125; expected=223)
Volrustomig,H2L1,50_four_arm,D:\InSynBio-AI-Research\Antibody_Engineer_Suite\data\design_rules\igg_like_50_four_arm_igfold_fab\Volrustomig_H2L1.pdb,1,8.43,-0.292,50.2,4.2,0.778,3.0,0,6,3,instability_high (50.2); hydro_patch_high (0.78),PASS,68.01073678775847,4861,4.097511454581006,0.09883816540241241,,Dual-scheme numbering failed: ANARCI non-gap residue count mismatch (got=122; expected=220)
Volrustomig,H2L2,50_four_arm,D:\InSynBio-AI-Research\Antibody_Engineer_Suite\data\design_rules\igg_like_50_four_arm_igfold_fab\Volrustomig_H2L2.pdb,1,8.69,-0.305,46.6,6.4,0.778,3.0,1,5,3,pI_out_of_range (8.69); instability_high (46.6); hydro_patch_high (0.78),PASS,29.704582088900104,3668,4.077019214279907,0.13709138333797455,,Dual-scheme numbering failed: ANARCI non-gap residue count mismatch (got=122; expected=220)
Voxalatamab,H1L1,50_four_arm,D:\InSynBio-AI-Research\Antibody_Engineer_Suite\data\design_rules\igg_like_50_four_arm_igfold_fab\Voxalatamab_H1L1.pdb,1,7.68,-0.299,48.2,1.2,0.778,3.0,0,4,5,instability_high (48.2); hydro_patch_high (0.78),PASS,31.090039815815274,4316,4.029104994928706,0.1258690059185028,,Dual-scheme numbering failed: ANARCI non-gap residue count mismatch (got=124; expected=222)
Voxalatamab,H1L2,50_four_arm,D:\InSynBio-AI-Research\Antibody_Engineer_Suite\data\design_rules\igg_like_50_four_arm_igfold_fab\Voxalatamab_H1L2.pdb,1,8.28,-0.262,45.8,3.2,0.778,4.0,0,4,5,instability_high (45.8); hydro_patch_high (0.78),PASS,29.907679848701015,3913,4.095455136342655,0.08952093869447708,,Dual-scheme numbering failed: ANARCI non-gap residue count mismatch (got=124; expected=222)
Voxalatamab,H2L1,50_four_arm,D:\InSynBio-AI-Research\Antibody_Engineer_Suite\data\design_rules\igg_like_50_four_arm_igfold_fab\Voxalatamab_H2L1.pdb,1,8.96,-0.29,46.5,9.2,0.778,3.0,0,5,3,pI_out_of_range (8.96); instability_high (46.5); hydro_patch_high (0.78),PASS,39.66149826343452,3056,4.085685190031949,0.18832412362098694,,Dual-scheme numbering failed: ANARCI non-gap residue count mismatch (got=125; expected=223)
Voxalatamab,H2L2,50_four_arm,D:\InSynBio-AI-Research\Antibody_Engineer_Suite\data\design_rules\igg_like_50_four_arm_igfold_fab\Voxalatamab_H2L2.pdb,1,9.1,-0.253,44.1,11.2,0.778,4.0,0,5,3,pI_out_of_range (9.10); instability_high (44.1); hydro_patch_high (0.78),PASS,89.40135650803744,4006,4.08033583131327,0.16100309789180756,,Dual-scheme numbering failed: ANARCI non-gap residue count mismatch (got=125; expected=223)
Zanidatamab,H1L1,50_four_arm,D:\InSynBio-AI-Research\Antibody_Engineer_Suite\data\design_rules\igg_like_50_four_arm_igfold_fab\Zanidatamab_H1L1.pdb,1,8.57,-0.279,43.0,5.1,0.778,3.0,0,4,2,pI_out_of_range (8.57); instability_high (43.0); hydro_patch_high (0.78),PASS,54.611250387104874,5140,4.086281119640814,0.05883854255080223,,Dual-scheme numbering failed: ANARCI non-gap residue count mismatch (got=119; expected=217)
Zanidatamab,H1L2,50_four_arm,D:\InSynBio-AI-Research\Antibody_Engineer_Suite\data\design_rules\igg_like_50_four_arm_igfold_fab\Zanidatamab_H1L2.pdb,1,8.59,-0.297,45.7,5.2,0.778,3.0,0,4,2,pI_out_of_range (8.59); instability_high (45.7); hydro_patch_high (0.78),PASS,43.001557748180566,4696,4.0760784362966485,0.2218894511461258,,Dual-scheme numbering failed: ANARCI non-gap residue count mismatch (got=119; expected=217)
Zanidatamab,H2L1,50_four_arm,D:\InSynBio-AI-Research\Antibody_Engineer_Suite\data\design_rules\igg_like_50_four_arm_igfold_fab\Zanidatamab_H2L1.pdb,1,8.67,-0.285,44.0,6.2,0.778,3.0,0,4,4,pI_out_of_range (8.67); instability_high (44.0); hydro_patch_high (0.78),PASS,58.39556119764604,5050,4.0782454546452485,0.11708931624889374,,Dual-scheme numbering failed: ANARCI non-gap residue count mismatch (got=120; expected=218)
Zanidatamab,H2L2,50_four_arm,D:\InSynBio-AI-Research\Antibody_Engineer_Suite\data\design_rules\igg_like_50_four_arm_igfold_fab\Zanidatamab_H2L2.pdb,1,8.69,-0.304,46.7,6.3,0.778,3.0,0,4,4,pI_out_of_range (8.69); instability_high (46.7); hydro_patch_high (0.78),PASS,85.75883818592392,5087,4.0638145412606,0.2021830976009369,,Dual-scheme numbering failed: ANARCI non-gap residue count mismatch (got=120; expected=218)
Zeripatamig,H1L1,50_four_arm,D:\InSynBio-AI-Research\Antibody_Engineer_Suite\data\design_rules\igg_like_50_four_arm_igfold_fab\Zeripatamig_H1L1.pdb,1,8.95,-0.279,50.6,9.2,0.778,3.0,0,4,3,pI_out_of_range (8.95); instability_high (50.6); hydro_patch_high (0.78),PASS,52.12445120383418,5422,4.06559434920421,0.07258082926273346,,Dual-scheme numbering failed: ANARCI non-gap residue count mismatch (got=116; expected=214)
Zeripatamig,H1L2,50_four_arm,D:\InSynBio-AI-Research\Antibody_Engineer_Suite\data\design_rules\igg_like_50_four_arm_igfold_fab\Zeripatamig_H1L2.pdb,1,7.12,-0.306,50.7,0.2,0.778,4.0,1,5,4,instability_high (50.7); hydro_patch_high (0.78),PASS,22.143321161984584,4223,4.052831280776869,0.18713656067848206,,Dual-scheme numbering failed: ANARCI non-gap residue count mismatch (got=116; expected=214)
Zeripatamig,H2L1,50_four_arm,D:\InSynBio-AI-Research\Antibody_Engineer_Suite\data\design_rules\igg_like_50_four_arm_igfold_fab\Zeripatamig_H2L1.pdb,1,8.95,-0.279,50.6,9.2,0.778,3.0,0,4,3,pI_out_of_range (8.95); instability_high (50.6); hydro_patch_high (0.78),PASS,52.12445120383418,5422,4.06559434920421,0.07258082926273346,,Dual-scheme numbering failed: ANARCI non-gap residue count mismatch (got=116; expected=214)
Zeripatamig,H2L2,50_four_arm,D:\InSynBio-AI-Research\Antibody_Engineer_Suite\data\design_rules\igg_like_50_four_arm_igfold_fab\Zeripatamig_H2L2.pdb,1,7.12,-0.306,50.7,0.2,0.778,4.0,1,5,4,instability_high (50.7); hydro_patch_high (0.78),PASS,22.143321161984584,4223,4.052831280776869,0.18713656067848206,,Dual-scheme numbering failed: ANARCI non-gap residue count mismatch (got=116; expected=214)
Zubotamig,H1L1,50_four_arm,D:\InSynBio-AI-Research\Antibody_Engineer_Suite\data\design_rules\igg_like_50_four_arm_igfold_fab\Zubotamig_H1L1.pdb,1,8.9,-0.297,44.0,8.2,0.778,3.0,0,3,3,pI_out_of_range (8.90); instability_high (44.0); hydro_patch_high (0.78),PASS,29.2720861341783,5280,4.021310625302812,0.11977444589138031,,Dual-scheme numbering failed: ANARCI non-gap residue count mismatch (got=117; expected=215)
Zubotamig,H1L2,50_four_arm,D:\InSynBio-AI-Research\Antibody_Engineer_Suite\data\design_rules\igg_like_50_four_arm_igfold_fab\Zubotamig_H1L2.pdb,1,8.83,-0.161,37.6,7.1,0.778,3.0,0,2,3,pI_out_of_range (8.83); hydro_patch_high (0.78),PASS,38.859373941019854,3355,4.041401070626191,0.16135628521442413,,Dual-scheme numbering failed: ANARCI non-gap residue count mismatch (got=117; expected=215)
Zubotamig,H2L1,50_four_arm,D:\InSynBio-AI-Research\Antibody_Engineer_Suite\data\design_rules\igg_like_50_four_arm_igfold_fab\Zubotamig_H2L1.pdb,1,9.02,-0.348,49.7,10.2,0.778,3.0,0,4,4,pI_out_of_range (9.02); instability_high (49.7); hydro_patch_high (0.78),PASS,38.87038852704207,3891,4.031808208424114,0.2260708510875702,,Dual-scheme numbering failed: ANARCI non-gap residue count mismatch (got=125; expected=223)
Zubotamig,H2L2,50_four_arm,D:\InSynBio-AI-Research\Antibody_Engineer_Suite\data\design_rules\igg_like_50_four_arm_igfold_fab\Zubotamig_H2L2.pdb,1,8.97,-0.214,43.5,9.1,0.778,3.0,0,3,4,pI_out_of_range (8.97); instability_high (43.5); hydro_patch_high (0.78),PASS,66.01526886301313,3669,4.096605241183369,0.0694982260465622,,Dual-scheme numbering failed: ANARCI non-gap residue count mismatch (got=125; expected=223)